Date,ABG
2000/01/04,2785
2000/01/05,2720
2000/01/06,2695
2000/01/07,2790
2000/01/10,2950
2000/01/11,3115
2000/01/12,3125
2000/01/13,3050
2000/01/14,3080
2000/01/17,3150
2000/01/18,3180
2000/01/19,3100
2000/01/20,3100
2000/01/21,3065
2000/01/24,3045
2000/01/25,2930
2000/01/26,2910
2000/01/27,2770
2000/01/28,2600
2000/01/31,2600
2000/02/01,2750
2000/02/02,2790
2000/02/03,2800
2000/02/04,2780
2000/02/07,2900
2000/02/08,2920
2000/02/09,2945
2000/02/10,2800
2000/02/11,2710
2000/02/14,2650
2000/02/15,2630
2000/02/16,2600
2000/02/17,2600
2000/02/18,2525
2000/02/21,2470
2000/02/22,2400
2000/02/23,2500
2000/02/24,2580
2000/02/25,2490
2000/02/28,2370
2000/02/29,2450
2000/03/01,2450
2000/03/02,2385
2000/03/03,2310
2000/03/06,2370
2000/03/07,2500
2000/03/08,2425
2000/03/09,2500
2000/03/10,2400
2000/03/13,2360
2000/03/14,2390
2000/03/15,2375
2000/03/16,2330
2000/03/17,2400
2000/03/20,2420
2000/03/22,2405
2000/03/23,2460
2000/03/24,2550
2000/03/27,2600
2000/03/28,2550
2000/03/29,2560
2000/03/30,2450
2000/03/31,2390
2000/04/03,2395
2000/04/04,2400
2000/04/05,2330
2000/04/06,2350
2000/04/07,2330
2000/04/10,2345
2000/04/11,2295
2000/04/12,2280
2000/04/13,2275
2000/04/14,2245
2000/04/17,2030
2000/04/18,2100
2000/04/19,2195
2000/04/20,2300
2000/04/25,2330
2000/04/26,2430
2000/04/28,2400
2000/05/02,2330
2000/05/03,2300
2000/05/04,2330
2000/05/05,2300
2000/05/08,2260
2000/05/09,2250
2000/05/10,2260
2000/05/11,2320
2000/05/12,2270
2000/05/15,2265
2000/05/16,2260
2000/05/17,2290
2000/05/18,2300
2000/05/19,2255
2000/05/22,2270
2000/05/23,2245
2000/05/24,2180
2000/05/25,2315
2000/05/26,2290
2000/05/29,2410
2000/05/30,2450
2000/05/31,2550
2000/06/01,2600
2000/06/02,2620
2000/06/05,2625
2000/06/06,2635
2000/06/07,2625
2000/06/08,2600
2000/06/09,2700
2000/06/12,2715
2000/06/13,2760
2000/06/14,2795
2000/06/15,2775
2000/06/19,2650
2000/06/20,2710
2000/06/21,2675
2000/06/22,2620
2000/06/23,2560
2000/06/26,2575
2000/06/27,2620
2000/06/28,2595
2000/06/29,2590
2000/06/30,2570
2000/07/03,2530
2000/07/04,2600
2000/07/05,2635
2000/07/06,2590
2000/07/07,2600
2000/07/10,2595
2000/07/11,2600
2000/07/12,2600
2000/07/13,2580
2000/07/14,2575
2000/07/17,2580
2000/07/18,2575
2000/07/19,2575
2000/07/20,2585
2000/07/21,2575
2000/07/24,2505
2000/07/25,2495
2000/07/26,2520
2000/07/27,2520
2000/07/28,2510
2000/07/31,2520
2000/08/01,2590
2000/08/02,2610
2000/08/03,2670
2000/08/04,2670
2000/08/07,2735
2000/08/08,2725
2000/08/10,2730
2000/08/11,2730
2000/08/14,2760
2000/08/15,2755
2000/08/16,2750
2000/08/17,2745
2000/08/18,2800
2000/08/21,2820
2000/08/22,2890
2000/08/23,2880
2000/08/24,2955
2000/08/25,2970
2000/08/28,2960
2000/08/29,2970
2000/08/30,2900
2000/08/31,2880
2000/09/01,2840
2000/09/04,2900
2000/09/05,2880
2000/09/06,2865
2000/09/07,2855
2000/09/08,2870
2000/09/11,2850
2000/09/12,2880
2000/09/13,2965
2000/09/14,3010
2000/09/15,2960
2000/09/18,2880
2000/09/19,2805
2000/09/20,2735
2000/09/21,2755
2000/09/22,2800
2000/09/26,2790
2000/09/27,2780
2000/09/28,2740
2000/09/29,2740
2000/10/02,2730
2000/10/03,2745
2000/10/04,2755
2000/10/05,2760
2000/10/06,2770
2000/10/09,2750
2000/10/10,2650
2000/10/11,2580
2000/10/12,2585
2000/10/13,2600
2000/10/16,2595
2000/10/17,2535
2000/10/18,2450
2000/10/19,2530
2000/10/20,2560
2000/10/23,2490
2000/10/24,2430
2000/10/25,2320
2000/10/26,2300
2000/10/27,2325
2000/10/30,2390
2000/10/31,2570
2000/11/01,2600
2000/11/02,2660
2000/11/03,2615
2000/11/06,2570
2000/11/07,2550
2000/11/08,2570
2000/11/09,2600
2000/11/10,2590
2000/11/13,2485
2000/11/14,2590
2000/11/15,2575
2000/11/16,2445
2000/11/17,2490
2000/11/20,2530
2000/11/21,2575
2000/11/22,2470
2000/11/23,2415
2000/11/24,2430
2000/11/27,2450
2000/11/28,2450
2000/11/29,2490
2000/11/30,2430
2000/12/01,2415
2000/12/04,2430
2000/12/06,2500
2000/12/07,2450
2000/12/08,2455
2000/12/11,2555
2000/12/12,2580
2000/12/13,2600
2000/12/14,2605
2000/12/15,2630
2000/12/18,2640
2000/12/19,2615
2000/12/20,2625
2000/12/21,2600
2000/12/22,2840
2000/12/27,2865
2000/12/28,2850
2000/12/29,2860
2001/01/02,2820
2001/01/03,2780
2001/01/04,2880
2001/01/05,2970
2001/01/08,3010
2001/01/09,3030
2001/01/10,3000
2001/01/11,2980
2001/01/12,2980
2001/01/15,3010
2001/01/16,3040
2001/01/17,3080
2001/01/18,3040
2001/01/19,3070
2001/01/22,3085
2001/01/23,3050
2001/01/24,3180
2001/01/25,3145
2001/01/26,3180
2001/01/29,3290
2001/01/30,3285
2001/01/31,3285
2001/02/01,3210
2001/02/02,3280
2001/02/05,3200
2001/02/06,3225
2001/02/07,3100
2001/02/08,3070
2001/02/09,2950
2001/02/12,3115
2001/02/13,3295
2001/02/14,3270
2001/02/15,3250
2001/02/16,3200
2001/02/19,3280
2001/02/20,3300
2001/02/21,3235
2001/02/22,3190
2001/02/23,3195
2001/02/26,3170
2001/02/27,3140
2001/02/28,3090
2001/03/01,3160
2001/03/02,3185
2001/03/05,3160
2001/03/06,3215
2001/03/07,3240
2001/03/08,3200
2001/03/09,3210
2001/03/12,3210
2001/03/13,3280
2001/03/14,3200
2001/03/15,3180
2001/03/16,3300
2001/03/19,3220
2001/03/20,3200
2001/03/22,3100
2001/03/23,3140
2001/03/26,3200
2001/03/27,3240
2001/03/28,3240
2001/03/29,3250
2001/03/30,3210
2001/04/02,3210
2001/04/03,3160
2001/04/04,3100
2001/04/05,3130
2001/04/06,3095
2001/04/09,3025
2001/04/10,3040
2001/04/11,3065
2001/04/12,3110
2001/04/17,3155
2001/04/18,3310
2001/04/19,3425
2001/04/20,3370
2001/04/23,3410
2001/04/24,3430
2001/04/25,3380
2001/04/26,3320
2001/04/30,3515
2001/05/02,3630
2001/05/03,3600
2001/05/04,3440
2001/05/07,3455
2001/05/08,3330
2001/05/09,3350
2001/05/10,3480
2001/05/11,3440
2001/05/14,3390
2001/05/15,3440
2001/05/16,3365
2001/05/17,3375
2001/05/18,3440
2001/05/21,3315
2001/05/22,3290
2001/05/23,3300
2001/05/24,3310
2001/05/25,3360
2001/05/28,3265
2001/05/29,3315
2001/05/30,3405
2001/05/31,3500
2001/06/01,3450
2001/06/04,3500
2001/06/05,3490
2001/06/06,3515
2001/06/07,3510
2001/06/08,3550
2001/06/11,3525
2001/06/12,3565
2001/06/13,3620
2001/06/14,3575
2001/06/15,3700
2001/06/18,3760
2001/06/19,3780
2001/06/20,3775
2001/06/21,3805
2001/06/22,3820
2001/06/25,3885
2001/06/26,3860
2001/06/27,3850
2001/06/28,3840
2001/06/29,3785
2001/07/02,3820
2001/07/03,3700
2001/07/04,3700
2001/07/05,3765
2001/07/06,3765
2001/07/09,3770
2001/07/10,3860
2001/07/11,3850
2001/07/12,3900
2001/07/13,3850
2001/07/16,3850
2001/07/17,3850
2001/07/18,3900
2001/07/19,3910
2001/07/20,3860
2001/07/23,3835
2001/07/24,3740
2001/07/25,3730
2001/07/26,3740
2001/07/27,3770
2001/07/30,3815
2001/07/31,3900
2001/08/01,3980
2001/08/02,4105
2001/08/03,4100
2001/08/06,4070
2001/08/07,4010
2001/08/08,3995
2001/08/10,4000
2001/08/13,4090
2001/08/14,4120
2001/08/15,4090
2001/08/16,4040
2001/08/17,3975
2001/08/20,3920
2001/08/21,3900
2001/08/22,3865
2001/08/23,3870
2001/08/24,3870
2001/08/27,3965
2001/08/28,3985
2001/08/29,3900
2001/08/30,3890
2001/08/31,3900
2001/09/03,3890
2001/09/04,3890
2001/09/05,3940
2001/09/06,3890
2001/09/07,3875
2001/09/10,3880
2001/09/11,3650
2001/09/12,3525
2001/09/13,3520
2001/09/14,3430
2001/09/17,3325
2001/09/18,3360
2001/09/19,3415
2001/09/20,3360
2001/09/21,3250
2001/09/25,3615
2001/09/26,3650
2001/09/27,3685
2001/09/28,3725
2001/10/01,3700
2001/10/02,3740
2001/10/03,3700
2001/10/04,3710
2001/10/05,3625
2001/10/08,3590
2001/10/09,3600
2001/10/10,3565
2001/10/11,3560
2001/10/12,3510
2001/10/15,3440
2001/10/16,3420
2001/10/17,3440
2001/10/18,3480
2001/10/19,3640
2001/10/22,3590
2001/10/23,3580
2001/10/24,3605
2001/10/25,3570
2001/10/26,3430
2001/10/29,3375
2001/10/30,3350
2001/10/31,3320
2001/11/01,3350
2001/11/02,3390
2001/11/05,3350
2001/11/06,3315
2001/11/07,3305
2001/11/08,3340
2001/11/09,3415
2001/11/12,3515
2001/11/13,3510
2001/11/14,3465
2001/11/15,3400
2001/11/16,3410
2001/11/19,3590
2001/11/20,3550
2001/11/21,3575
2001/11/22,3640
2001/11/23,3760
2001/11/26,3795
2001/11/27,3760
2001/11/28,3720
2001/11/29,3660
2001/11/30,3470
2001/12/03,3480
2001/12/04,3400
2001/12/05,3330
2001/12/06,3190
2001/12/07,3410
2001/12/10,3525
2001/12/11,3500
2001/12/12,3430
2001/12/13,3400
2001/12/14,3420
2001/12/18,3380
2001/12/19,3400
2001/12/20,3400
2001/12/21,3430
2001/12/24,3440
2001/12/27,3485
2001/12/28,3525
2001/12/31,3510
2002/01/02,3515
2002/01/03,3650
2002/01/04,3780
2002/01/07,3855
2002/01/08,3920
2002/01/09,3830
2002/01/10,3860
2002/01/11,3795
2002/01/14,3650
2002/01/15,3050
2002/01/16,2975
2002/01/17,2760
2002/01/18,2875
2002/01/21,2830
2002/01/22,2700
2002/01/23,2770
2002/01/24,2740
2002/01/25,2660
2002/01/28,2700
2002/01/29,2740
2002/01/30,2670
2002/01/31,2615
2002/02/01,2640
2002/02/04,2600
2002/02/05,2550
2002/02/06,2500
2002/02/07,2570
2002/02/08,2625
2002/02/11,2565
2002/02/12,2645
2002/02/13,2680
2002/02/14,2725
2002/02/15,2650
2002/02/18,2690
2002/02/19,2820
2002/02/20,2870
2002/02/21,2860
2002/02/22,2815
2002/02/25,2840
2002/02/26,2895
2002/02/27,2760
2002/02/28,2730
2002/03/01,2815
2002/03/04,2710
2002/03/05,2720
2002/03/06,2760
2002/03/07,2730
2002/03/08,2790
2002/03/11,2700
2002/03/12,2650
2002/03/13,2600
2002/03/14,2605
2002/03/15,2620
2002/03/18,2550
2002/03/19,2550
2002/03/20,2605
2002/03/22,2640
2002/03/25,2630
2002/03/26,2610
2002/03/27,2535
2002/03/28,2530
2002/04/02,2650
2002/04/03,2750
2002/04/04,2920
2002/04/05,2985
2002/04/08,2990
2002/04/09,3000
2002/04/10,3010
2002/04/11,3000
2002/04/12,3000
2002/04/15,3000
2002/04/16,2920
2002/04/17,2940
2002/04/18,3070
2002/04/19,3145
2002/04/22,3225
2002/04/23,3400
2002/04/24,3480
2002/04/25,3450
2002/04/26,3420
2002/04/29,3240
2002/04/30,3100
2002/05/02,3290
2002/05/03,3330
2002/05/06,3435
2002/05/07,3485
2002/05/08,3535
2002/05/09,3435
2002/05/10,3350
2002/05/13,3365
2002/05/14,3440
2002/05/15,3400
2002/05/16,3380
2002/05/17,3400
2002/05/20,3400
2002/05/21,3340
2002/05/22,3300
2002/05/23,3200
2002/05/24,3209
2002/05/27,3101
2002/05/28,3200
2002/05/29,3203
2002/05/30,3220
2002/05/31,3205
2002/06/03,3276
2002/06/04,3373
2002/06/05,3450
2002/06/06,3450
2002/06/07,3350
2002/06/10,3345
2002/06/11,3361
2002/06/12,3322
2002/06/13,3305
2002/06/14,3160
2002/06/18,3185
2002/06/19,3205
2002/06/20,3200
2002/06/21,3190
2002/06/24,3240
2002/06/25,3151
2002/06/26,3100
2002/06/27,3150
2002/06/28,3247
2002/07/01,3155
2002/07/02,3052
2002/07/03,3036
2002/07/04,3075
2002/07/05,3250
2002/07/08,3185
2002/07/09,3150
2002/07/10,3085
2002/07/11,3055
2002/07/12,3020
2002/07/15,3000
2002/07/16,3050
2002/07/17,3120
2002/07/18,3100
2002/07/19,2990
2002/07/22,2965
2002/07/23,3015
2002/07/24,3000
2002/07/25,2995
2002/07/26,2991
2002/07/29,3000
2002/07/30,2950
2002/07/31,2800
2002/08/01,2775
2002/08/02,2700
2002/08/05,2740
2002/08/06,2790
2002/08/07,2790
2002/08/08,2820
2002/08/12,2815
2002/08/13,2850
2002/08/14,2799
2002/08/15,2835
2002/08/16,2815
2002/08/19,2870
2002/08/20,2785
2002/08/21,2748
2002/08/22,2750
2002/08/23,2705
2002/08/26,2680
2002/08/27,2688
2002/08/28,2750
2002/08/29,2738
2002/08/30,2750
2002/09/02,2735
2002/09/03,2705
2002/09/04,2700
2002/09/05,2700
2002/09/06,2700
2002/09/09,2695
2002/09/10,2800
2002/09/11,2970
2002/09/12,2880
2002/09/13,2830
2002/09/16,2910
2002/09/17,2970
2002/09/18,2895
2002/09/19,2800
2002/09/20,2770
2002/09/23,2764
2002/09/25,2840
2002/09/26,2999
2002/09/27,3010
2002/09/30,2970
2002/10/01,2995
2002/10/02,3020
2002/10/03,3000
2002/10/04,3015
2002/10/07,2979
2002/10/08,2980
2002/10/09,2975
2002/10/10,2970
2002/10/11,3000
2002/10/14,2980
2002/10/15,3085
2002/10/16,2965
2002/10/17,3010
2002/10/18,3000
2002/10/21,2980
2002/10/22,3200
2002/10/23,3130
2002/10/24,3200
2002/10/25,3155
2002/10/28,3175
2002/10/29,3100
2002/10/30,3101
2002/10/31,3180
2002/11/01,3320
2002/11/04,3285
2002/11/05,3240
2002/11/06,3295
2002/11/07,3400
2002/11/08,3504
2002/11/11,3520
2002/11/12,3470
2002/11/13,3420
2002/11/14,3500
2002/11/15,3460
2002/11/18,3390
2002/11/19,3320
2002/11/20,3260
2002/11/21,3385
2002/11/22,3380
2002/11/25,3470
2002/11/26,3500
2002/11/27,3562
2002/11/28,3595
2002/11/29,3600
2002/12/02,3590
2002/12/03,3450
2002/12/04,3400
2002/12/05,3395
2002/12/06,3331
2002/12/09,3299
2002/12/10,3265
2002/12/11,3250
2002/12/12,3250
2002/12/13,3260
2002/12/17,3450
2002/12/18,3400
2002/12/19,3275
2002/12/20,3335
2002/12/23,3332
2002/12/24,3330
2002/12/27,3300
2002/12/30,3250
2002/12/31,3160
2003/01/02,3208
2003/01/03,3270
2003/01/06,3335
2003/01/07,3550
2003/01/08,3424
2003/01/09,3390
2003/01/10,3380
2003/01/13,3401
2003/01/14,3471
2003/01/15,3420
2003/01/16,3370
2003/01/17,3360
2003/01/20,3420
2003/01/21,3445
2003/01/22,3395
2003/01/23,3384
2003/01/24,3300
2003/01/27,3250
2003/01/28,3220
2003/01/29,3300
2003/01/30,3270
2003/01/31,3290
2003/02/03,3265
2003/02/04,3300
2003/02/05,3289
2003/02/06,3350
2003/02/07,3350
2003/02/10,3336
2003/02/11,3380
2003/02/12,3400
2003/02/13,3370
2003/02/14,3380
2003/02/17,3405
2003/02/18,3421
2003/02/19,3415
2003/02/20,3400
2003/02/21,3330
2003/02/24,3381
2003/02/25,3310
2003/02/26,3315
2003/02/27,3370
2003/02/28,3340
2003/03/03,3320
2003/03/04,3280
2003/03/05,3140
2003/03/06,3112
2003/03/07,3080
2003/03/10,3060
2003/03/11,3120
2003/03/12,3105
2003/03/13,3100
2003/03/14,3175
2003/03/17,3101
2003/03/18,3180
2003/03/19,3201
2003/03/20,3175
2003/03/24,3101
2003/03/25,3065
2003/03/26,2990
2003/03/27,3015
2003/03/28,2980
2003/03/31,2940
2003/04/01,3000
2003/04/02,3040
2003/04/03,3010
2003/04/04,3020
2003/04/07,3145
2003/04/08,3130
2003/04/09,3097
2003/04/10,3080
2003/04/11,3130
2003/04/14,3170
2003/04/15,3150
2003/04/16,3140
2003/04/17,3140
2003/04/22,3125
2003/04/23,3130
2003/04/24,3123
2003/04/25,3150
2003/04/29,3151
2003/04/30,3190
2003/05/02,3100
2003/05/05,3085
2003/05/06,3160
2003/05/07,3210
2003/05/08,3160
2003/05/09,3220
2003/05/12,3215
2003/05/13,3240
2003/05/14,3300
2003/05/15,3200
2003/05/16,3175
2003/05/19,3200
2003/05/20,3200
2003/05/21,3300
2003/05/22,3295
2003/05/23,3300
2003/05/26,3265
2003/05/27,3290
2003/05/28,3285
2003/05/29,3351
2003/05/30,3449
2003/06/02,3430
2003/06/03,3475
2003/06/04,3600
2003/06/05,3605
2003/06/06,3560
2003/06/09,3580
2003/06/10,3500
2003/06/11,3450
2003/06/12,3400
2003/06/13,3425
2003/06/17,3535
2003/06/18,3599
2003/06/19,3598
2003/06/20,3500
2003/06/23,3350
2003/06/24,3390
2003/06/25,3431
2003/06/26,3448
2003/06/27,3520
2003/06/30,3514
2003/07/01,3475
2003/07/02,3575
2003/07/03,3670
2003/07/04,3659
2003/07/07,3710
2003/07/08,3800
2003/07/09,3736
2003/07/10,3675
2003/07/11,3700
2003/07/14,3750
2003/07/15,3750
2003/07/16,3745
2003/07/17,3600
2003/07/18,3600
2003/07/21,3580
2003/07/22,3649
2003/07/23,3560
2003/07/24,3565
2003/07/25,3600
2003/07/28,3663
2003/07/29,3665
2003/07/30,3665
2003/07/31,3665
2003/08/01,3600
2003/08/04,3620
2003/08/05,3650
2003/08/06,3655
2003/08/07,3670
2003/08/08,3670
2003/08/11,3666
2003/08/12,3686
2003/08/13,3710
2003/08/14,3670
2003/08/15,3550
2003/08/18,3562
2003/08/19,3635
2003/08/20,3655
2003/08/21,3660
2003/08/22,3685
2003/08/25,3640
2003/08/26,3620
2003/08/27,3610
2003/08/28,3575
2003/08/29,3545
2003/09/01,3595
2003/09/02,3550
2003/09/03,3550
2003/09/04,3508
2003/09/05,3440
2003/09/08,3461
2003/09/09,3500
2003/09/10,3490
2003/09/11,3470
2003/09/12,3439
2003/09/15,3439
2003/09/16,3489
2003/09/17,3478
2003/09/18,3435
2003/09/19,3460
2003/09/22,3445
2003/09/23,3435
2003/09/25,3400
2003/09/26,3400
2003/09/29,3441
2003/09/30,3446
2003/10/01,3445
2003/10/02,3520
2003/10/03,3502
2003/10/06,3582
2003/10/07,3560
2003/10/08,3580
2003/10/09,3705
2003/10/10,3810
2003/10/13,3909
2003/10/14,3775
2003/10/15,3810
2003/10/16,3825
2003/10/17,3875
2003/10/20,3846
2003/10/21,3799
2003/10/22,3830
2003/10/23,3830
2003/10/24,3810
2003/10/27,3825
2003/10/28,3850
2003/10/29,3900
2003/10/30,3942
2003/10/31,3985
2003/11/03,3950
2003/11/04,3970
2003/11/05,3950
2003/11/06,3950
2003/11/07,3940
2003/11/10,3950
2003/11/11,3910
2003/11/12,3877
2003/11/13,3850
2003/11/14,3915
2003/11/17,3998
2003/11/18,3995
2003/11/19,4010
2003/11/20,4000
2003/11/21,4020
2003/11/24,4001
2003/11/25,3985
2003/11/26,3990
2003/11/27,3982
2003/11/28,4075
2003/12/01,4150
2003/12/02,4120
2003/12/03,4220
2003/12/04,4280
2003/12/05,4365
2003/12/08,4235
2003/12/09,4252
2003/12/10,4246
2003/12/11,4215
2003/12/12,4180
2003/12/15,4210
2003/12/17,4250
2003/12/18,4185
2003/12/19,4230
2003/12/22,4180
2003/12/23,4200
2003/12/24,4200
2003/12/29,4170
2003/12/30,4160
2003/12/31,4214
2004/01/02,4329
2004/01/05,4360
2004/01/06,4460
2004/01/07,4500
2004/01/08,4400
2004/01/09,4420
2004/01/12,4395
2004/01/13,4325
2004/01/14,4301
2004/01/15,4199
2004/01/16,4170
2004/01/19,4150
2004/01/20,4125
2004/01/21,4110
2004/01/22,4211
2004/01/23,4370
2004/01/26,4320
2004/01/27,4300
2004/01/28,4340
2004/01/29,4380
2004/01/30,4430
2004/02/02,4515
2004/02/03,4540
2004/02/04,4485
2004/02/05,4460
2004/02/06,4510
2004/02/09,4549
2004/02/10,4600
2004/02/11,4520
2004/02/12,4540
2004/02/13,4510
2004/02/16,4531
2004/02/17,4550
2004/02/18,4649
2004/02/19,4690
2004/02/20,4700
2004/02/23,4674
2004/02/24,4600
2004/02/25,4590
2004/02/26,4625
2004/02/27,4669
2004/03/01,4640
2004/03/02,4650
2004/03/03,4590
2004/03/04,4579
2004/03/05,4591
2004/03/08,4620
2004/03/09,4685
2004/03/10,4625
2004/03/11,4530
2004/03/12,4460
2004/03/15,4490
2004/03/16,4479
2004/03/17,4485
2004/03/18,4590
2004/03/19,4630
2004/03/23,4620
2004/03/24,4630
2004/03/25,4550
2004/03/26,4550
2004/03/29,4700
2004/03/30,4645
2004/03/31,4664
2004/04/01,4749
2004/04/02,4774
2004/04/05,4765
2004/04/06,4820
2004/04/07,4765
2004/04/08,4820
2004/04/13,4845
2004/04/15,4814
2004/04/16,4775
2004/04/19,4760
2004/04/20,4810
2004/04/21,4845
2004/04/22,4700
2004/04/23,4684
2004/04/26,4700
2004/04/28,4675
2004/04/29,4585
2004/04/30,4485
2004/05/03,4440
2004/05/04,4445
2004/05/05,4482
2004/05/06,4455
2004/05/07,4500
2004/05/10,4385
2004/05/11,4490
2004/05/12,4450
2004/05/13,4500
2004/05/14,4320
2004/05/17,4450
2004/05/18,4349
2004/05/19,4475
2004/05/20,4580
2004/05/21,4575
2004/05/24,4470
2004/05/25,4435
2004/05/26,4502
2004/05/27,4625
2004/05/28,4700
2004/05/31,4790
2004/06/01,4780
2004/06/02,4865
2004/06/03,4859
2004/06/04,4850
2004/06/07,4960
2004/06/08,5050
2004/06/09,5040
2004/06/10,5003
2004/06/11,4870
2004/06/14,4875
2004/06/15,4860
2004/06/17,4935
2004/06/18,5045
2004/06/21,4985
2004/06/22,5000
2004/06/23,4930
2004/06/24,4955
2004/06/25,5035
2004/06/28,5030
2004/06/29,5045
2004/06/30,5100
2004/07/01,5025
2004/07/02,5010
2004/07/05,5040
2004/07/06,5067
2004/07/07,5000
2004/07/08,4950
2004/07/09,4960
2004/07/12,4973
2004/07/13,5020
2004/07/14,5130
2004/07/15,5200
2004/07/16,5130
2004/07/19,5101
2004/07/20,5090
2004/07/21,5161
2004/07/22,5165
2004/07/23,5180
2004/07/26,5180
2004/07/27,5215
2004/07/28,5212
2004/07/29,5110
2004/07/30,5107
2004/08/02,5108
2004/08/03,5060
2004/08/04,5141
2004/08/05,5080
2004/08/06,5000
2004/08/10,5045
2004/08/11,5055
2004/08/12,5220
2004/08/13,5075
2004/08/16,5150
2004/08/17,5140
2004/08/18,5165
2004/08/19,5150
2004/08/20,5150
2004/08/23,5250
2004/08/24,5258
2004/08/25,5270
2004/08/26,5350
2004/08/27,5480
2004/08/30,5480
2004/08/31,5510
2004/09/01,5601
2004/09/02,5700
2004/09/03,5830
2004/09/06,5755
2004/09/07,5676
2004/09/08,5650
2004/09/09,5820
2004/09/10,5830
2004/09/13,5850
2004/09/14,5835
2004/09/15,5725
2004/09/16,5860
2004/09/17,6044
2004/09/20,6100
2004/09/21,6125
2004/09/22,6050
2004/09/23,6275
2004/09/27,6290
2004/09/28,6298
2004/09/29,6410
2004/09/30,6510
2004/10/01,6450
2004/10/04,6380
2004/10/05,6325
2004/10/06,6355
2004/10/07,6390
2004/10/08,6340
2004/10/11,6400
2004/10/12,6400
2004/10/13,6498
2004/10/14,6450
2004/10/15,6500
2004/10/18,6500
2004/10/19,6515
2004/10/20,6580
2004/10/21,6550
2004/10/22,6505
2004/10/25,6455
2004/10/26,6511
2004/10/27,6540
2004/10/28,6600
2004/10/29,6700
2004/11/01,6860
2004/11/02,6730
2004/11/03,6700
2004/11/04,6670
2004/11/05,6790
2004/11/08,6835
2004/11/09,6870
2004/11/10,6750
2004/11/11,6680
2004/11/12,6635
2004/11/15,6700
2004/11/16,6732
2004/11/17,6930
2004/11/18,6940
2004/11/19,6960
2004/11/22,6870
2004/11/23,6870
2004/11/24,6900
2004/11/25,7102
2004/11/26,7240
2004/11/29,7200
2004/11/30,7035
2004/12/01,7040
2004/12/02,7200
2004/12/03,7225
2004/12/06,7200
2004/12/07,7220
2004/12/08,7052
2004/12/09,7120
2004/12/10,7225
2004/12/13,7275
2004/12/14,7276
2004/12/15,7340
2004/12/17,7432
2004/12/20,7440
2004/12/21,7405
2004/12/22,7420
2004/12/23,7470
2004/12/24,7480
2004/12/28,7480
2004/12/29,7562
2004/12/30,7655
2004/12/31,7599
2005/01/03,7685
2005/01/04,7529
2005/01/05,7350
2005/01/06,7169
2005/01/07,7180
2005/01/10,7267
2005/01/11,7260
2005/01/12,7190
2005/01/13,7138
2005/01/14,7199
2005/01/17,7280
2005/01/18,7125
2005/01/19,7200
2005/01/20,7201
2005/01/21,7250
2005/01/24,7210
2005/01/25,7280
2005/01/26,7520
2005/01/27,7600
2005/01/28,7616
2005/01/31,7639
2005/02/01,7572
2005/02/02,7460
2005/02/03,7449
2005/02/04,7390
2005/02/07,7270
2005/02/08,7200
2005/02/09,7430
2005/02/10,7560
2005/02/11,7515
2005/02/14,7540
2005/02/15,7521
2005/02/16,7430
2005/02/17,7500
2005/02/18,7645
2005/02/21,7835
2005/02/22,7800
2005/02/23,7840
2005/02/24,7900
2005/02/25,7900
2005/02/28,7949
2005/03/01,8070
2005/03/02,7940
2005/03/03,7921
2005/03/04,7920
2005/03/07,8040
2005/03/08,8100
2005/03/09,8150
2005/03/10,8000
2005/03/11,7950
2005/03/14,7891
2005/03/15,7750
2005/03/16,7699
2005/03/17,7750
2005/03/18,7780
2005/03/22,7625
2005/03/23,7600
2005/03/24,7510
2005/03/29,7450
2005/03/30,7400
2005/03/31,7540
2005/04/01,7650
2005/04/04,7705
2005/04/05,7640
2005/04/06,7555
2005/04/07,7550
2005/04/08,7550
2005/04/11,7550
2005/04/12,7600
2005/04/13,7475
2005/04/14,7550
2005/04/15,7820
2005/04/18,7700
2005/04/19,7755
2005/04/20,7651
2005/04/21,7778
2005/04/22,7601
2005/04/25,7660
2005/04/26,7820
2005/04/28,7830
2005/04/29,7780
2005/05/03,7770
2005/05/04,7815
2005/05/05,7950
2005/05/06,8000
2005/05/09,8250
2005/05/10,8250
2005/05/11,8260
2005/05/12,8290
2005/05/13,8275
2005/05/16,8300
2005/05/17,8300
2005/05/18,8251
2005/05/19,8250
2005/05/20,8256
2005/05/23,8285
2005/05/24,8240
2005/05/25,8230
2005/05/26,8200
2005/05/27,8175
2005/05/30,8220
2005/05/31,8244
2005/06/01,8240
2005/06/02,8250
2005/06/03,8261
2005/06/06,8290
2005/06/07,8345
2005/06/08,8300
2005/06/09,8300
2005/06/10,8275
2005/06/13,8290
2005/06/14,8310
2005/06/15,8338
2005/06/17,8340
2005/06/20,8155
2005/06/21,8175
2005/06/22,8170
2005/06/23,8229
2005/06/24,8190
2005/06/27,8187
2005/06/28,8203
2005/06/29,8260
2005/06/30,8248
2005/07/01,8251
2005/07/04,8250
2005/07/05,8250
2005/07/06,8245
2005/07/07,8255
2005/07/08,8254
2005/07/11,8251
2005/07/12,8300
2005/07/13,8420
2005/07/14,8761
2005/07/15,8595
2005/07/18,8700
2005/07/19,8970
2005/07/20,9100
2005/07/21,9050
2005/07/22,9050
2005/07/25,9225
2005/07/26,9299
2005/07/27,9375
2005/07/28,9400
2005/07/29,9155
2005/08/01,9316
2005/08/02,9360
2005/08/03,9370
2005/08/04,9475
2005/08/05,9571
2005/08/08,10000
2005/08/10,9915
2005/08/11,9850
2005/08/12,9701
2005/08/15,9530
2005/08/16,9275
2005/08/17,9199
2005/08/18,9180
2005/08/19,9369
2005/08/22,9496
2005/08/23,9500
2005/08/24,9485
2005/08/25,9460
2005/08/26,9512
2005/08/29,9474
2005/08/30,9300
2005/08/31,9210
2005/09/01,9245
2005/09/02,9480
2005/09/05,9700
2005/09/06,9725
2005/09/07,9825
2005/09/08,9800
2005/09/09,9660
2005/09/12,9640
2005/09/13,9480
2005/09/14,9450
2005/09/15,9325
2005/09/16,9205
2005/09/19,9140
2005/09/20,9200
2005/09/21,9200
2005/09/22,9041
2005/09/23,9000
2005/09/26,9240
2005/09/27,9220
2005/09/28,9270
2005/09/29,9425
2005/09/30,9380
2005/10/03,9100
2005/10/04,8985
2005/10/05,9120
2005/10/06,8950
2005/10/07,8900
2005/10/10,8745
2005/10/11,8840
2005/10/12,8835
2005/10/13,8650
2005/10/14,8465
2005/10/17,8770
2005/10/18,8720
2005/10/19,8525
2005/10/20,8570
2005/10/21,8500
2005/10/24,8614
2005/10/25,8640
2005/10/26,8799
2005/10/27,8600
2005/10/28,8800
2005/10/31,8900
2005/11/01,8888
2005/11/02,8915
2005/11/03,9020
2005/11/04,9026
2005/11/07,9230
2005/11/08,9000
2005/11/09,8925
2005/11/10,9000
2005/11/11,9000
2005/11/14,9120
2005/11/15,9085
2005/11/16,8920
2005/11/17,8950
2005/11/18,8930
2005/11/21,8880
2005/11/22,8900
2005/11/23,9227
2005/11/24,9318
2005/11/25,9330
2005/11/28,9300
2005/11/29,9200
2005/11/30,9180
2005/12/01,9050
2005/12/02,8900
2005/12/05,9036
2005/12/06,9285
2005/12/07,9718
2005/12/08,9625
2005/12/09,9810
2005/12/12,10000
2005/12/13,9930
2005/12/14,9950
2005/12/15,9970
2005/12/19,9900
2005/12/20,9780
2005/12/21,9900
2005/12/22,10195
2005/12/23,10170
2005/12/27,10320
2005/12/28,10130
2005/12/29,10010
2005/12/30,10100
2006/01/03,10340
2006/01/04,10346
2006/01/05,10240
2006/01/06,10501
2006/01/09,10576
2006/01/10,10655
2006/01/11,11146
2006/01/12,11140
2006/01/13,11370
2006/01/16,11205
2006/01/17,10900
2006/01/18,10770
2006/01/19,11375
2006/01/20,11270
2006/01/23,11180
2006/01/24,11200
2006/01/25,11300
2006/01/26,11252
2006/01/27,11159
2006/01/30,11059
2006/01/31,11190
2006/02/01,11410
2006/02/02,11370
2006/02/03,10900
2006/02/06,10900
2006/02/07,10875
2006/02/08,10799
2006/02/09,11000
2006/02/10,11200
2006/02/13,10820
2006/02/14,10799
2006/02/15,10985
2006/02/16,11372
2006/02/17,11851
2006/02/20,11800
2006/02/21,11800
2006/02/22,11860
2006/02/23,12099
2006/02/24,11876
2006/02/27,11940
2006/02/28,11487
2006/03/02,11460
2006/03/03,11375
2006/03/06,11350
2006/03/07,11125
2006/03/08,11270
2006/03/09,11450
2006/03/10,11450
2006/03/13,11350
2006/03/14,11365
2006/03/15,11611
2006/03/16,11625
2006/03/17,11847
2006/03/20,11860
2006/03/22,11800
2006/03/23,11900
2006/03/24,11920
2006/03/27,11900
2006/03/28,11575
2006/03/29,11475
2006/03/30,11750
2006/03/31,11600
2006/04/03,11750
2006/04/04,11500
2006/04/05,11600
2006/04/06,11725
2006/04/07,11760
2006/04/10,11901
2006/04/11,12139
2006/04/12,12125
2006/04/13,12070
2006/04/18,12250
2006/04/19,12300
2006/04/20,12400
2006/04/21,12100
2006/04/24,11949
2006/04/25,11950
2006/04/26,11911
2006/04/28,11870
2006/05/02,11821
2006/05/03,11685
2006/05/04,11876
2006/05/05,11900
2006/05/08,11825
2006/05/09,11880
2006/05/10,11890
2006/05/11,11800
2006/05/12,11680
2006/05/15,11100
2006/05/16,11225
2006/05/17,11300
2006/05/18,11075
2006/05/19,11150
2006/05/22,10733
2006/05/23,11499
2006/05/24,11194
2006/05/25,11000
2006/05/26,11200
2006/05/29,11231
2006/05/30,10902
2006/05/31,11100
2006/06/01,11100
2006/06/02,11500
2006/06/05,11225
2006/06/06,10760
2006/06/07,10330
2006/06/08,9601
2006/06/09,10600
2006/06/12,10525
2006/06/13,10508
2006/06/14,10500
2006/06/15,11000
2006/06/19,11000
2006/06/20,10800
2006/06/21,10400
2006/06/22,10000
2006/06/23,9699
2006/06/26,9100
2006/06/27,9500
2006/06/28,9375
2006/06/29,9676
2006/06/30,10030
2006/07/03,10584
2006/07/04,10590
2006/07/05,10244
2006/07/06,10100
2006/07/07,10264
2006/07/10,10400
2006/07/11,10375
2006/07/12,10558
2006/07/13,10260
2006/07/14,10020
2006/07/17,9650
2006/07/18,9650
2006/07/19,9800
2006/07/20,9800
2006/07/21,9701
2006/07/24,9759
2006/07/25,9830
2006/07/26,10000
2006/07/27,10290
2006/07/28,10301
2006/07/31,10252
2006/08/01,10070
2006/08/02,10021
2006/08/03,9720
2006/08/04,9751
2006/08/07,9600
2006/08/08,9705
2006/08/10,9691
2006/08/11,9725
2006/08/14,9720
2006/08/15,9749
2006/08/16,9800
2006/08/17,9801
2006/08/18,9800
2006/08/21,9795
2006/08/22,9895
2006/08/23,9975
2006/08/24,9820
2006/08/25,9850
2006/08/28,9720
2006/08/29,9975
2006/08/30,10355
2006/08/31,10321
2006/09/01,10405
2006/09/04,10600
2006/09/05,10535
2006/09/06,10350
2006/09/07,9950
2006/09/08,9830
2006/09/11,9505
2006/09/12,9650
2006/09/13,9850
2006/09/14,9860
2006/09/15,9780
2006/09/18,9945
2006/09/19,10050
2006/09/20,10180
2006/09/21,10300
2006/09/22,9975
2006/09/26,9965
2006/09/27,9850
2006/09/28,9950
2006/09/29,9950
2006/10/02,9680
2006/10/03,9718
2006/10/04,9690
2006/10/05,9839
2006/10/06,9870
2006/10/09,9840
2006/10/10,9830
2006/10/11,9680
2006/10/12,10059
2006/10/13,10285
2006/10/16,10601
2006/10/17,10405
2006/10/18,10481
2006/10/19,10670
2006/10/20,10650
2006/10/23,10655
2006/10/24,10780
2006/10/25,10760
2006/10/26,10650
2006/10/27,10780
2006/10/30,10830
2006/10/31,11399
2006/11/01,11520
2006/11/02,11450
2006/11/03,11325
2006/11/06,11255
2006/11/07,11378
2006/11/08,11370
2006/11/09,11195
2006/11/10,11026
2006/11/13,11250
2006/11/14,11295
2006/11/15,11185
2006/11/16,11250
2006/11/17,11230
2006/11/20,11355
2006/11/21,11681
2006/11/22,11800
2006/11/23,11980
2006/11/24,12000
2006/11/27,12000
2006/11/28,11705
2006/11/29,11599
2006/11/30,11270
2006/12/01,11490
2006/12/04,11480
2006/12/05,11405
2006/12/06,11370
2006/12/07,11304
2006/12/08,11370
2006/12/11,11450
2006/12/12,11475
2006/12/13,11750
2006/12/14,11750
2006/12/15,11830
2006/12/18,11875
2006/12/19,11900
2006/12/20,12150
2006/12/21,12400
2006/12/22,12401
2006/12/27,12615
2006/12/28,12505
2006/12/29,12510
2007/01/02,12700
2007/01/03,12600
2007/01/04,12286
2007/01/05,12370
2007/01/08,12170
2007/01/09,12550
2007/01/10,12439
2007/01/11,12400
2007/01/12,12550
2007/01/15,13000
2007/01/16,13310
2007/01/17,13200
2007/01/18,13505
2007/01/19,13440
2007/01/22,13756
2007/01/23,13570
2007/01/24,13450
2007/01/25,13355
2007/01/26,13275
2007/01/29,13175
2007/01/30,13500
2007/01/31,13245
2007/02/01,13590
2007/02/02,13600
2007/02/05,13300
2007/02/06,13565
2007/02/07,13360
2007/02/08,13250
2007/02/09,13140
2007/02/12,13050
2007/02/13,12990
2007/02/14,12900
2007/02/15,13250
2007/02/16,13450
2007/02/19,13597
2007/02/20,13820
2007/02/21,13802
2007/02/22,13960
2007/02/23,14060
2007/02/26,14300
2007/02/27,13820
2007/02/28,13706
2007/03/01,13450
2007/03/02,13361
2007/03/05,12902
2007/03/06,13060
2007/03/07,13150
2007/03/08,13480
2007/03/09,13870
2007/03/12,13555
2007/03/13,13350
2007/03/14,13050
2007/03/15,12980
2007/03/16,12900
2007/03/19,13040
2007/03/20,13300
2007/03/22,13645
2007/03/23,13900
2007/03/26,13950
2007/03/27,14000
2007/03/28,13775
2007/03/29,13975
2007/03/30,13951
2007/04/02,14099
2007/04/03,14120
2007/04/04,14069
2007/04/05,13995
2007/04/10,14000
2007/04/11,13640
2007/04/12,13951
2007/04/13,14165
2007/04/16,14250
2007/04/17,14470
2007/04/18,14400
2007/04/19,14700
2007/04/20,14750
2007/04/23,14830
2007/04/24,14795
2007/04/25,14799
2007/04/26,14800
2007/04/30,14580
2007/05/02,14594
2007/05/03,14350
2007/05/04,14250
2007/05/07,14250
2007/05/08,13855
2007/05/09,13974
2007/05/10,14081
2007/05/11,14000
2007/05/14,14040
2007/05/15,13901
2007/05/16,13700
2007/05/17,13500
2007/05/18,13590
2007/05/21,13770
2007/05/22,13949
2007/05/23,14300
2007/05/24,14100
2007/05/25,13950
2007/05/28,13840
2007/05/29,14000
2007/05/30,13610
2007/05/31,13510
2007/06/01,13700
2007/06/04,13600
2007/06/05,13550
2007/06/06,13400
2007/06/07,13625
2007/06/08,13400
2007/06/11,13615
2007/06/12,13467
2007/06/13,13525
2007/06/14,13800
2007/06/15,13890
2007/06/18,13910
2007/06/19,13900
2007/06/20,13800
2007/06/21,13400
2007/06/22,13278
2007/06/25,13090
2007/06/26,13025
2007/06/27,12901
2007/06/28,13100
2007/06/29,13150
2007/07/02,13160
2007/07/03,13225
2007/07/04,13000
2007/07/05,13000
2007/07/06,13250
2007/07/09,13750
2007/07/10,14050
2007/07/11,13903
2007/07/12,13802
2007/07/13,13600
2007/07/16,13500
2007/07/17,13300
2007/07/18,13130
2007/07/19,13164
2007/07/20,13303
2007/07/23,13685
2007/07/24,13800
2007/07/25,13500
2007/07/26,13520
2007/07/27,13290
2007/07/30,13400
2007/07/31,13700
2007/08/01,13300
2007/08/02,13100
2007/08/03,13148
2007/08/06,13200
2007/08/07,13500
2007/08/08,14150
2007/08/10,13306
2007/08/13,13911
2007/08/14,13250
2007/08/15,13020
2007/08/16,12398
2007/08/17,12250
2007/08/20,12775
2007/08/21,12525
2007/08/22,13091
2007/08/23,13190
2007/08/24,13031
2007/08/27,13290
2007/08/28,12864
2007/08/29,12701
2007/08/30,12648
2007/08/31,13020
2007/09/03,13270
2007/09/04,13235
2007/09/05,12850
2007/09/06,12745
2007/09/07,12500
2007/09/10,12600
2007/09/11,12700
2007/09/12,12599
2007/09/13,12500
2007/09/14,12460
2007/09/17,12610
2007/09/18,12587
2007/09/19,12701
2007/09/20,12550
2007/09/21,12225
2007/09/25,12069
2007/09/26,12180
2007/09/27,12550
2007/09/28,12500
2007/10/01,12250
2007/10/02,12900
2007/10/03,13280
2007/10/04,13449
2007/10/05,13580
2007/10/08,13299
2007/10/09,13300
2007/10/10,13350
2007/10/11,13200
2007/10/12,12875
2007/10/15,13029
2007/10/16,12950
2007/10/17,13200
2007/10/18,12701
2007/10/19,12645
2007/10/22,12525
2007/10/23,12574
2007/10/24,12570
2007/10/25,13110
2007/10/26,13490
2007/10/29,13445
2007/10/30,13400
2007/10/31,13000
2007/11/01,13200
2007/11/02,13299
2007/11/05,13690
2007/11/06,13910
2007/11/07,13600
2007/11/08,13750
2007/11/09,13600
2007/11/12,13600
2007/11/13,13550
2007/11/14,13580
2007/11/15,13250
2007/11/16,13100
2007/11/19,13049
2007/11/20,12920
2007/11/21,12800
2007/11/22,12800
2007/11/23,12750
2007/11/26,12500
2007/11/27,12210
2007/11/28,12175
2007/11/29,12420
2007/11/30,12750
2007/12/03,12320
2007/12/04,11955
2007/12/05,12025
2007/12/06,12000
2007/12/07,12000
2007/12/10,11910
2007/12/11,11770
2007/12/12,11650
2007/12/13,11400
2007/12/14,11100
2007/12/18,11101
2007/12/19,10832
2007/12/20,11000
2007/12/21,11150
2007/12/24,10955
2007/12/27,11210
2007/12/28,11210
2007/12/31,11100
2008/01/02,11100
2008/01/03,10900
2008/01/04,10780
2008/01/07,10601
2008/01/08,10810
2008/01/09,10709
2008/01/10,10578
2008/01/11,10400
2008/01/14,10698
2008/01/15,10550
2008/01/16,10560
2008/01/17,10622
2008/01/18,10301
2008/01/21,9950
2008/01/22,9975
2008/01/23,10070
2008/01/24,10560
2008/01/25,10200
2008/01/28,10099
2008/01/29,10280
2008/01/30,10280
2008/01/31,10080
2008/02/01,10500
2008/02/04,10649
2008/02/05,10134
2008/02/06,10050
2008/02/07,9780
2008/02/08,9800
2008/02/11,9706
2008/02/12,10300
2008/02/13,10350
2008/02/14,10701
2008/02/15,10250
2008/02/18,10450
2008/02/19,10990
2008/02/20,11050
2008/02/21,11080
2008/02/22,10870
2008/02/25,11125
2008/02/26,11999
2008/02/27,11690
2008/02/28,11350
2008/02/29,11200
2008/03/03,10799
2008/03/04,10690
2008/03/05,10750
2008/03/06,10701
2008/03/07,10410
2008/03/10,10100
2008/03/11,10479
2008/03/12,10301
2008/03/13,10050
2008/03/14,10035
2008/03/17,9549
2008/03/18,9989
2008/03/19,9955
2008/03/20,9902
2008/03/25,10412
2008/03/26,10555
2008/03/27,10620
2008/03/28,10314
2008/03/31,10151
2008/04/01,10250
2008/04/02,10530
2008/04/03,10520
2008/04/04,10600
2008/04/07,10975
2008/04/08,10860
2008/04/09,10850
2008/04/10,10400
2008/04/11,10200
2008/04/14,9851
2008/04/15,10010
2008/04/16,9930
2008/04/17,10030
2008/04/18,10190
2008/04/21,10200
2008/04/22,10145
2008/04/23,10050
2008/04/24,9640
2008/04/25,9551
2008/04/29,9555
2008/04/30,9500
2008/05/05,9499
2008/05/06,9305
2008/05/07,9300
2008/05/08,9328
2008/05/09,9201
2008/05/12,9090
2008/05/13,9300
2008/05/14,9250
2008/05/15,9220
2008/05/16,9004
2008/05/19,9151
2008/05/20,9184
2008/05/21,9091
2008/05/22,9050
2008/05/23,8940
2008/05/26,8850
2008/05/27,8820
2008/05/28,8599
2008/05/29,8398
2008/05/30,8550
2008/06/02,8499
2008/06/03,8390
2008/06/04,8670
2008/06/05,8975
2008/06/06,8855
2008/06/09,8730
2008/06/10,8360
2008/06/11,8410
2008/06/12,8670
2008/06/13,8235
2008/06/17,8250
2008/06/18,8300
2008/06/19,8480
2008/06/20,8438
2008/06/23,8150
2008/06/24,7900
2008/06/25,8021
2008/06/26,8100
2008/06/27,8399
2008/06/30,8201
2008/07/01,8125
2008/07/02,8150
2008/07/03,8110
2008/07/04,8150
2008/07/07,8600
2008/07/08,8655
2008/07/09,8800
2008/07/10,8600
2008/07/11,8350
2008/07/14,8300
2008/07/15,8220
2008/07/16,9025
2008/07/17,9400
2008/07/18,9200
2008/07/21,9000
2008/07/22,9185
2008/07/23,9600
2008/07/24,9975
2008/07/25,9820
2008/07/28,9910
2008/07/29,10025
2008/07/30,10325
2008/07/31,10225
2008/08/01,10000
2008/08/04,10190
2008/08/05,10200
2008/08/06,10175
2008/08/07,10063
2008/08/08,10000
2008/08/11,10401
2008/08/12,10700
2008/08/13,10974
2008/08/14,11049
2008/08/15,10990
2008/08/18,10970
2008/08/19,10730
2008/08/20,10200
2008/08/21,10300
2008/08/22,10660
2008/08/25,10275
2008/08/26,10268
2008/08/27,10590
2008/08/28,10920
2008/08/29,10889
2008/09/01,10900
2008/09/02,10870
2008/09/03,11000
2008/09/04,11033
2008/09/05,10794
2008/09/08,11300
2008/09/09,11450
2008/09/10,11301
2008/09/11,10780
2008/09/12,11100
2008/09/15,10675
2008/09/16,10499
2008/09/17,10300
2008/09/18,10249
2008/09/19,10920
2008/09/22,11400
2008/09/23,10850
2008/09/25,10960
2008/09/26,10900
2008/09/29,10400
2008/09/30,10800
2008/10/01,10810
2008/10/02,10700
2008/10/03,10700
2008/10/06,9995
2008/10/07,10050
2008/10/08,9675
2008/10/09,9750
2008/10/10,9201
2008/10/13,9930
2008/10/14,10380
2008/10/15,10362
2008/10/16,9560
2008/10/17,9120
2008/10/20,9400
2008/10/21,9025
2008/10/22,8299
2008/10/23,8180
2008/10/24,8600
2008/10/27,8600
2008/10/28,8950
2008/10/29,9300
2008/10/30,9900
2008/10/31,10100
2008/11/03,9950
2008/11/04,10010
2008/11/05,9505
2008/11/06,9599
2008/11/07,9550
2008/11/10,9710
2008/11/11,9249
2008/11/12,9245
2008/11/13,9200
2008/11/14,9110
2008/11/17,9000
2008/11/18,9500
2008/11/19,10100
2008/11/20,9500
2008/11/21,9400
2008/11/24,9802
2008/11/25,10415
2008/11/26,10420
2008/11/27,10500
2008/11/28,10350
2008/12/01,10490
2008/12/02,9850
2008/12/03,9880
2008/12/04,10320
2008/12/05,10600
2008/12/08,10950
2008/12/09,11150
2008/12/10,11250
2008/12/11,10999
2008/12/12,10575
2008/12/15,10500
2008/12/17,11075
2008/12/18,11400
2008/12/19,10860
2008/12/22,10800
2008/12/23,10500
2008/12/24,10583
2008/12/29,10690
2008/12/30,10700
2008/12/31,10815
2009/01/02,10825
2009/01/05,10925
2009/01/06,10805
2009/01/07,10450
2009/01/08,10500
2009/01/09,10800
2009/01/12,11050
2009/01/13,11060
2009/01/14,11015
2009/01/15,10710
2009/01/16,10570
2009/01/19,10125
2009/01/20,10000
2009/01/21,9900
2009/01/22,9698
2009/01/23,9150
2009/01/26,9301
2009/01/27,9650
2009/01/28,10150
2009/01/29,9950
2009/01/30,9300
2009/02/02,9125
2009/02/03,9450
2009/02/04,9540
2009/02/05,9400
2009/02/06,9900
2009/02/09,10075
2009/02/10,10187
2009/02/11,9950
2009/02/12,9500
2009/02/13,9560
2009/02/16,9495
2009/02/17,9000
2009/02/18,9300
2009/02/19,9160
2009/02/20,8600
2009/02/23,8865
2009/02/24,8900
2009/02/25,8800
2009/02/26,9403
2009/02/27,8900
2009/03/02,8300
2009/03/03,8301
2009/03/04,8450
2009/03/05,8190
2009/03/06,8130
2009/03/09,7690
2009/03/10,8000
2009/03/11,8950
2009/03/12,9000
2009/03/13,9310
2009/03/16,9000
2009/03/17,8700
2009/03/18,8816
2009/03/19,9100
2009/03/20,8920
2009/03/23,9400
2009/03/24,9650
2009/03/25,9949
2009/03/26,9603
2009/03/27,9300
2009/03/30,9165
2009/03/31,9620
2009/04/01,9640
2009/04/02,9850
2009/04/03,10099
2009/04/06,10200
2009/04/07,9920
2009/04/08,9699
2009/04/09,10000
2009/04/14,10500
2009/04/15,10501
2009/04/16,10375
2009/04/17,10150
2009/04/20,9570
2009/04/21,9150
2009/04/23,9540
2009/04/24,9455
2009/04/28,9731
2009/04/29,9890
2009/04/30,9845
2009/05/04,10450
2009/05/05,9955
2009/05/06,9750
2009/05/07,9750
2009/05/08,9836
2009/05/11,9825
2009/05/12,9695
2009/05/13,9380
2009/05/14,9500
2009/05/15,9960
2009/05/18,10155
2009/05/19,10570
2009/05/20,10665
2009/05/21,10325
2009/05/22,10600
2009/05/25,10401
2009/05/26,10313
2009/05/27,10419
2009/05/28,9950
2009/05/29,10155
2009/06/01,10220
2009/06/02,10200
2009/06/03,10050
2009/06/04,10319
2009/06/05,10250
2009/06/08,10165
2009/06/09,10250
2009/06/10,10300
2009/06/11,10200
2009/06/12,10300
2009/06/15,10381
2009/06/17,10275
2009/06/18,10370
2009/06/19,10400
2009/06/22,10090
2009/06/23,10220
2009/06/24,10507
2009/06/25,10399
2009/06/26,10725
2009/06/29,10950
2009/06/30,11000
2009/07/01,11130
2009/07/02,10855
2009/07/03,10960
2009/07/06,10950
2009/07/07,11139
2009/07/08,11045
2009/07/09,11050
2009/07/10,11280
2009/07/13,11388
2009/07/14,11520
2009/07/15,11791
2009/07/16,11800
2009/07/17,11830
2009/07/20,11949
2009/07/21,11955
2009/07/22,11902
2009/07/23,12050
2009/07/24,12176
2009/07/27,12000
2009/07/28,11697
2009/07/29,11375
2009/07/30,11800
2009/07/31,11750
2009/08/03,11970
2009/08/04,12051
2009/08/05,11851
2009/08/06,12104
2009/08/07,12160
2009/08/11,12050
2009/08/12,12179
2009/08/13,12600
2009/08/14,12300
2009/08/17,11959
2009/08/18,12200
2009/08/19,11990
2009/08/20,12115
2009/08/21,12500
2009/08/24,12526
2009/08/25,12730
2009/08/26,12750
2009/08/27,12900
2009/08/28,12776
2009/08/31,12675
2009/09/01,12630
2009/09/02,12186
2009/09/03,11970
2009/09/04,12175
2009/09/07,12300
2009/09/08,12445
2009/09/09,12400
2009/09/10,12500
2009/09/11,12505
2009/09/14,12299
2009/09/15,12130
2009/09/16,12192
2009/09/17,12700
2009/09/18,12530
2009/09/21,12350
2009/09/22,12580
2009/09/23,12370
2009/09/25,12240
2009/09/28,12300
2009/09/29,12080
2009/09/30,12000
2009/10/01,11898
2009/10/02,11650
2009/10/05,11575
2009/10/06,12005
2009/10/07,12225
2009/10/08,12101
2009/10/09,12206
2009/10/12,12400
2009/10/13,12530
2009/10/14,13010
2009/10/15,12950
2009/10/16,12899
2009/10/19,12990
2009/10/20,13075
2009/10/21,13010
2009/10/22,13000
2009/10/23,12870
2009/10/26,12500
2009/10/27,12462
2009/10/28,12440
2009/10/29,12700
2009/10/30,12451
2009/11/02,12250
2009/11/03,12050
2009/11/04,12025
2009/11/05,12000
2009/11/06,12001
2009/11/09,12250
2009/11/10,12504
2009/11/11,12800
2009/11/12,12750
2009/11/13,12800
2009/11/16,13030
2009/11/17,12845
2009/11/18,12784
2009/11/19,12600
2009/11/20,12405
2009/11/23,12600
2009/11/24,12750
2009/11/25,12760
2009/11/26,12420
2009/11/27,12483
2009/11/30,12750
2009/12/01,12691
2009/12/02,12850
2009/12/03,12900
2009/12/04,12775
2009/12/07,12500
2009/12/08,12330
2009/12/09,12010
2009/12/10,12437
2009/12/11,12600
2009/12/14,12640
2009/12/15,12700
2009/12/17,12900
2009/12/18,12808
2009/12/21,12920
2009/12/22,12900
2009/12/23,12900
2009/12/24,12900
2009/12/28,12989
2009/12/29,12850
2009/12/30,12769
2009/12/31,12850
2010/01/04,12852
2010/01/05,12950
2010/01/06,12900
2010/01/07,12851
2010/01/08,12770
2010/01/11,12845
2010/01/12,12800
2010/01/13,12950
2010/01/14,13100
2010/01/15,12930
2010/01/18,13050
2010/01/19,13150
2010/01/20,13350
2010/01/21,13350
2010/01/22,13150
2010/01/25,13256
2010/01/26,13100
2010/01/27,13195
2010/01/28,13425
2010/01/29,13425
2010/02/01,13337
2010/02/02,13400
2010/02/03,13430
2010/02/04,13400
2010/02/05,12975
2010/02/08,13108
2010/02/09,13390
2010/02/10,13323
2010/02/11,13300
2010/02/12,13045
2010/02/15,13300
2010/02/16,13300
2010/02/17,13440
2010/02/18,13361
2010/02/19,13399
2010/02/22,13380
2010/02/23,13300
2010/02/24,13200
2010/02/25,13175
2010/02/26,13280
2010/03/01,13380
2010/03/02,13650
2010/03/03,13800
2010/03/04,13785
2010/03/05,13900
2010/03/08,13790
2010/03/09,13550
2010/03/10,13800
2010/03/11,13740
2010/03/12,13760
2010/03/15,13800
2010/03/16,13910
2010/03/17,14180
2010/03/18,14215
2010/03/19,14191
2010/03/23,14050
2010/03/24,14050
2010/03/25,14199
2010/03/26,14070
2010/03/29,14150
2010/03/30,14199
2010/03/31,14230
2010/04/01,14249
2010/04/06,14295
2010/04/07,14158
2010/04/08,13750
2010/04/09,14000
2010/04/12,13970
2010/04/13,13890
2010/04/14,14123
2010/04/15,14140
2010/04/16,13851
2010/04/19,13800
2010/04/20,14000
2010/04/21,13900
2010/04/22,13868
2010/04/23,13733
2010/04/26,14200
2010/04/28,13807
2010/04/29,14025
2010/04/30,14000
2010/05/03,14200
2010/05/04,13677
2010/05/05,13325
2010/05/06,13363
2010/05/07,12749
2010/05/10,13430
2010/05/11,13710
2010/05/12,14000
2010/05/13,13840
2010/05/14,13487
2010/05/17,13150
2010/05/18,13525
2010/05/19,13304
2010/05/20,12870
2010/05/21,12775
2010/05/24,13093
2010/05/25,12575
2010/05/26,12900
2010/05/27,13010
2010/05/28,13000
2010/05/31,12801
2010/06/01,12840
2010/06/02,12975
2010/06/03,12700
2010/06/04,12570
2010/06/07,12270
2010/06/08,12240
2010/06/09,12568
2010/06/10,12370
2010/06/11,12305
2010/06/14,12550
2010/06/15,12600
2010/06/17,12749
2010/06/18,12499
2010/06/21,12665
2010/06/22,12851
2010/06/23,12790
2010/06/24,12570
2010/06/25,12601
2010/06/28,12500
2010/06/29,12284
2010/06/30,12149
2010/07/01,12146
2010/07/02,12259
2010/07/05,12201
2010/07/06,12670
2010/07/07,12765
2010/07/08,13005
2010/07/09,13084
2010/07/12,13000
2010/07/13,13375
2010/07/14,13490
2010/07/15,13555
2010/07/16,13635
2010/07/19,13500
2010/07/20,13250
2010/07/21,13650
2010/07/22,13870
2010/07/23,13925
2010/07/26,14000
2010/07/27,13860
2010/07/28,13778
2010/07/29,13885
2010/07/30,13600
2010/08/02,13778
2010/08/03,13450
2010/08/04,13372
2010/08/05,13410
2010/08/06,13060
2010/08/10,12820
2010/08/11,12540
2010/08/12,12502
2010/08/13,12600
2010/08/16,12500
2010/08/17,12700
2010/08/18,12451
2010/08/19,12675
2010/08/20,12450
2010/08/23,12490
2010/08/24,12390
2010/08/25,12000
2010/08/26,12350
2010/08/27,12300
2010/08/30,12440
2010/08/31,12325
2010/09/01,12699
2010/09/02,12560
2010/09/03,12600
2010/09/06,12615
2010/09/07,12400
2010/09/08,12606
2010/09/09,12635
2010/09/10,12745
2010/09/13,13010
2010/09/14,12807
2010/09/15,13000
2010/09/16,12820
2010/09/17,12752
2010/09/20,12890
2010/09/21,13127
2010/09/22,13100
2010/09/23,13040
2010/09/27,13502
2010/09/28,13346
2010/09/29,13400
2010/09/30,13400
2010/10/01,13250
2010/10/04,13234
2010/10/05,13399
2010/10/06,13525
2010/10/07,13201
2010/10/08,13100
2010/10/11,13200
2010/10/12,13375
2010/10/13,13700
2010/10/14,13700
2010/10/15,13690
2010/10/18,13700
2010/10/19,13500
2010/10/20,13500
2010/10/21,13735
2010/10/22,13405
2010/10/25,13314
2010/10/26,13572
2010/10/27,13350
2010/10/28,13390
2010/10/29,13599
2010/11/01,13744
2010/11/02,13600
2010/11/03,13645
2010/11/04,13775
2010/11/05,13800
2010/11/08,13740
2010/11/09,13840
2010/11/10,13754
2010/11/11,13620
2010/11/12,13670
2010/11/15,13600
2010/11/16,13350
2010/11/17,13651
2010/11/18,13599
2010/11/19,13398
2010/11/22,13400
2010/11/23,13235
2010/11/24,13300
2010/11/25,13426
2010/11/26,13400
2010/11/29,13350
2010/11/30,12900
2010/12/01,13200
2010/12/02,13250
2010/12/03,13300
2010/12/06,13350
2010/12/07,13425
2010/12/08,13500
2010/12/09,13680
2010/12/10,13250
2010/12/13,13200
2010/12/14,13295
2010/12/15,13499
2010/12/17,13500
2010/12/20,13590
2010/12/21,13581
2010/12/22,13680
2010/12/23,13620
2010/12/24,13710
2010/12/28,13789
2010/12/29,13889
2010/12/30,13850
2010/12/31,14000
2011/01/03,14200
2011/01/04,14120
2011/01/05,14148
2011/01/06,14070
2011/01/07,14050
2011/01/10,13975
2011/01/11,14005
2011/01/12,14000
2011/01/13,14200
2011/01/14,14220
2011/01/17,13811
2011/01/18,14000
2011/01/19,13900
2011/01/20,13750
2011/01/21,13744
2011/01/24,13600
2011/01/25,13500
2011/01/26,13801
2011/01/27,13680
2011/01/28,13500
2011/01/31,13300
2011/02/01,13500
2011/02/02,13355
2011/02/03,13365
2011/02/04,13350
2011/02/07,13040
2011/02/08,12990
2011/02/09,13100
2011/02/10,12905
2011/02/11,13375
2011/02/14,13125
2011/02/15,13100
2011/02/16,13060
2011/02/17,13200
2011/02/18,13048
2011/02/21,13150
2011/02/22,13100
2011/02/23,12800
2011/02/24,12525
2011/02/25,12965
2011/02/28,12975
2011/03/01,12930
2011/03/02,12880
2011/03/03,12850
2011/03/04,12900
2011/03/07,12605
2011/03/08,12709
2011/03/09,12700
2011/03/10,12675
2011/03/11,12638
2011/03/14,12900
2011/03/15,12390
2011/03/16,12512
2011/03/17,12550
2011/03/18,12639
2011/03/22,12960
2011/03/23,13090
2011/03/24,13250
2011/03/25,13070
2011/03/28,13179
2011/03/29,13450
2011/03/30,13725
2011/03/31,13645
2011/04/01,13748
2011/04/04,13800
2011/04/05,13860
2011/04/06,13825
2011/04/07,13800
2011/04/08,13775
2011/04/11,13716
2011/04/12,13550
2011/04/13,13600
2011/04/14,13525
2011/04/15,13400
2011/04/18,13250
2011/04/19,13240
2011/04/20,13750
2011/04/21,13750
2011/04/26,13850
2011/04/28,13515
2011/04/29,13595
2011/05/03,13600
2011/05/04,13400
2011/05/05,13201
2011/05/06,13400
2011/05/09,13348
2011/05/10,13631
2011/05/11,13555
2011/05/12,13300
2011/05/13,13311
2011/05/16,13603
2011/05/17,13535
2011/05/19,13675
2011/05/20,13355
2011/05/23,13120
2011/05/24,13650
2011/05/25,13330
2011/05/26,13650
2011/05/27,13670
2011/05/30,13737
2011/05/31,13726
2011/06/01,13720
2011/06/02,13672
2011/06/03,13420
2011/06/06,13400
2011/06/07,13450
2011/06/08,13545
2011/06/09,13593
2011/06/10,13450
2011/06/13,13500
2011/06/14,13600
2011/06/15,13480
2011/06/17,13300
2011/06/20,13290
2011/06/21,13410
2011/06/22,13205
2011/06/23,13050
2011/06/24,13150
2011/06/27,13175
2011/06/28,13480
2011/06/29,13455
2011/06/30,13481
2011/07/01,13665
2011/07/04,13700
2011/07/05,13850
2011/07/06,13700
2011/07/07,13500
2011/07/08,13599
2011/07/11,13494
2011/07/12,13470
2011/07/13,13600
2011/07/14,13500
2011/07/15,13625
2011/07/18,13336
2011/07/19,13240
2011/07/20,13185
2011/07/21,13569
2011/07/22,13300
2011/07/25,13250
2011/07/26,13245
2011/07/27,13150
2011/07/28,13179
2011/07/29,13150
2011/08/01,13295
2011/08/02,13401
2011/08/03,13290
2011/08/04,12725
2011/08/05,12755
2011/08/08,12355
2011/08/10,12541
2011/08/11,13200
2011/08/12,13420
2011/08/15,13500
2011/08/16,13325
2011/08/17,13500
2011/08/18,13101
2011/08/19,13500
2011/08/22,13100
2011/08/23,13150
2011/08/24,13325
2011/08/25,13055
2011/08/26,13250
2011/08/29,13810
2011/08/30,13568
2011/08/31,13949
2011/09/01,14150
2011/09/02,13665
2011/09/05,13580
2011/09/06,13400
2011/09/07,13975
2011/09/08,14494
2011/09/09,13951
2011/09/12,13831
2011/09/13,13800
2011/09/14,13900
2011/09/15,14251
2011/09/16,14150
2011/09/19,13775
2011/09/20,13993
2011/09/21,13953
2011/09/22,13510
2011/09/23,13395
2011/09/26,13301
2011/09/27,13766
2011/09/28,13770
2011/09/29,13375
2011/09/30,13434
2011/10/03,13412
2011/10/04,13315
2011/10/05,13474
2011/10/06,13510
2011/10/07,13895
2011/10/10,14050
2011/10/11,13720
2011/10/12,13850
2011/10/13,13750
2011/10/14,13800
2011/10/17,13500
2011/10/18,13705
2011/10/19,13655
2011/10/20,13766
2011/10/21,13781
2011/10/24,13892
2011/10/25,14000
2011/10/26,13980
2011/10/27,14150
2011/10/28,14300
2011/10/31,14280
2011/11/01,14109
2011/11/02,14150
2011/11/03,14050
2011/11/04,13687
2011/11/07,14155
2011/11/08,14179
2011/11/09,13951
2011/11/10,13938
2011/11/11,14000
2011/11/14,13850
2011/11/15,13950
2011/11/16,14024
2011/11/17,14060
2011/11/18,13760
2011/11/21,13570
2011/11/22,13565
2011/11/23,13470
2011/11/24,13794
2011/11/25,13494
2011/11/28,13730
2011/11/29,13579
2011/11/30,14350
2011/12/01,14199
2011/12/02,14151
2011/12/05,14500
2011/12/06,14621
2011/12/07,14593
2011/12/08,14370
2011/12/09,14400
2011/12/12,14225
2011/12/13,14105
2011/12/14,14010
2011/12/15,13950
2011/12/19,13950
2011/12/20,13830
2011/12/21,13950
2011/12/22,13850
2011/12/23,14020
2011/12/28,14200
2011/12/29,14169
2011/12/30,14100
2012/01/03,14300
2012/01/04,14360
2012/01/05,14376
2012/01/06,14500
2012/01/09,14500
2012/01/10,14561
2012/01/11,14485
2012/01/12,14750
2012/01/13,14800
2012/01/16,14800
2012/01/17,14900
2012/01/18,14965
2012/01/19,15050
2012/01/20,15140
2012/01/23,15070
2012/01/24,14780
2012/01/25,14650
2012/01/26,14850
2012/01/27,14950
2012/01/30,14725
2012/01/31,14825
2012/02/01,14865
2012/02/02,14790
2012/02/03,14950
2012/02/06,14790
2012/02/07,14849
2012/02/08,14785
2012/02/09,15050
2012/02/10,14900
2012/02/13,15135
2012/02/14,15240
2012/02/15,15145
2012/02/16,15095
2012/02/17,15200
2012/02/20,15199
2012/02/21,15148
2012/02/22,15010
2012/02/23,15311
2012/02/24,15917
2012/02/27,15460
2012/02/28,15810
2012/02/29,15950
2012/03/01,16050
2012/03/02,15845
2012/03/05,15898
2012/03/06,15503
2012/03/07,15600
2012/03/08,15750
2012/03/09,15900
2012/03/12,15770
2012/03/13,15845
2012/03/14,16126
2012/03/15,16100
2012/03/16,16075
2012/03/19,15775
2012/03/20,15700
2012/03/22,15550
2012/03/23,15725
2012/03/26,15495
2012/03/27,15810
2012/03/28,15700
2012/03/29,15497
2012/03/30,15600
2012/04/02,15575
2012/04/03,15701
2012/04/04,15498
2012/04/05,15499
2012/04/10,15666
2012/04/11,15740
2012/04/12,15770
2012/04/13,15771
2012/04/16,15799
2012/04/17,15608
2012/04/18,15945
2012/04/19,15894
2012/04/20,16050
2012/04/23,15725
2012/04/24,15580
2012/04/25,15485
2012/04/26,15590
2012/04/30,16000
2012/05/02,15925
2012/05/03,16110
2012/05/04,16050
2012/05/07,15977
2012/05/08,15761
2012/05/09,15500
2012/05/10,15763
2012/05/11,15795
2012/05/14,15425
2012/05/15,15210
2012/05/16,15490
2012/05/17,15234
2012/05/18,15000
2012/05/21,15149
2012/05/22,15245
2012/05/23,15100
2012/05/24,15000
2012/05/25,15000
2012/05/28,14760
2012/05/29,15030
2012/05/30,14890
2012/05/31,15000
2012/06/01,14950
2012/06/04,15114
2012/06/05,15090
2012/06/06,15190
2012/06/07,15420
2012/06/08,15355
2012/06/11,15090
2012/06/12,14925
2012/06/13,15120
2012/06/14,15200
2012/06/15,15300
2012/06/18,15501
2012/06/19,15500
2012/06/20,15599
2012/06/21,15680
2012/06/22,15700
2012/06/25,15649
2012/06/26,14350
2012/06/27,14150
2012/06/28,13900
2012/06/29,14120
2012/07/02,13705
2012/07/03,13800
2012/07/04,13590
2012/07/05,13511
2012/07/06,13500
2012/07/09,13800
2012/07/10,13790
2012/07/11,13708
2012/07/12,13675
2012/07/13,13800
2012/07/16,13792
2012/07/17,13800
2012/07/18,13895
2012/07/19,13962
2012/07/20,13750
2012/07/23,13650
2012/07/24,13650
2012/07/25,13622
2012/07/26,13570
2012/07/27,13970
2012/07/30,13840
2012/07/31,13490
2012/08/01,13640
2012/08/02,13705
2012/08/03,14060
2012/08/06,13927
2012/08/07,13699
2012/08/08,13630
2012/08/10,13749
2012/08/13,13800
2012/08/14,13930
2012/08/15,13999
2012/08/16,14306
2012/08/17,14100
2012/08/20,14226
2012/08/21,14101
2012/08/22,13900
2012/08/23,14203
2012/08/24,14300
2012/08/27,14350
2012/08/28,14324
2012/08/29,14299
2012/08/30,14077
2012/08/31,14225
2012/09/03,13939
2012/09/04,13929
2012/09/05,13900
2012/09/06,13950
2012/09/07,13824
2012/09/10,13670
2012/09/11,13655
2012/09/12,13565
2012/09/13,13625
2012/09/14,13532
2012/09/17,13330
2012/09/18,13600
2012/09/19,13700
2012/09/20,13491
2012/09/21,13755
2012/09/25,13890
2012/09/26,13591
2012/09/27,13832
2012/09/28,13850
2012/10/01,13950
2012/10/02,13993
2012/10/03,13950
2012/10/04,14151
2012/10/05,13800
2012/10/08,13716
2012/10/09,13850
2012/10/10,13460
2012/10/11,13599
2012/10/12,13740
2012/10/15,13740
2012/10/16,13860
2012/10/17,13850
2012/10/18,13930
2012/10/19,13900
2012/10/22,14035
2012/10/23,14024
2012/10/24,14000
2012/10/25,14020
2012/10/26,14000
2012/10/29,14000
2012/10/30,14132
2012/10/31,13920
2012/11/01,14050
2012/11/02,14225
2012/11/05,14300
2012/11/06,14504
2012/11/07,14555
2012/11/08,14774
2012/11/09,14585
2012/11/12,14379
2012/11/13,14100
2012/11/14,13924
2012/11/15,13940
2012/11/16,14006
2012/11/19,14400
2012/11/20,14150
2012/11/21,14307
2012/11/22,14195
2012/11/23,13910
2012/11/26,13800
2012/11/27,13900
2012/11/28,13800
2012/11/29,13883
2012/11/30,14178
2012/12/03,14080
2012/12/04,14087
2012/12/05,14170
2012/12/06,14950
2012/12/07,15375
2012/12/10,15570
2012/12/11,16000
2012/12/12,15884
2012/12/13,16000
2012/12/14,15826
2012/12/18,16285
2012/12/19,16288
2012/12/20,16400
2012/12/21,16450
2012/12/24,16420
2012/12/27,16450
2012/12/28,16420
2012/12/31,16400
2013/01/02,16549
2013/01/03,16600
2013/01/04,16530
2013/01/07,16335
2013/01/08,16600
2013/01/09,16744
2013/01/10,16600
2013/01/11,16699
2013/01/14,16800
2013/01/15,16500
2013/01/16,16440
2013/01/17,16600
2013/01/18,16175
2013/01/21,16420
2013/01/22,16525
2013/01/23,16620
2013/01/24,16752
2013/01/25,16800
2013/01/28,16815
2013/01/29,17175
2013/01/30,17130
2013/01/31,17150
2013/02/01,17100
2013/02/04,16918
2013/02/05,17150
2013/02/06,17100
2013/02/07,16922
2013/02/08,16500
2013/02/11,16490
2013/02/12,16510
2013/02/13,16602
2013/02/14,16600
2013/02/15,16520
2013/02/18,16550
2013/02/19,16356
2013/02/20,16400
2013/02/21,16205
2013/02/22,16215
2013/02/25,16450
2013/02/26,16361
2013/02/27,16150
2013/02/28,16250
2013/03/01,16270
2013/03/04,16202
2013/03/05,16395
2013/03/06,16515
2013/03/07,16400
2013/03/08,16550
2013/03/11,16530
2013/03/12,16480
2013/03/13,16375
2013/03/14,16251
2013/03/15,15999
2013/03/18,15849
2013/03/19,15800
2013/03/20,15605
2013/03/22,15250
2013/03/25,15600
2013/03/26,16000
2013/03/27,15830
2013/03/28,15500
2013/04/02,15680
2013/04/03,15450
2013/04/04,15010
2013/04/05,14821
2013/04/08,15250
2013/04/09,15215
2013/04/10,15651
2013/04/11,15700
2013/04/12,15300
2013/04/15,15000
2013/04/16,15180
2013/04/17,15045
2013/04/18,14695
2013/04/19,14850
2013/04/22,14795
2013/04/23,14675
2013/04/24,14617
2013/04/25,14550
2013/04/26,14475
2013/04/29,14449
2013/04/30,14769
2013/05/02,14851
2013/05/03,14800
2013/05/06,14900
2013/05/07,14975
2013/05/08,15060
2013/05/09,15140
2013/05/10,15000
2013/05/13,15113
2013/05/14,14890
2013/05/15,15015
2013/05/16,15424
2013/05/17,15288
2013/05/20,14520
2013/05/21,14950
2013/05/22,15000
2013/05/23,14675
2013/05/24,14650
2013/05/27,14712
2013/05/28,14770
2013/05/29,14530
2013/05/30,14880
2013/05/31,14943
2013/06/03,14390
2013/06/04,14355
2013/06/05,14150
2013/06/06,14200
2013/06/07,14350
2013/06/10,14175
2013/06/11,14000
2013/06/12,13870
2013/06/13,14000
2013/06/14,14099
2013/06/18,14497
2013/06/19,14170
2013/06/20,14045
2013/06/21,13702
2013/06/24,13780
2013/06/25,14100
2013/06/26,14700
2013/06/27,14543
2013/06/28,14850
2013/07/01,14555
2013/07/02,14795
2013/07/03,14010
2013/07/04,14150
2013/07/05,13800
2013/07/08,14050
2013/07/09,14149
2013/07/10,13700
2013/07/11,14290
2013/07/12,14399
2013/07/15,14300
2013/07/16,13985
2013/07/17,14300
2013/07/18,14290
2013/07/19,14060
2013/07/22,14050
2013/07/23,14899
2013/07/24,14949
2013/07/25,14795
2013/07/26,14750
2013/07/29,15167
2013/07/30,14100
2013/07/31,14295
2013/08/01,14110
2013/08/02,14245
2013/08/05,14067
2013/08/06,14040
2013/08/07,13925
2013/08/08,13975
2013/08/12,14010
2013/08/13,14050
2013/08/14,14050
2013/08/15,13966
2013/08/16,13997
2013/08/19,13860
2013/08/20,13840
2013/08/21,13775
2013/08/22,13740
2013/08/23,13700
2013/08/26,13751
2013/08/27,13700
2013/08/28,13530
2013/08/29,13545
2013/08/30,13700
2013/09/02,13672
2013/09/03,13945
2013/09/04,13860
2013/09/05,14140
2013/09/06,14275
2013/09/09,13875
2013/09/10,13993
2013/09/11,14100
2013/09/12,14400
2013/09/13,14190
2013/09/16,14200
2013/09/17,14311
2013/09/18,14200
2013/09/19,14679
2013/09/20,14645
2013/09/23,14695
2013/09/25,14975
2013/09/26,14950
2013/09/27,14760
2013/09/30,14740
2013/10/01,14750
2013/10/02,14575
2013/10/03,14800
2013/10/04,14659
2013/10/07,14801
2013/10/08,14650
2013/10/09,14500
2013/10/10,14985
2013/10/11,15300
2013/10/14,15300
2013/10/15,15425
2013/10/16,15749
2013/10/17,15610
2013/10/18,15560
2013/10/21,15540
2013/10/22,15483
2013/10/23,15192
2013/10/24,15160
2013/10/25,15060
2013/10/28,15420
2013/10/29,15550
2013/10/30,15340
2013/10/31,15499
2013/11/01,15192
2013/11/04,15199
2013/11/05,15100
2013/11/06,15099
2013/11/07,14900
2013/11/08,14755
2013/11/11,14730
2013/11/12,14715
2013/11/13,14500
2013/11/14,14598
2013/11/15,14633
2013/11/18,13905
2013/11/19,13791
2013/11/20,13794
2013/11/21,13550
2013/11/22,13370
2013/11/25,13315
2013/11/26,13207
2013/11/27,13600
2013/11/28,13531
2013/11/29,13600
2013/12/02,13660
2013/12/03,13290
2013/12/04,13194
2013/12/05,13223
2013/12/06,13329
2013/12/09,13199
2013/12/10,13060
2013/12/11,13015
2013/12/12,12815
2013/12/13,12849
2013/12/17,12700
2013/12/18,12650
2013/12/19,12755
2013/12/20,13290
2013/12/23,13062
2013/12/24,13185
2013/12/27,13222
2013/12/30,13442
2013/12/31,13225
2014/01/02,13385
2014/01/03,13350
2014/01/06,13031
2014/01/07,13230
2014/01/08,13157
2014/01/09,13160
2014/01/10,13200
2014/01/13,13160
2014/01/14,13000
2014/01/15,13290
2014/01/16,13285
2014/01/17,12950
2014/01/20,12900
2014/01/21,13025
2014/01/22,13304
2014/01/23,13330
2014/01/24,13323
2014/01/27,13100
2014/01/28,13086
2014/01/29,12850
2014/01/30,12500
2014/01/31,13000
2014/02/03,12605
2014/02/04,12500
2014/02/05,12600
2014/02/06,12400
2014/02/07,12650
2014/02/10,12406
2014/02/11,12750
2014/02/12,13162
2014/02/13,12987
2014/02/14,13030
2014/02/17,13280
2014/02/18,13411
2014/02/19,13418
2014/02/20,13300
2014/02/21,13232
2014/02/24,13460
2014/02/25,13390
2014/02/26,13280
2014/02/27,13100
2014/02/28,13259
2014/03/03,13105
2014/03/04,13290
2014/03/05,13417
2014/03/06,13575
2014/03/07,13700
2014/03/10,13650
2014/03/11,13647
2014/03/12,13544
2014/03/13,13810
2014/03/14,13955
2014/03/17,14101
2014/03/18,14168
2014/03/19,14331
2014/03/20,14351
2014/03/24,14408
2014/03/25,14701
2014/03/26,15026
2014/03/27,14900
2014/03/28,15125
2014/03/31,14900
2014/04/01,14900
2014/04/02,15023
2014/04/03,15000
2014/04/04,15210
2014/04/07,15300
2014/04/08,15528
2014/04/09,15500
2014/04/10,15500
2014/04/11,15300
2014/04/14,15130
2014/04/15,14962
2014/04/16,15070
2014/04/17,15454
2014/04/22,15310
2014/04/23,15200
2014/04/24,15213
2014/04/25,15400
2014/04/29,15350
2014/04/30,15400
2014/05/02,15425
2014/05/05,15200
2014/05/06,15199
2014/05/08,15300
2014/05/09,15400
2014/05/12,15655
2014/05/13,15650
2014/05/14,15598
2014/05/15,15500
2014/05/16,15500
2014/05/19,15500
2014/05/20,15500
2014/05/21,15595
2014/05/22,15646
2014/05/23,15850
2014/05/26,15754
2014/05/27,15540
2014/05/28,15600
2014/05/29,15490
2014/05/30,15410
2014/06/02,15300
2014/06/03,15300
2014/06/04,15450
2014/06/05,15800
2014/06/06,16021
2014/06/09,15875
2014/06/10,16269
2014/06/11,16440
2014/06/12,16155
2014/06/13,16115
2014/06/17,16052
2014/06/18,15740
2014/06/19,16000
2014/06/20,16051
2014/06/23,16200
2014/06/24,16150
2014/06/25,16035
2014/06/26,15920
2014/06/27,15890
2014/06/30,16150
2014/07/01,16300
2014/07/02,16150
2014/07/03,16076
2014/07/04,15991
2014/07/07,16211
2014/07/08,16212
2014/07/09,16375
2014/07/10,16075
2014/07/11,16499
2014/07/14,16470
2014/07/15,16650
2014/07/16,16705
2014/07/17,16650
2014/07/18,16700
2014/07/21,16615
2014/07/22,16660
2014/07/23,16794
2014/07/24,16887
2014/07/25,16900
2014/07/28,17120
2014/07/29,17230
2014/07/30,16910
2014/07/31,16750
2014/08/01,16757
2014/08/04,16900
2014/08/05,17000
2014/08/06,16761
2014/08/07,16788
2014/08/08,16687
2014/08/11,16980
2014/08/12,17000
2014/08/13,16810
2014/08/14,16750
2014/08/15,16658
2014/08/18,16873
2014/08/19,16860
2014/08/20,16500
2014/08/21,16747
2014/08/22,16763
2014/08/25,16821
2014/08/26,17000
2014/08/27,16900
2014/08/28,16850
2014/08/29,16658
2014/09/01,16750
2014/09/02,16830
2014/09/03,17225
2014/09/04,17700
2014/09/05,17550
2014/09/08,17200
2014/09/09,16650
2014/09/10,16550
2014/09/11,16453
2014/09/12,16345
2014/09/15,16253
2014/09/16,16352
2014/09/17,16250
2014/09/18,16328
2014/09/19,16150
2014/09/22,15852
2014/09/23,15797
2014/09/25,15455
2014/09/26,15567
2014/09/29,15545
2014/09/30,15413
2014/10/01,15480
2014/10/02,15400
2014/10/03,15479
2014/10/06,15700
2014/10/07,15722
2014/10/08,15600
2014/10/09,15700
2014/10/10,15450
2014/10/13,15691
2014/10/14,15855
2014/10/15,15500
2014/10/16,15381
2014/10/17,15469
2014/10/20,15652
2014/10/21,15950
2014/10/22,15875
2014/10/23,15901
2014/10/24,15950
2014/10/27,16211
2014/10/28,16410
2014/10/29,17100
2014/10/30,17100
2014/10/31,17416
2014/11/03,17537
2014/11/04,17272
2014/11/05,16884
2014/11/06,16890
2014/11/07,16900
2014/11/10,17310
2014/11/11,17500
2014/11/12,17501
2014/11/13,17728
2014/11/14,17630
2014/11/17,17599
2014/11/18,17799
2014/11/19,17900
2014/11/20,17609
2014/11/21,18150
2014/11/24,18282
2014/11/25,18100
2014/11/26,18068
2014/11/27,18039
2014/11/28,17840
2014/12/01,17505
2014/12/02,18000
2014/12/03,18175
2014/12/04,17751
2014/12/05,17950
2014/12/08,18150
2014/12/09,17850
2014/12/10,17723
2014/12/11,17200
2014/12/12,17313
2014/12/15,16954
2014/12/17,17011
2014/12/18,17800
2014/12/19,17739
2014/12/22,17769
2014/12/23,18126
2014/12/24,18000
2014/12/29,18273
2014/12/30,18093
2014/12/31,18200
2015/01/02,17989
2015/01/05,17375
2015/01/06,17828
2015/01/07,18200
2015/01/08,18670
2015/01/09,18169
2015/01/12,17800
2015/01/13,18475
2015/01/14,18117
2015/01/15,18171
2015/01/16,18075
2015/01/19,18118
2015/01/20,18074
2015/01/21,18210
2015/01/22,18590
2015/01/23,18863
2015/01/26,19122
2015/01/27,19701
2015/01/28,19950
2015/01/29,19750
2015/01/30,19891
2015/02/02,18995
2015/02/03,19289
2015/02/04,18733
2015/02/05,18560
2015/02/06,19198
2015/02/09,18923
2015/02/10,18794
2015/02/11,18722
2015/02/12,18700
2015/02/13,18600
2015/02/16,18500
2015/02/17,18551
2015/02/18,18938
2015/02/19,19190
2015/02/20,19000
2015/02/23,19002
2015/02/24,18970
2015/02/25,19464
2015/02/26,19470
2015/02/27,19273
2015/03/02,19050
2015/03/03,18425
2015/03/04,18700
2015/03/05,18612
2015/03/06,18227
2015/03/09,17791
2015/03/10,17490
2015/03/11,17380
2015/03/12,17600
2015/03/13,17400
2015/03/16,17895
2015/03/17,18032
2015/03/18,18110
2015/03/19,18423
2015/03/20,18000
2015/03/23,17907
2015/03/24,18655
2015/03/25,18355
2015/03/26,18340
2015/03/27,18300
2015/03/30,18540
2015/03/31,18500
2015/04/01,18993
2015/04/02,18967
2015/04/07,19100
2015/04/08,19450
2015/04/09,19170
2015/04/10,19120
2015/04/13,18450
2015/04/14,18501
2015/04/15,18311
2015/04/16,18450
2015/04/17,18470
2015/04/20,18501
2015/04/21,19050
2015/04/22,18956
2015/04/23,19075
2015/04/24,19000
2015/04/28,19200
2015/04/29,19099
2015/04/30,19058
2015/05/04,18761
2015/05/05,18930
2015/05/06,18800
2015/05/07,18408
2015/05/08,18622
2015/05/11,18300
2015/05/12,18290
2015/05/13,18100
2015/05/14,17851
2015/05/15,18580
2015/05/18,18675
2015/05/19,18509
2015/05/20,18410
2015/05/21,18250
2015/05/22,18210
2015/05/25,18276
2015/05/26,17854
2015/05/27,18249
2015/05/28,17825
2015/05/29,17573
2015/06/01,17775
2015/06/02,17870
2015/06/03,17670
2015/06/04,17605
2015/06/05,17721
2015/06/08,18000
2015/06/09,18000
2015/06/10,18158
2015/06/11,18348
2015/06/12,17962
2015/06/15,17727
2015/06/17,17496
2015/06/18,17707
2015/06/19,17384
2015/06/22,17794
2015/06/23,18026
2015/06/24,18000
2015/06/25,18200
2015/06/26,18079
2015/06/29,17734
2015/06/30,18298
2015/07/01,18119
2015/07/02,18208
2015/07/03,18280
2015/07/06,18277
2015/07/07,17886
2015/07/08,18200
2015/07/09,18550
2015/07/10,18859
2015/07/13,18843
2015/07/14,18825
2015/07/15,18690
2015/07/16,18762
2015/07/17,18737
2015/07/20,18920
2015/07/21,19153
2015/07/22,18823
2015/07/23,18969
2015/07/24,18734
2015/07/27,18813
2015/07/28,18690
2015/07/29,18328
2015/07/30,18430
2015/07/31,18619
2015/08/03,18436
2015/08/04,18955
2015/08/05,18843
2015/08/06,18433
2015/08/07,18500
2015/08/11,18500
2015/08/12,17938
2015/08/13,18100
2015/08/14,17893
2015/08/17,18034
2015/08/18,17848
2015/08/19,17630
2015/08/20,17410
2015/08/21,17372
2015/08/24,16922
2015/08/25,17457
2015/08/26,16930
2015/08/27,17271
2015/08/28,17441
2015/08/31,17376
2015/09/01,17023
2015/09/02,17275
2015/09/03,17600
2015/09/04,17498
2015/09/07,16600
2015/09/08,16901
2015/09/09,17100
2015/09/10,17001
2015/09/11,17041
2015/09/14,17150
2015/09/15,16950
2015/09/16,17310
2015/09/17,17675
2015/09/18,17700
2015/09/21,17300
2015/09/22,17232
2015/09/23,17160
2015/09/25,17128
2015/09/28,16705
2015/09/29,16900
2015/09/30,17020
2015/10/01,17262
2015/10/02,17350
2015/10/05,17842
2015/10/06,17785
2015/10/07,17900
2015/10/08,17500
2015/10/09,17700
2015/10/12,17500
2015/10/13,17377
2015/10/14,17331
2015/10/15,17267
2015/10/16,17418
2015/10/19,17833
2015/10/20,17666
2015/10/21,17460
2015/10/22,17410
2015/10/23,17758
2015/10/26,17890
2015/10/27,17640
2015/10/28,17945
2015/10/29,17712
2015/10/30,17760
2015/11/02,17776
2015/11/03,17691
2015/11/04,17953
2015/11/05,17925
2015/11/06,17583
2015/11/09,17499
2015/11/10,17200
2015/11/11,17000
2015/11/12,16577
2015/11/13,16310
2015/11/16,16400
2015/11/17,16803
2015/11/18,16392
2015/11/19,17091
2015/11/20,17289
2015/11/23,17014
2015/11/24,16632
2015/11/25,16378
2015/11/26,16462
2015/11/27,16325
2015/11/30,15889
2015/12/01,15770
2015/12/02,15619
2015/12/03,15322
2015/12/04,15060
2015/12/07,15106
2015/12/08,15125
2015/12/09,15419
2015/12/10,13179
2015/12/11,12784
2015/12/14,13921
2015/12/15,14154
2015/12/17,14350
2015/12/18,14204
2015/12/21,14529
2015/12/22,14557
2015/12/23,15008
2015/12/24,14900
2015/12/28,14730
2015/12/29,14412
2015/12/30,14268
2015/12/31,14349
2016/01/04,13600
2016/01/05,13816
2016/01/06,13560
2016/01/07,13000
2016/01/08,13200
2016/01/11,12650
2016/01/12,12800
2016/01/13,13184
2016/01/14,13025
2016/01/15,12725
2016/01/18,12870
2016/01/19,12951
2016/01/20,12643
2016/01/21,12273
2016/01/22,12798
2016/01/25,12735
2016/01/26,12900
2016/01/27,13144
2016/01/28,13700
2016/01/29,14396
2016/02/01,14250
2016/02/02,13681
2016/02/03,13749
2016/02/04,14331
2016/02/05,14550
2016/02/08,14334
2016/02/09,13963
2016/02/10,14400
2016/02/11,14064
2016/02/12,14650
2016/02/15,15696
2016/02/16,15101
2016/02/17,15095
2016/02/18,15744
2016/02/19,15138
2016/02/22,15360
2016/02/23,14756
2016/02/24,14600
2016/02/25,14786
2016/02/26,14483
2016/02/29,13600
2016/03/01,13889
2016/03/02,14442
2016/03/03,14201
2016/03/04,13900
2016/03/07,13991
2016/03/08,14090
2016/03/09,13801
2016/03/10,13650
2016/03/11,13630
2016/03/14,13460
2016/03/15,13520
2016/03/16,13575
2016/03/17,14480
2016/03/18,15000
2016/03/22,14800
2016/03/23,14475
2016/03/24,14200
2016/03/29,14078
2016/03/30,14581
2016/03/31,14959
2016/04/01,14750
2016/04/04,14490
2016/04/05,14125
2016/04/06,13200
2016/04/07,13000
2016/04/08,13575
2016/04/11,13674
2016/04/12,13850
2016/04/13,13900
2016/04/14,13753
2016/04/15,14001
2016/04/18,14590
2016/04/19,14300
2016/04/20,15000
2016/04/21,14863
2016/04/22,14473
2016/04/25,14386
2016/04/26,14482
2016/04/28,14966
2016/04/29,14430
2016/05/03,13880
2016/05/04,13472
2016/05/05,13160
2016/05/06,13350
2016/05/09,13750
2016/05/10,13543
2016/05/11,13780
2016/05/12,13600
2016/05/13,13767
2016/05/16,13669
2016/05/17,13566
2016/05/18,13771
2016/05/19,13600
2016/05/20,14110
2016/05/23,14211
2016/05/24,14405
2016/05/25,14599
2016/05/26,15038
2016/05/27,14631
2016/05/30,14600
2016/05/31,14595
2016/06/01,14678
2016/06/02,14900
2016/06/03,15337
2016/06/06,15402
2016/06/07,15486
2016/06/08,15040
2016/06/09,14800
2016/06/10,14650
2016/06/13,14490
2016/06/14,14313
2016/06/15,14360
2016/06/17,14603
2016/06/20,14617
2016/06/21,14539
2016/06/22,15148
2016/06/23,15317
2016/06/24,14607
2016/06/27,13916
2016/06/28,14440
2016/06/29,14222
2016/06/30,14408
2016/07/01,13990
2016/07/04,13934
2016/07/05,13922
2016/07/06,13318
2016/07/07,13646
2016/07/08,13772
2016/07/11,14000
2016/07/12,14300
2016/07/13,14366
2016/07/14,14510
2016/07/15,14600
2016/07/18,14600
2016/07/19,14883
2016/07/20,14959
2016/07/21,15050
2016/07/22,15128
2016/07/25,15300
2016/07/26,15390
2016/07/27,15522
2016/07/28,15445
2016/07/29,15349
2016/08/01,15790
2016/08/02,15600
2016/08/04,16100
2016/08/05,16050
2016/08/08,16250
2016/08/10,16177
2016/08/11,16154
2016/08/12,16500
2016/08/15,16457
2016/08/16,16245
2016/08/17,16000
2016/08/18,16352
2016/08/19,16500
2016/08/22,16258
2016/08/23,16340
2016/08/24,15500
2016/08/25,15343
2016/08/26,15320
2016/08/29,15355
2016/08/30,15250
2016/08/31,14890
2016/09/01,14300
2016/09/02,14865
2016/09/05,14850
2016/09/06,15278
2016/09/07,14850
2016/09/08,15076
2016/09/09,15000
2016/09/12,14768
2016/09/13,14590
2016/09/14,14560
2016/09/15,14508
2016/09/16,14562
2016/09/19,14924
2016/09/20,14760
2016/09/21,14874
2016/09/22,15375
2016/09/23,15359
2016/09/26,15200
2016/09/27,15190
2016/09/28,15150
2016/09/29,15559
2016/09/30,15100
2016/10/03,15100
2016/10/04,15540
2016/10/05,15500
2016/10/06,15681
2016/10/07,15637
2016/10/10,15500
2016/10/11,15050
2016/10/12,15119
2016/10/13,14619
2016/10/14,14618
2016/10/17,14725
2016/10/18,15059
2016/10/19,15210
2016/10/20,15140
2016/10/21,15058
2016/10/24,15400
2016/10/25,15310
2016/10/26,15480
2016/10/27,15365
2016/10/28,15200
2016/10/31,15636
2016/11/01,15713
2016/11/02,15738
2016/11/03,15399
2016/11/04,15205
2016/11/07,15525
2016/11/08,15995
2016/11/09,15625
2016/11/10,15048
2016/11/11,14590
2016/11/14,14400
2016/11/15,14750
2016/11/16,15102
2016/11/17,15285
2016/11/18,15411
2016/11/21,15471
2016/11/22,15958
2016/11/23,15693
2016/11/24,15375
2016/11/25,15421
2016/11/28,16050
2016/11/29,16003
2016/11/30,15731
2016/12/01,15925
2016/12/02,15750
2016/12/05,16115
2016/12/06,15966
2016/12/07,16111
2016/12/08,16705
2016/12/09,16825
2016/12/12,16736
2016/12/13,16840
2016/12/14,16883
2016/12/15,16512
2016/12/19,16560
2016/12/20,16525
2016/12/21,16625
2016/12/22,16426
2016/12/23,16450
2016/12/28,16834
2016/12/29,16970
2016/12/30,16869
2017/01/03,17000
2017/01/04,17170
2017/01/05,16680
2017/01/06,16950
2017/01/09,16967
2017/01/10,16732
2017/01/11,16881
2017/01/12,17100
2017/01/13,17110
2017/01/16,16919
2017/01/17,16642
2017/01/18,16760
2017/01/19,16500
2017/01/20,16300
2017/01/23,16460
2017/01/24,16450
2017/01/25,16506
2017/01/26,16373
2017/01/27,15600
2017/01/30,15650
2017/01/31,15881
2017/02/01,15640
2017/02/02,15420
2017/02/03,15457
2017/02/06,15335
2017/02/07,15651
2017/02/08,15507
2017/02/09,15900
2017/02/10,16214
2017/02/13,16351
2017/02/14,16425
2017/02/15,16376
2017/02/16,16297
2017/02/17,16089
2017/02/20,16133
2017/02/21,16027
2017/02/22,15757
2017/02/23,15685
2017/02/24,15620
2017/02/27,15480
2017/02/28,15195
2017/03/01,15525
2017/03/02,15400
2017/03/03,15350
2017/03/06,15450
2017/03/07,15171
2017/03/08,15015
2017/03/09,15065
2017/03/10,15072
2017/03/13,15200
2017/03/14,14827
2017/03/15,15055
2017/03/16,15718
2017/03/17,15621
2017/03/20,15509
2017/03/22,15750
2017/03/23,15757
2017/03/24,15850
2017/03/27,15344
2017/03/28,15068
2017/03/29,14935
2017/03/30,15027
2017/03/31,13951
2017/04/03,14300
2017/04/04,14414
2017/04/05,13850
2017/04/06,13580
2017/04/07,13891
2017/04/10,14047
2017/04/11,14300
2017/04/12,14497
2017/04/13,14550
2017/04/18,14400
2017/04/19,14350
2017/04/20,14400
2017/04/21,14437
2017/04/24,14854
2017/04/25,14782
2017/04/26,14807
2017/04/28,14700
2017/05/02,14799
2017/05/03,14759
2017/05/04,14500
2017/05/05,14440
2017/05/08,14700
2017/05/09,14791
2017/05/10,14718
2017/05/11,14560
2017/05/12,14400
2017/05/15,14394
2017/05/16,14547
2017/05/17,14262
2017/05/18,14179
2017/05/19,14246
2017/05/22,14374
2017/05/23,14640
2017/05/24,14998
2017/05/25,14960
2017/05/26,14767
2017/05/29,14679
2017/05/30,14595
2017/05/31,13900
2017/06/01,14356
2017/06/02,14900
2017/06/05,15200
2017/06/06,14660
2017/06/07,14600
2017/06/08,14500
2017/06/09,14640
2017/06/12,14890
2017/06/13,14767
2017/06/14,14865
2017/06/15,14650
2017/06/19,14486
2017/06/20,14393
2017/06/21,14210
2017/06/22,14177
2017/06/23,14425
2017/06/26,14612
2017/06/27,14608
2017/06/28,14559
2017/06/29,14350
2017/06/30,14375
2017/07/03,14350
2017/07/04,14442
2017/07/05,14378
2017/07/06,14238
2017/07/07,13929
2017/07/10,14177
2017/07/11,13990
2017/07/12,14405
2017/07/13,14480
2017/07/14,14536
2017/07/17,14657
2017/07/18,14388
2017/07/19,14750
2017/07/20,14860
2017/07/21,14670
2017/07/24,14741
2017/07/25,14700
2017/07/26,14684
2017/07/27,14711
2017/07/28,14393
2017/07/31,14460
2017/08/01,14300
2017/08/02,14250
2017/08/03,14465
2017/08/04,14651
2017/08/07,14917
2017/08/08,15108
2017/08/10,14805
2017/08/11,14822
2017/08/14,14897
2017/08/15,14890
2017/08/16,14968
2017/08/17,14789
2017/08/18,14862
2017/08/21,14969
2017/08/22,15030
2017/08/23,15095
2017/08/24,15250
2017/08/25,15300
2017/08/28,15299
2017/08/29,15128
2017/08/30,14884
2017/08/31,14838
2017/09/01,14824
2017/09/04,14816
2017/09/05,15000
2017/09/06,14037
2017/09/07,14215
2017/09/08,14200
2017/09/11,14050
2017/09/12,14000
2017/09/13,13900
2017/09/14,13793
2017/09/15,13568
2017/09/18,13871
2017/09/19,13785
2017/09/20,14134
2017/09/21,13849
2017/09/22,13959
2017/09/26,13687
2017/09/27,13600
2017/09/28,13720
2017/09/29,13900
2017/10/02,13820
2017/10/03,13708
2017/10/04,13962
2017/10/05,14205
2017/10/06,14298
2017/10/09,14300
2017/10/10,14350
2017/10/11,14602
2017/10/12,14655
2017/10/13,14750
2017/10/16,14835
2017/10/17,14552
2017/10/18,14700
2017/10/19,14700
2017/10/20,14093
2017/10/23,14230
2017/10/24,14295
2017/10/25,14030
2017/10/26,13630
2017/10/27,13897
2017/10/30,13958
2017/10/31,14014
2017/11/01,14109
2017/11/02,14170
2017/11/03,14160
2017/11/06,14216
2017/11/07,14400
2017/11/08,14369
2017/11/09,14227
2017/11/10,14236
2017/11/13,14188
2017/11/14,14370
2017/11/15,14300
2017/11/16,14300
2017/11/17,14776
2017/11/20,14800
2017/11/21,15000
2017/11/22,15231
2017/11/23,15330
2017/11/24,15130
2017/11/27,15461
2017/11/28,15889
2017/11/29,15850
2017/11/30,15778
2017/12/01,16000
2017/12/04,16000
2017/12/05,16150
2017/12/06,16058
2017/12/07,15950
2017/12/08,15699
2017/12/11,15050
2017/12/12,15095
2017/12/13,15170
2017/12/14,16005
2017/12/15,16184
2017/12/18,17150
2017/12/19,19126
2017/12/20,18110
2017/12/21,17395
2017/12/22,17200
2017/12/27,17685
2017/12/28,17800
2017/12/29,18199
2018/01/02,17736
2018/01/03,16962
2018/01/04,16960
2018/01/05,17000
2018/01/08,17096
2018/01/09,17620
2018/01/10,17446
2018/01/11,17200
2018/01/12,17250
2018/01/15,17200
2018/01/16,17800
2018/01/17,17844
2018/01/18,18300
2018/01/19,17900
2018/01/22,18300
2018/01/23,18919
2018/01/24,18549
2018/01/25,18541
2018/01/26,18347
2018/01/29,17600
2018/01/30,17295
2018/01/31,18010
2018/02/01,18350
2018/02/02,18199
2018/02/05,18007
2018/02/06,17600
2018/02/07,18370
2018/02/08,18350
2018/02/09,18300
2018/02/12,18745
2018/02/13,18928
2018/02/14,19090
2018/02/15,20575
2018/02/16,20478
2018/02/19,20260
2018/02/20,19800
2018/02/21,19916
2018/02/22,19755
2018/02/23,20388
2018/02/26,20456
2018/02/27,20200
2018/02/28,19850
2018/03/01,20017
2018/03/02,20017
2018/03/05,20186
2018/03/06,20620
2018/03/07,20550
2018/03/08,20700
2018/03/09,20600
2018/03/12,20398
2018/03/13,20399
2018/03/14,19915
2018/03/15,19960
2018/03/16,19940
2018/03/19,19990
2018/03/20,19957
2018/03/22,19436
2018/03/23,19567
2018/03/26,19616
2018/03/27,19336
2018/03/28,18670
2018/03/29,18970
2018/04/03,18498
2018/04/04,18200
2018/04/05,18491
2018/04/06,18681
2018/04/09,18600
2018/04/10,18339
2018/04/11,17700
2018/04/12,17700
2018/04/13,17680
2018/04/16,17888
2018/04/17,17670
2018/04/18,18160
2018/04/19,17970
2018/04/20,18000
2018/04/23,17400
2018/04/24,17400
2018/04/25,17055
2018/04/26,17600
2018/04/30,18299
2018/05/02,18247
2018/05/03,17651
2018/05/04,17977
2018/05/07,18077
2018/05/08,17690
2018/05/09,17742
2018/05/10,17872
2018/05/11,18004
2018/05/14,18100
2018/05/15,17365
2018/05/16,17750
2018/05/17,16961
2018/05/18,16450
2018/05/21,16121
2018/05/22,16300
2018/05/23,16052
2018/05/24,15866
2018/05/25,16352
2018/05/28,16354
2018/05/29,16310
2018/05/30,16165
2018/05/31,16168
2018/06/01,16747
2018/06/04,16844
2018/06/05,16275
2018/06/06,16499
2018/06/07,16251
2018/06/08,16263
2018/06/11,16173
2018/06/12,16204
2018/06/13,16272
2018/06/14,16568
2018/06/15,16230
2018/06/18,15840
2018/06/19,15500
2018/06/20,15837
2018/06/21,16149
2018/06/22,16195
2018/06/25,15950
2018/06/26,15900
2018/06/27,15280
2018/06/28,15186
2018/06/29,15999
2018/07/02,15978
2018/07/03,16376
2018/07/04,16697
2018/07/05,16567
2018/07/06,16442
2018/07/09,16775
2018/07/10,16530
2018/07/11,16200
2018/07/12,16179
2018/07/13,15907
2018/07/16,15608
2018/07/17,15800
2018/07/18,15971
2018/07/19,15684
2018/07/20,16199
2018/07/23,16012
2018/07/24,16226
2018/07/25,16320
2018/07/26,16645
2018/07/27,16733
2018/07/30,16988
2018/07/31,17189
2018/08/01,16998
2018/08/02,16730
2018/08/03,17126
2018/08/06,16616
2018/08/07,16598
2018/08/08,16750
2018/08/10,16236
2018/08/13,16025
2018/08/14,16261
2018/08/15,15700
2018/08/16,16100
2018/08/17,15818
2018/08/20,15970
2018/08/21,15814
2018/08/22,15950
2018/08/23,16014
2018/08/24,16075
2018/08/27,16643
2018/08/28,16811
2018/08/29,16472
2018/08/30,16350
2018/08/31,16255
2018/09/03,16391
2018/09/04,15703
2018/09/05,15400
2018/09/06,15771
2018/09/07,15600
2018/09/10,15450
2018/09/11,15413
2018/09/12,14970
2018/09/13,14763
2018/09/14,15000
2018/09/17,14590
2018/09/18,14700
2018/09/19,15107
2018/09/20,15038
2018/09/21,15510
2018/09/25,15300
2018/09/26,15500
2018/09/27,15431
2018/09/28,15188
2018/10/01,15317
2018/10/02,15100
2018/10/03,14888
2018/10/04,14623
2018/10/05,14560
2018/10/08,14635
2018/10/09,14861
2018/10/10,14806
2018/10/11,14462
2018/10/12,14828
2018/10/15,14578
2018/10/16,14956
2018/10/17,14676
2018/10/18,14642
2018/10/19,14665
2018/10/22,14418
2018/10/23,14050
2018/10/24,14297
2018/10/25,14800
2018/10/26,14480
2018/10/29,15180
2018/10/30,15250
2018/10/31,14911
2018/11/01,15300
2018/11/02,15874
2018/11/05,16225
2018/11/06,15945
2018/11/07,16275
2018/11/08,16007
2018/11/09,15819
2018/11/12,15485
2018/11/13,15700
2018/11/14,15500
2018/11/15,15558
2018/11/16,15577
2018/11/19,15913
2018/11/20,15465
2018/11/21,15406
2018/11/22,15350
2018/11/23,15247
2018/11/26,15737
2018/11/27,15574
2018/11/28,15700
2018/11/29,15880
2018/11/30,15400
2018/12/03,15745
2018/12/04,16040
2018/12/05,15950
2018/12/06,15414
2018/12/07,15492
2018/12/10,15044
2018/12/11,15445
2018/12/12,15642
2018/12/13,15907
2018/12/14,15833
2018/12/18,15421
2018/12/19,15931
2018/12/20,15700
2018/12/21,15457
2018/12/24,15478
2018/12/27,15612
2018/12/28,15924
2018/12/31,16182
2019/01/02,15780
2019/01/03,15872
2019/01/04,16015
2019/01/07,16269
2019/01/08,16463
2019/01/09,16450
2019/01/10,16746
2019/01/11,16955
2019/01/14,16900
2019/01/15,17100
2019/01/16,17570
2019/01/17,17424
2019/01/18,17459
2019/01/21,17419
2019/01/22,17444
2019/01/23,17443
2019/01/24,17550
2019/01/25,18000
2019/01/28,17561
2019/01/29,18628
2019/01/30,18532
2019/01/31,18479
2019/02/01,18290
2019/02/04,17533
2019/02/05,17565
2019/02/06,17685
2019/02/07,17550
2019/02/08,17598
2019/02/11,17480
2019/02/12,17892
2019/02/13,18450
2019/02/14,17801
2019/02/15,17397
2019/02/18,17466
2019/02/19,17023
2019/02/20,17079
2019/02/21,17703
2019/02/22,17725
2019/02/25,18083
2019/02/26,18300
2019/02/27,18230
2019/02/28,18060
2019/03/01,17681
2019/03/04,17500
2019/03/05,17409
2019/03/06,17320
2019/03/07,17245
2019/03/08,17235
2019/03/11,16700
2019/03/12,16668
2019/03/13,15932
2019/03/14,16180
2019/03/15,16530
2019/03/18,16712
2019/03/19,16049
2019/03/20,15530
2019/03/22,15188
2019/03/25,15035
2019/03/26,15058
2019/03/27,15250
2019/03/28,15130
2019/03/29,15210
2019/04/01,15900
2019/04/02,15794
2019/04/03,16460
2019/04/04,16403
2019/04/05,16585
2019/04/08,16399
2019/04/09,16331
2019/04/10,16117
2019/04/11,16029
2019/04/12,15883
2019/04/15,16358
2019/04/16,16092
2019/04/17,16297
2019/04/18,16429
2019/04/23,16376
2019/04/24,16024
2019/04/25,15819
2019/04/26,16098
2019/04/29,16221
2019/04/30,16426
2019/05/02,16865
2019/05/03,17300
2019/05/06,16850
2019/05/07,16713
2019/05/09,16160
2019/05/10,16715
2019/05/13,16849
2019/05/14,17070
2019/05/15,16869
2019/05/16,16955
2019/05/17,16761
2019/05/20,16906
2019/05/21,16420
2019/05/22,16620
2019/05/23,16124
2019/05/24,16081
2019/05/27,16116
2019/05/28,15835
2019/05/29,16255
2019/05/30,16867
2019/05/31,16900
2019/06/03,17329
2019/06/04,16599
2019/06/05,16650
2019/06/06,16456
2019/06/07,17000
2019/06/10,17305
2019/06/11,17420
2019/06/12,17389
2019/06/13,17257
2019/06/14,17198
2019/06/18,17453
2019/06/19,17821
2019/06/20,17960
2019/06/21,18148
2019/06/24,17950
2019/06/25,17709
2019/06/26,17899
2019/06/27,17639
2019/06/28,17600
2019/07/01,17449
2019/07/02,17138
2019/07/03,17064
2019/07/04,16941
2019/07/05,16900
2019/07/08,16956
2019/07/09,16614
2019/07/10,16881
2019/07/11,16970
2019/07/12,16962
2019/07/15,16860
2019/07/16,17200
2019/07/17,16911
2019/07/18,17076
2019/07/19,17193
2019/07/22,16900
2019/07/23,16999
2019/07/24,16896
2019/07/25,16657
2019/07/26,16329
2019/07/29,16400
2019/07/30,16172
2019/07/31,15968
2019/08/01,15799
2019/08/02,15615
2019/08/05,15400
2019/08/06,15250
2019/08/07,15059
2019/08/08,15020
2019/08/12,14830
2019/08/13,14997
2019/08/14,14621
2019/08/15,15210
2019/08/16,14888
2019/08/19,14785
2019/08/20,14935
2019/08/21,15308
2019/08/22,15107
2019/08/23,15100
2019/08/26,15100
2019/08/27,14777
2019/08/28,15014
2019/08/29,14750
2019/08/30,15369
2019/09/02,15160
2019/09/03,15362
2019/09/04,15347
2019/09/05,15750
2019/09/06,16015
2019/09/09,16066
2019/09/10,16100
2019/09/11,15869
2019/09/12,16206
2019/09/13,16700
2019/09/16,17206
2019/09/17,16724
2019/09/18,16730
2019/09/19,16732
2019/09/20,16300
2019/09/23,16160
2019/09/25,15701
2019/09/26,16050
2019/09/27,15850
2019/09/30,15287
2019/10/01,15465
2019/10/02,15194
2019/10/03,15132
2019/10/04,15275
2019/10/07,15197
2019/10/08,14862
2019/10/09,15122
2019/10/10,15525
2019/10/11,16000
2019/10/14,15728
2019/10/15,15873
2019/10/16,16076
2019/10/17,15905
2019/10/18,15810
2019/10/21,16039
2019/10/22,16410
2019/10/23,16294
2019/10/24,16020
2019/10/25,15903
2019/10/28,16172
2019/10/29,16084
2019/10/30,15569
2019/10/31,15488
2019/11/01,15477
2019/11/04,15760
2019/11/05,16056
2019/11/06,16167
2019/11/07,16369
2019/11/08,16261
2019/11/11,16193
2019/11/12,16195
2019/11/13,16160
2019/11/14,16130
2019/11/15,16289
2019/11/18,16052
2019/11/19,16339
2019/11/20,16528
2019/11/21,15853
2019/11/22,15980
2019/11/25,15441
2019/11/26,14950
2019/11/27,15034
2019/11/28,14744
2019/11/29,14726
2019/12/02,14564
2019/12/03,14472
2019/12/04,14659
2019/12/05,14478
2019/12/06,14763
2019/12/09,14607
2019/12/10,14470
2019/12/11,14663
2019/12/12,14540
2019/12/13,15288
2019/12/17,14947
2019/12/18,15360
2019/12/19,15161
2019/12/20,14957
2019/12/23,14946
2019/12/24,14948
2019/12/27,14921
2019/12/30,15180
2019/12/31,14930
2020/01/02,15069
2020/01/03,14961
2020/01/06,14536
2020/01/07,14158
2020/01/08,14295
2020/01/09,14438
2020/01/10,14340
2020/01/13,14092
2020/01/14,14415
2020/01/15,14335
2020/01/16,14429
2020/01/17,13950
2020/01/20,13946
2020/01/21,14069
2020/01/22,14090
2020/01/23,13965
2020/01/24,14017
2020/01/27,13700
2020/01/28,13800
2020/01/29,13900
2020/01/30,13985
2020/01/31,13744
2020/02/03,13760
2020/02/04,14164
2020/02/05,14443
2020/02/06,14739
2020/02/07,14642
2020/02/10,14500
2020/02/11,14652
2020/02/12,14851
2020/02/13,14789
2020/02/14,14679
2020/02/17,14710
2020/02/18,14575
2020/02/19,14664
2020/02/20,14300
2020/02/21,14000
2020/02/24,13472
2020/02/25,13426
2020/02/26,14421
2020/02/27,13699
2020/02/28,13230
2020/03/02,13350
2020/03/03,13460
2020/03/04,13501
2020/03/05,13198
2020/03/06,12611
2020/03/09,12050
2020/03/10,12002
2020/03/11,12211
2020/03/12,11962
2020/03/13,11764
2020/03/16,11060
2020/03/17,10732
2020/03/18,9452
2020/03/19,7983
2020/03/20,8435
2020/03/23,7481
2020/03/24,7900
2020/03/25,7600
2020/03/26,8067
2020/03/27,7199
2020/03/30,6330
2020/03/31,7500
2020/04/01,7673
2020/04/02,7662
2020/04/03,7348
2020/04/06,8300
2020/04/07,8997
2020/04/08,8717
2020/04/09,9373
2020/04/14,9693
2020/04/15,8771
2020/04/16,8063
2020/04/17,8330
2020/04/20,8151
2020/04/21,8013
2020/04/22,8023
2020/04/23,8108
2020/04/24,7922
2020/04/28,8450
2020/04/29,8659
2020/04/30,9130
2020/05/04,8397
2020/05/05,8629
2020/05/06,8463
2020/05/07,8487
2020/05/08,8400
2020/05/11,8126
2020/05/12,8033
2020/05/13,7898
2020/05/14,7443
2020/05/15,7699
2020/05/18,7787
2020/05/19,7756
2020/05/20,7663
2020/05/21,7879
2020/05/22,7994
2020/05/25,7786
2020/05/26,8252
2020/05/27,8144
2020/05/28,8397
2020/05/29,8120
2020/06/01,7951
2020/06/02,8572
2020/06/03,9671
2020/06/04,9663
2020/06/05,10200
2020/06/08,9915
2020/06/09,9876
2020/06/10,9732
2020/06/11,9475
2020/06/12,9601
2020/06/15,9410
2020/06/17,9575
2020/06/18,9402
2020/06/19,9438
2020/06/22,9220
2020/06/23,9078
2020/06/24,8824
2020/06/25,8986
2020/06/26,8626
2020/06/29,8862
2020/06/30,8530
2020/07/01,8264
2020/07/02,8486
2020/07/03,8390
2020/07/06,8380
2020/07/07,8157
2020/07/08,8394
2020/07/09,8387
2020/07/10,8600
2020/07/13,8916
2020/07/14,8744
2020/07/15,8908
2020/07/16,9155
2020/07/17,9054
2020/07/20,9079
2020/07/21,9132
2020/07/22,9050
2020/07/23,8619
2020/07/24,8493
2020/07/27,8444
2020/07/28,8481
2020/07/29,8734
2020/07/30,8215
2020/07/31,7928
