Date,AGL
2000/01/04,10261.6
2000/01/05,10246.15
2000/01/06,10611.72
2000/01/07,10915.5
2000/01/10,11054.51
2000/01/11,10941.24
2000/01/12,10817.67
2000/01/13,10956.69
2000/01/14,10864.01
2000/01/17,10812.52
2000/01/18,10632.31
2000/01/19,10585.97
2000/01/20,10606.57
2000/01/21,10452.1
2000/01/24,10328.53
2000/01/25,9968.11
2000/01/26,9679.78
2000/01/27,9576.8
2000/01/28,9345.11
2000/01/31,9154.6
2000/02/01,9576.8
2000/02/02,9376
2000/02/03,9190.64
2000/02/04,9139.15
2000/02/07,9556.21
2000/02/08,9427.49
2000/02/09,9509.87
2000/02/10,9345.11
2000/02/11,9139.15
2000/02/14,8809.63
2000/02/15,8845.67
2000/02/16,8701.5
2000/02/17,9242.13
2000/02/18,9067.07
2000/02/21,8840.52
2000/02/22,8572.78
2000/02/23,8598.53
2000/02/24,8444.06
2000/02/25,7929.18
2000/02/28,7594.51
2000/02/29,7321.62
2000/03/01,7630.55
2000/03/02,7676.89
2000/03/03,7903.44
2000/03/06,8083.65
2000/03/07,7934.33
2000/03/08,7800.46
2000/03/09,7635.7
2000/03/10,7465.79
2000/03/13,7002.39
2000/03/14,6976.65
2000/03/15,7125.97
2000/03/16,7671.74
2000/03/17,7723.23
2000/03/20,7826.2
2000/03/22,8032.16
2000/03/23,7908.59
2000/03/24,7903.44
2000/03/27,7913.73
2000/03/28,7517.28
2000/03/29,7769.57
2000/03/30,7568.76
2000/03/31,7779.87
2000/04/03,7769.57
2000/04/04,7980.67
2000/04/05,7620.25
2000/04/06,7800.46
2000/04/07,7826.2
2000/04/10,7774.72
2000/04/11,7697.48
2000/04/12,7491.53
2000/04/13,7192.9
2000/04/14,6822.18
2000/04/17,6230.07
2000/04/18,6461.77
2000/04/19,6461.77
2000/04/20,6770.7
2000/04/25,6920.01
2000/04/26,7079.63
2000/04/28,7398.85
2000/05/02,7599.66
2000/05/03,8032.16
2000/05/04,8057.9
2000/05/05,8150.58
2000/05/08,8212.37
2000/05/09,8547.04
2000/05/10,8727.25
2000/05/11,8315.34
2000/05/12,7903.44
2000/05/15,7980.67
2000/05/16,8006.41
2000/05/17,7800.46
2000/05/18,7826.2
2000/05/19,7851.95
2000/05/22,7929.18
2000/05/23,8155.73
2000/05/24,7954.92
2000/05/25,7851.95
2000/05/26,7877.69
2000/05/29,7851.95
2000/05/30,7877.69
2000/05/31,7790.16
2000/06/01,7980.67
2000/06/02,8021.86
2000/06/05,8032.16
2000/06/06,8160.88
2000/06/07,8160.88
2000/06/08,8238.11
2000/06/09,8521.29
2000/06/12,8624.27
2000/06/13,8469.81
2000/06/14,8341.09
2000/06/15,8212.37
2000/06/19,8181.47
2000/06/20,8181.47
2000/06/21,8109.39
2000/06/22,8114.54
2000/06/23,8088.79
2000/06/26,8186.62
2000/06/27,8104.24
2000/06/28,8222.66
2000/06/29,8217.51
2000/06/30,8294.75
2000/07/03,8526.44
2000/07/04,8624.27
2000/07/05,8619.12
2000/07/06,8521.29
2000/07/07,8511
2000/07/10,8752.99
2000/07/11,8886.86
2000/07/12,9139.15
2000/07/13,9000.14
2000/07/14,9216.39
2000/07/17,9283.32
2000/07/18,9355.4
2000/07/19,9365.7
2000/07/20,9082.52
2000/07/21,8778.74
2000/07/24,8855.97
2000/07/25,8804.48
2000/07/26,8716.95
2000/07/27,8608.82
2000/07/28,8583.08
2000/07/31,8459.51
2000/08/01,8418.32
2000/08/02,8516.15
2000/08/03,8500.7
2000/08/04,8758.14
2000/08/07,8650.02
2000/08/08,8830.22
2000/08/10,9159.75
2000/08/11,9370.85
2000/08/14,9540.76
2000/08/15,9700.37
2000/08/16,9633.44
2000/08/17,9803.35
2000/08/18,10040.2
2000/08/21,9921.77
2000/08/22,10271.89
2000/08/23,10349.13
2000/08/24,10246.15
2000/08/25,10143.17
2000/08/28,9962.96
2000/08/29,10096.83
2000/08/30,10040.2
2000/08/31,10040.2
2000/09/01,10271.89
2000/09/04,10632.31
2000/09/05,10400.61
2000/09/06,10431.51
2000/09/07,10297.64
2000/09/08,10555.08
2000/09/11,10513.89
2000/09/12,10246.15
2000/09/13,10385.17
2000/09/14,10349.13
2000/09/15,10163.77
2000/09/18,9798.2
2000/09/19,9551.06
2000/09/20,9442.93
2000/09/21,9267.87
2000/09/22,9190.64
2000/09/26,9448.08
2000/09/27,9530.46
2000/09/28,9885.73
2000/09/29,9834.24
2000/10/02,9988.71
2000/10/03,9983.56
2000/10/04,10091.68
2000/10/05,9962.96
2000/10/06,9952.67
2000/10/09,9911.48
2000/10/10,9937.22
2000/10/11,9731.27
2000/10/12,9808.5
2000/10/13,9782.76
2000/10/16,10210.11
2000/10/17,10374.87
2000/10/18,10194.66
2000/10/19,10307.93
2000/10/20,10168.92
2000/10/23,10210.11
2000/10/24,10168.92
2000/10/25,10297.64
2000/10/26,10143.17
2000/10/27,10127.73
2000/10/30,10143.17
2000/10/31,10580.82
2000/11/01,10683.8
2000/11/02,10761.03
2000/11/03,10673.5
2000/11/06,10683.8
2000/11/07,10936.09
2000/11/08,10889.75
2000/11/09,10786.78
2000/11/10,10601.42
2000/11/13,10503.59
2000/11/14,10606.57
2000/11/15,10735.29
2000/11/16,10915.5
2000/11/17,10838.26
2000/11/20,10683.8
2000/11/21,10838.26
2000/11/22,10838.26
2000/11/23,10632.31
2000/11/24,10632.31
2000/11/27,10699.25
2000/11/28,10786.78
2000/11/29,10776.48
2000/11/30,10235.85
2000/12/01,9834.24
2000/12/04,9988.71
2000/12/06,10431.51
2000/12/07,10529.33
2000/12/08,10740.44
2000/12/11,11260.47
2000/12/12,11172.94
2000/12/13,10900.05
2000/12/14,10714.69
2000/12/15,10426.36
2000/12/18,10529.33
2000/12/19,10668.35
2000/12/20,10400.61
2000/12/21,10400.61
2000/12/22,10503.59
2000/12/27,10755.88
2000/12/28,10668.35
2000/12/29,10529.33
2001/01/02,10730.14
2001/01/03,10606.57
2001/01/04,11420.08
2001/01/05,11250.17
2001/01/08,11430.38
2001/01/09,11414.93
2001/01/10,11636.33
2001/01/11,11713.56
2001/01/12,11538.5
2001/01/15,11481.87
2001/01/16,11332.55
2001/01/17,11744.46
2001/01/18,11996.75
2001/01/19,12434.4
2001/01/22,12156.36
2001/01/23,12156.36
2001/01/24,12073.98
2001/01/25,12022.49
2001/01/26,12022.49
2001/01/29,12228.44
2001/01/30,12357.16
2001/01/31,12408.65
2001/02/01,12573.42
2001/02/02,13227.32
2001/02/05,12805.11
2001/02/06,12696.99
2001/02/07,12563.12
2001/02/08,12563.12
2001/02/09,12578.56
2001/02/12,12769.07
2001/02/13,13000.77
2001/02/14,13052.26
2001/02/15,13201.57
2001/02/16,13845.17
2001/02/19,13634.07
2001/02/20,13515.65
2001/02/21,13438.42
2001/02/22,13721.6
2001/02/23,13767.94
2001/02/26,13634.07
2001/02/27,13515.65
2001/02/28,13119.19
2001/03/01,13026.51
2001/03/02,13191.27
2001/03/05,13438.42
2001/03/06,13737.05
2001/03/07,13747.35
2001/03/08,13459.01
2001/03/09,13443.57
2001/03/12,13386.93
2001/03/13,13371.48
2001/03/14,12794.81
2001/03/15,12588.86
2001/03/16,11960.71
2001/03/19,12305.68
2001/03/20,12331.42
2001/03/22,11512.76
2001/03/23,11559.1
2001/03/26,11868.03
2001/03/27,12058.53
2001/03/28,12367.46
2001/03/29,11893.77
2001/03/30,11718.71
2001/04/02,11353.15
2001/04/03,11172.94
2001/04/04,10827.97
2001/04/05,11481.87
2001/04/06,11687.82
2001/04/09,12130.62
2001/04/10,12408.65
2001/04/11,12434.4
2001/04/12,12449.84
2001/04/17,12202.7
2001/04/18,12506.48
2001/04/19,12846.3
2001/04/20,13165.53
2001/04/23,13165.53
2001/04/24,13258.21
2001/04/25,13397.23
2001/04/26,13180.98
2001/04/30,13114.04
2001/05/02,13057.4
2001/05/03,12794.81
2001/05/04,12794.81
2001/05/07,13078
2001/05/08,12789.67
2001/05/09,12707.28
2001/05/10,12707.28
2001/05/11,12563.12
2001/05/14,12748.48
2001/05/15,13469.31
2001/05/16,14251.93
2001/05/17,14396.1
2001/05/18,13943
2001/05/21,14519.67
2001/05/22,14519.67
2001/05/23,14396.1
2001/05/24,14313.72
2001/05/25,13551.69
2001/05/28,13840.02
2001/05/29,13489.9
2001/05/30,13242.76
2001/05/31,13345.74
2001/06/01,13283.95
2001/06/04,13304.55
2001/06/05,13448.71
2001/06/06,13119.19
2001/06/07,13016.21
2001/06/08,12563.12
2001/06/11,12954.43
2001/06/12,12892.64
2001/06/13,13098.59
2001/06/14,12645.5
2001/06/15,11945.26
2001/06/18,12192.4
2001/06/19,12645.5
2001/06/20,12336.57
2001/06/21,12398.36
2001/06/22,12151.21
2001/06/25,12666.09
2001/06/26,12151.21
2001/06/27,12151.21
2001/06/28,12254.19
2001/06/29,12315.97
2001/07/02,12501.33
2001/07/03,12418.95
2001/07/04,12418.95
2001/07/05,12068.83
2001/07/06,11924.66
2001/07/09,11718.71
2001/07/10,11883.47
2001/07/11,12068.83
2001/07/12,12460.14
2001/07/13,12727.88
2001/07/16,12748.48
2001/07/17,12089.43
2001/07/18,11759.9
2001/07/19,11801.09
2001/07/20,11574.54
2001/07/23,11553.95
2001/07/24,11327.4
2001/07/25,10606.57
2001/07/26,10688.95
2001/07/27,10977.28
2001/07/30,11039.07
2001/07/31,11121.45
2001/08/01,11368.59
2001/08/02,11698.12
2001/08/03,11430.38
2001/08/06,11512.76
2001/08/07,11059.66
2001/08/08,10833.11
2001/08/10,10750.73
2001/08/13,10915.5
2001/08/14,10936.09
2001/08/15,11018.47
2001/08/16,11121.45
2001/08/17,11080.26
2001/08/20,11059.66
2001/08/21,11059.66
2001/08/22,11615.73
2001/08/23,11883.47
2001/08/24,12213
2001/08/27,12645.5
2001/08/28,12542.52
2001/08/29,12563.12
2001/08/30,12439.55
2001/08/31,12521.93
2001/09/03,12089.43
2001/09/04,11965.85
2001/09/05,12357.16
2001/09/06,12089.43
2001/09/07,11533.35
2001/09/10,11286.21
2001/09/11,11121.45
2001/09/12,10421.21
2001/09/13,10668.35
2001/09/14,10091.68
2001/09/17,9844.54
2001/09/18,9782.76
2001/09/19,10029.9
2001/09/20,9278.17
2001/09/21,9051.62
2001/09/25,10153.47
2001/09/26,10606.57
2001/09/27,10709.54
2001/09/28,11059.66
2001/10/01,11224.42
2001/10/02,11121.45
2001/10/03,11224.42
2001/10/04,12130.62
2001/10/05,11780.5
2001/10/08,12048.24
2001/10/09,11801.09
2001/10/10,11698.12
2001/10/11,12048.24
2001/10/12,12233.59
2001/10/15,11945.26
2001/10/16,12542.52
2001/10/17,12727.88
2001/10/18,12274.78
2001/10/19,12274.78
2001/10/22,12686.69
2001/10/23,12727.88
2001/10/24,12707.28
2001/10/25,12686.69
2001/10/26,12707.28
2001/10/29,12769.07
2001/10/30,12315.97
2001/10/31,12521.93
2001/11/01,12727.88
2001/11/02,13036.81
2001/11/05,12975.02
2001/11/06,12480.74
2001/11/07,12769.07
2001/11/08,12604.31
2001/11/09,12995.62
2001/11/12,13283.95
2001/11/13,13757.64
2001/11/14,14560.86
2001/11/15,15302.29
2001/11/16,14313.72
2001/11/19,14684.43
2001/11/20,14993.36
2001/11/21,15199.31
2001/11/22,14869.79
2001/11/23,14952.17
2001/11/26,15261.1
2001/11/27,15384.67
2001/11/28,15137.53
2001/11/29,14972.76
2001/11/30,15899.55
2001/12/03,16393.84
2001/12/04,16846.93
2001/12/05,17423.6
2001/12/06,18453.37
2001/12/07,18268.01
2001/12/10,18288.6
2001/12/11,17629.56
2001/12/12,17258.84
2001/12/13,17608.96
2001/12/14,19462.53
2001/12/18,19524.32
2001/12/19,19627.3
2001/12/20,20945.39
2001/12/21,19215.39
2001/12/24,18947.65
2001/12/27,18721.1
2001/12/28,18803.49
2001/12/31,18865.27
2002/01/02,19771.46
2002/01/03,19730.27
2002/01/04,20100.99
2002/01/07,20080.39
2002/01/08,19915.63
2002/01/09,19833.25
2002/01/10,20162.77
2002/01/11,20224.56
2002/01/14,19359.56
2002/01/15,19956.82
2002/01/16,19668.49
2002/01/17,19256.58
2002/01/18,19153.61
2002/01/21,19421.34
2002/01/22,19771.46
2002/01/23,19359.56
2002/01/24,19524.32
2002/01/25,18988.84
2002/01/28,19277.18
2002/01/29,19153.61
2002/01/30,18741.7
2002/01/31,19050.63
2002/02/01,20306.94
2002/02/04,20121.58
2002/02/05,20100.99
2002/02/06,20636.47
2002/02/07,20327.54
2002/02/08,20306.94
2002/02/11,20739.44
2002/02/12,20945.39
2002/02/13,21439.68
2002/02/14,22181.11
2002/02/15,21666.23
2002/02/18,21068.97
2002/02/19,20739.44
2002/02/20,20162.77
2002/02/21,19771.46
2002/02/22,20018.61
2002/02/25,20842.42
2002/02/26,21130.75
2002/02/27,21377.9
2002/02/28,20471.7
2002/03/01,20286.35
2002/03/04,20100.99
2002/03/05,20100.99
2002/03/06,19853.84
2002/03/07,20183.37
2002/03/08,21089.56
2002/03/11,20368.73
2002/03/12,19853.84
2002/03/13,19977.42
2002/03/14,19606.7
2002/03/15,19318.37
2002/03/18,20265.75
2002/03/19,20760.04
2002/03/20,19977.42
2002/03/22,19400.75
2002/03/25,19153.61
2002/03/26,19400.75
2002/03/27,19441.94
2002/03/28,19400.75
2002/04/02,20080.39
2002/04/03,19977.42
2002/04/04,19647.89
2002/04/05,19750.87
2002/04/08,19194.8
2002/04/09,19338.96
2002/04/10,19112.41
2002/04/11,18824.08
2002/04/12,18515.15
2002/04/15,18329.79
2002/04/16,18535.75
2002/04/17,19112.41
2002/04/18,18782.89
2002/04/19,18927.06
2002/04/22,18494.56
2002/04/23,17608.96
2002/04/24,17094.08
2002/04/25,17011.7
2002/04/26,16846.93
2002/04/29,17238.24
2002/04/30,17300.03
2002/05/02,17197.05
2002/05/03,17341.22
2002/05/06,17876.7
2002/05/07,17629.56
2002/05/08,18123.84
2002/05/09,18103.25
2002/05/10,18247.41
2002/05/13,18266.98
2002/05/14,18628.43
2002/05/15,18741.7
2002/05/16,18515.15
2002/05/17,18000.27
2002/05/20,18154.73
2002/05/21,18606.8
2002/05/22,19184.5
2002/05/23,18638.72
2002/05/24,18741.7
2002/05/27,18762.3
2002/05/28,18829.23
2002/05/29,18638.72
2002/05/30,18278.31
2002/05/31,18484.26
2002/06/03,19040.33
2002/06/04,19205.09
2002/06/05,18741.7
2002/06/06,18211.37
2002/06/07,18123.84
2002/06/10,18185.63
2002/06/11,18432.77
2002/06/12,18794.22
2002/06/13,18396.73
2002/06/14,18226.82
2002/06/18,18185.63
2002/06/19,18226.82
2002/06/20,18412.18
2002/06/21,18535.75
2002/06/24,18020.87
2002/06/25,17454.5
2002/06/26,17197.05
2002/06/27,17175.43
2002/06/28,17709.88
2002/07/01,17608.96
2002/07/02,17650.15
2002/07/03,17114.67
2002/07/04,17382.41
2002/07/05,17856.1
2002/07/08,17989.97
2002/07/09,17588.36
2002/07/10,17155.86
2002/07/11,16682.17
2002/07/12,16213.63
2002/07/15,16203.33
2002/07/16,16538.01
2002/07/17,16785.15
2002/07/18,17243.39
2002/07/19,16846.93
2002/07/22,16315.58
2002/07/23,15477.35
2002/07/24,14921.28
2002/07/25,15570.03
2002/07/26,14313.72
2002/07/29,13587.73
2002/07/30,14169.55
2002/07/31,13026.51
2002/08/01,13386.93
2002/08/02,12872.05
2002/08/05,11893.77
2002/08/06,12696.99
2002/08/07,13180.98
2002/08/08,13429.15
2002/08/12,13461.07
2002/08/13,13407.52
2002/08/14,12975.02
2002/08/15,13273.65
2002/08/16,12719.64
2002/08/19,12964.73
2002/08/20,13263.36
2002/08/21,13845.17
2002/08/22,14179.85
2002/08/23,14200.44
2002/08/26,13994.49
2002/08/27,14272.53
2002/08/28,13913.14
2002/08/29,13716.45
2002/08/30,13695.86
2002/09/02,13984.19
2002/09/03,13345.74
2002/09/04,13026.51
2002/09/05,12490
2002/09/06,12892.64
2002/09/09,13000.77
2002/09/10,13778.24
2002/09/11,14211.77
2002/09/12,13747.35
2002/09/13,13592.88
2002/09/16,13613.48
2002/09/17,13592.88
2002/09/18,13258.21
2002/09/19,12872.05
2002/09/20,13376.63
2002/09/23,13180.98
2002/09/25,13180.98
2002/09/26,13901.81
2002/09/27,14416.69
2002/09/30,13747.35
2002/10/01,14313.72
2002/10/02,14406.39
2002/10/03,14313.72
2002/10/04,14715.32
2002/10/07,13865.77
2002/10/08,14071.72
2002/10/09,13459.01
2002/10/10,13180.98
2002/10/11,13979.04
2002/10/14,13489.9
2002/10/15,14035.68
2002/10/16,13912.11
2002/10/17,14499.07
2002/10/18,14437.29
2002/10/21,14126.3
2002/10/22,14504.22
2002/10/23,14282.82
2002/10/24,14344.61
2002/10/25,13901.81
2002/10/28,13891.51
2002/10/29,13510.5
2002/10/30,13464.16
2002/10/31,13489.9
2002/11/01,13891.51
2002/11/04,13402.38
2002/11/05,13561.99
2002/11/06,13788.54
2002/11/07,14082.02
2002/11/08,13850.32
2002/11/11,13788.54
2002/11/12,13747.35
2002/11/13,13798.83
2002/11/14,13674.23
2002/11/15,13335.44
2002/11/18,13762.79
2002/11/19,13451.8
2002/11/20,13685.56
2002/11/21,13798.83
2002/11/22,13695.86
2002/11/25,13283.95
2002/11/26,12666.09
2002/11/27,12768.04
2002/11/28,13014.15
2002/11/29,13335.44
2002/12/02,13644.37
2002/12/03,13592.88
2002/12/04,13510.5
2002/12/05,13386.93
2002/12/06,12944.13
2002/12/09,12923.53
2002/12/10,12388.06
2002/12/11,12050.3
2002/12/12,12120.32
2002/12/13,12274.78
2002/12/17,13232.46
2002/12/18,13397.23
2002/12/19,13356.04
2002/12/20,13128.46
2002/12/23,13180.98
2002/12/24,13078
2002/12/27,13129.49
2002/12/30,13103.74
2002/12/31,13026.51
2003/01/02,13078
2003/01/03,12975.02
2003/01/06,12717.58
2003/01/07,12913.24
2003/01/08,12972.96
2003/01/09,12923.53
2003/01/10,12666.09
2003/01/13,13335.44
2003/01/14,13403.4
2003/01/15,13551.69
2003/01/16,13479.61
2003/01/17,13747.35
2003/01/20,13644.37
2003/01/21,13767.94
2003/01/22,13644.37
2003/01/23,13313.82
2003/01/24,13078
2003/01/27,12763.92
2003/01/28,12892.64
2003/01/29,12769.07
2003/01/30,12506.48
2003/01/31,12202.7
2003/02/03,12418.95
2003/02/04,12460.14
2003/02/05,12563.12
2003/02/06,12681.54
2003/02/07,12897.79
2003/02/10,12718.61
2003/02/11,12841.15
2003/02/12,12542.52
2003/02/13,12192.4
2003/02/14,12182.1
2003/02/17,12434.4
2003/02/18,12305.68
2003/02/19,12223.3
2003/02/20,11842.28
2003/02/21,11850.52
2003/02/24,11904.07
2003/02/25,11502.46
2003/02/26,11502.46
2003/02/27,11605.44
2003/02/28,12053.38
2003/03/03,12254.19
2003/03/04,12146.06
2003/03/05,11986.45
2003/03/06,11955.56
2003/03/07,11789.77
2003/03/10,11450.97
2003/03/11,11208.98
2003/03/12,11327.4
2003/03/13,12089.43
2003/03/14,12357.16
2003/03/17,12357.16
2003/03/18,12968.84
2003/03/19,12666.09
2003/03/20,12460.14
2003/03/24,12614.61
2003/03/25,12355.11
2003/03/26,12238.74
2003/03/27,12120.32
2003/03/28,11868.03
2003/03/31,11677.52
2003/04/01,11765.05
2003/04/02,12254.19
2003/04/03,12460.14
2003/04/04,12059.56
2003/04/07,12491.03
2003/04/08,12186.22
2003/04/09,11715.62
2003/04/10,11502.46
2003/04/11,11636.33
2003/04/14,11760.93
2003/04/15,11553.95
2003/04/16,11621.91
2003/04/17,11446.85
2003/04/22,11281.06
2003/04/23,11224.42
2003/04/24,10347.07
2003/04/25,10271.89
2003/04/29,10297.64
2003/04/30,10853.71
2003/05/02,11327.4
2003/05/05,11136.89
2003/05/06,11300.63
2003/05/07,10925.79
2003/05/08,10529.33
2003/05/09,10658.05
2003/05/12,11111.15
2003/05/13,11224.42
2003/05/14,11450.97
2003/05/15,12243.89
2003/05/16,12027.64
2003/05/19,12007.05
2003/05/20,11774.32
2003/05/21,11636.33
2003/05/22,11945.26
2003/05/23,12197.55
2003/05/26,12367.46
2003/05/27,12480.74
2003/05/28,12976.05
2003/05/29,12851.45
2003/05/30,12923.53
2003/06/02,13078
2003/06/03,12985.32
2003/06/04,13335.44
2003/06/05,13232.46
2003/06/06,13691.74
2003/06/09,13299.4
2003/06/10,13356.04
2003/06/11,13242.76
2003/06/12,13109.92
2003/06/13,12928.68
2003/06/17,13222.17
2003/06/18,13165.53
2003/06/19,13083.15
2003/06/20,13159.35
2003/06/23,12975.02
2003/06/24,12480.74
2003/06/25,12236.68
2003/06/26,12048.24
2003/06/27,11976.15
2003/06/30,11933.93
2003/07/01,11671.34
2003/07/02,11893.77
2003/07/03,12176.96
2003/07/04,11790.79
2003/07/07,11986.45
2003/07/08,12511.63
2003/07/09,12346.87
2003/07/10,12192.4
2003/07/11,12449.84
2003/07/14,12975.02
2003/07/15,12899.85
2003/07/16,12856.6
2003/07/17,12575.47
2003/07/18,12552.82
2003/07/21,12500.3
2003/07/22,12202.7
2003/07/23,12161.51
2003/07/24,12727.88
2003/07/25,13273.65
2003/07/28,13350.89
2003/07/29,13129.49
2003/07/30,13108.89
2003/07/31,13283.95
2003/08/01,13366.33
2003/08/04,13510.5
2003/08/05,13577.43
2003/08/06,13381.78
2003/08/07,13273.65
2003/08/08,13664.96
2003/08/11,13721.6
2003/08/12,13979.04
2003/08/13,14195.29
2003/08/14,13798.83
2003/08/15,13953.3
2003/08/18,13968.75
2003/08/19,14107.76
2003/08/20,13922.41
2003/08/21,14426.99
2003/08/22,14468.18
2003/08/25,14385.8
2003/08/26,13953.3
2003/08/27,13891.51
2003/08/28,14097.47
2003/08/29,14164.4
2003/09/01,14416.69
2003/09/02,13928.58
2003/09/03,14324.01
2003/09/04,14287.97
2003/09/05,14552.62
2003/09/08,14674.13
2003/09/09,14596.9
2003/09/10,14128.36
2003/09/11,14159.25
2003/09/12,14241.63
2003/09/15,14416.69
2003/09/16,14766.81
2003/09/17,14581.45
2003/09/18,14469.21
2003/09/19,14416.69
2003/09/22,14273.56
2003/09/23,13968.75
2003/09/25,13694.83
2003/09/26,13628.92
2003/09/29,13553.75
2003/09/30,12822.62
2003/10/01,12923.53
2003/10/02,13232.46
2003/10/03,13695.86
2003/10/06,14128.36
2003/10/07,13582.58
2003/10/08,13861.65
2003/10/09,14210.74
2003/10/10,14176.76
2003/10/13,14638.09
2003/10/14,14363.14
2003/10/15,14426.99
2003/10/16,14423.9
2003/10/17,14786.38
2003/10/20,14707.09
2003/10/21,14519.67
2003/10/22,14035.68
2003/10/23,13886.36
2003/10/24,13881.22
2003/10/27,13876.07
2003/10/28,14159.25
2003/10/29,14200.44
2003/10/30,14621.62
2003/10/31,14452.73
2003/11/03,14509.37
2003/11/04,14869.79
2003/11/05,14859.49
2003/11/06,15137.53
2003/11/07,15261.1
2003/11/10,14931.57
2003/11/11,14576.31
2003/11/12,14793.59
2003/11/13,15024.25
2003/11/14,15075.74
2003/11/17,14468.18
2003/11/18,14324.01
2003/11/19,14210.74
2003/11/20,13831.79
2003/11/21,14107.76
2003/11/24,14026.41
2003/11/25,13968.75
2003/11/26,13824.58
2003/11/27,13994.49
2003/11/28,14030.53
2003/12/01,14339.46
2003/12/02,14262.23
2003/12/03,13670.11
2003/12/04,13448.71
2003/12/05,13891.51
2003/12/08,13850.32
2003/12/09,14004.79
2003/12/10,13695.86
2003/12/11,13540.36
2003/12/12,13386.93
2003/12/15,13531.1
2003/12/17,13592.88
2003/12/18,14169.55
2003/12/19,14684.43
2003/12/22,14931.57
2003/12/23,14993.36
2003/12/24,14971.73
2003/12/29,14931.57
2003/12/30,14751.37
2003/12/31,14725.62
2004/01/02,14931.57
2004/01/05,14797.7
2004/01/06,15189.02
2004/01/07,14931.57
2004/01/08,15055.15
2004/01/09,15115.9
2004/01/12,15509.27
2004/01/13,15935.59
2004/01/14,16373.24
2004/01/15,16244.52
2004/01/16,16579.2
2004/01/19,16558.6
2004/01/20,16373.24
2004/01/21,16218.78
2004/01/22,16413.4
2004/01/23,16687.32
2004/01/26,17042.59
2004/01/27,16940.64
2004/01/28,16600.82
2004/01/29,16425.76
2004/01/30,16414.43
2004/02/02,16321.76
2004/02/03,16115.8
2004/02/04,16167.29
2004/02/05,15863.51
2004/02/06,16280.56
2004/02/09,16296.01
2004/02/10,16321.76
2004/02/11,15981.93
2004/02/12,16172.44
2004/02/13,16522.56
2004/02/16,16579.2
2004/02/17,16919.02
2004/02/18,16888.13
2004/02/19,17166.16
2004/02/20,16991.1
2004/02/23,16661.58
2004/02/24,16598.76
2004/02/25,16743.96
2004/02/26,17042.59
2004/02/27,17131.15
2004/03/01,17330.92
2004/03/02,17929.22
2004/03/03,17897.29
2004/03/04,17660.45
2004/03/05,17608.96
2004/03/08,17198.08
2004/03/09,16991.1
2004/03/10,16496.82
2004/03/11,16048.87
2004/03/12,16476.22
2004/03/15,16120.95
2004/03/16,16342.35
2004/03/17,16630.68
2004/03/18,16718.21
2004/03/19,16311.46
2004/03/23,15909.85
2004/03/24,15352.75
2004/03/25,15405.27
2004/03/26,15600.92
2004/03/29,15549.43
2004/03/30,15549.43
2004/03/31,15549.43
2004/04/01,15832.62
2004/04/02,16352.65
2004/04/05,16362.95
2004/04/06,16167.29
2004/04/07,16059.17
2004/04/08,16064.31
2004/04/13,16388.69
2004/04/15,15858.36
2004/04/16,15548.4
2004/04/19,15446.46
2004/04/20,15595.77
2004/04/21,14983.06
2004/04/22,15142.68
2004/04/23,15008.81
2004/04/26,15230.21
2004/04/28,14734.89
2004/04/29,14622.65
2004/04/30,14313.72
2004/05/03,14313.72
2004/05/04,14910.98
2004/05/05,14777.11
2004/05/06,14416.69
2004/05/07,14468.18
2004/05/10,13963.6
2004/05/11,13948.15
2004/05/12,13747.35
2004/05/13,13747.35
2004/05/14,13139.79
2004/05/17,13098.59
2004/05/18,13129.49
2004/05/19,14004.79
2004/05/20,13623.77
2004/05/21,13958.45
2004/05/24,13644.37
2004/05/25,13762.79
2004/05/26,14056.27
2004/05/27,14335.34
2004/05/28,13963.6
2004/05/31,14209.71
2004/06/01,14035.68
2004/06/02,13902.84
2004/06/03,13706.16
2004/06/04,13726.75
2004/06/07,14128.36
2004/06/08,14390.95
2004/06/09,14066.57
2004/06/10,13900.78
2004/06/11,13675.26
2004/06/14,13582.58
2004/06/15,13490.93
2004/06/17,13697.92
2004/06/18,13583.61
2004/06/21,13386.93
2004/06/22,13130.52
2004/06/23,12892.64
2004/06/24,13438.42
2004/06/25,13592.88
2004/06/28,13428.12
2004/06/29,13325.14
2004/06/30,13088.3
2004/07/01,12999.74
2004/07/02,12667.12
2004/07/05,12949.28
2004/07/06,12877.2
2004/07/07,12769.07
2004/07/08,12579.59
2004/07/09,13026.51
2004/07/12,12953.4
2004/07/13,13314.85
2004/07/14,12980.17
2004/07/15,13144.93
2004/07/16,12985.32
2004/07/19,12727.88
2004/07/20,12717.58
2004/07/21,13080.06
2004/07/22,12666.09
2004/07/23,12923.53
2004/07/26,13047.11
2004/07/27,13165.53
2004/07/28,13304.55
2004/07/29,13398.26
2004/07/30,13716.45
2004/08/02,13799.86
2004/08/03,13979.04
2004/08/04,14004.79
2004/08/05,13953.3
2004/08/06,13531.1
2004/08/10,13304.55
2004/08/11,13417.82
2004/08/12,14379.62
2004/08/13,14766.81
2004/08/16,15384.67
2004/08/17,15276.55
2004/08/18,15204.46
2004/08/19,15590.62
2004/08/20,15518.54
2004/08/23,16043.72
2004/08/24,15517.51
2004/08/25,15204.46
2004/08/26,15235.35
2004/08/27,15622.55
2004/08/30,15652.41
2004/08/31,15528.84
2004/09/01,15441.31
2004/09/02,15317.74
2004/09/03,15291.99
2004/09/06,15487.65
2004/09/07,15127.23
2004/09/08,15290.96
2004/09/09,15343.48
2004/09/10,15343.48
2004/09/13,15240.5
2004/09/14,15137.53
2004/09/15,14936.72
2004/09/16,15342.45
2004/09/17,15673
2004/09/20,15446.46
2004/09/21,15478.38
2004/09/22,15616.37
2004/09/23,15353.78
2004/09/27,15067.5
2004/09/28,15621.52
2004/09/29,15724.49
2004/09/30,15858.36
2004/10/01,16063.28
2004/10/04,15642.11
2004/10/05,15714.19
2004/10/06,15920.15
2004/10/07,16321.76
2004/10/08,16234.23
2004/10/11,16012.83
2004/10/12,15652.41
2004/10/13,15236.38
2004/10/14,15333.18
2004/10/15,15219.91
2004/10/18,14895.53
2004/10/19,14513.49
2004/10/20,14261.2
2004/10/21,14344.61
2004/10/22,13985.22
2004/10/25,14107.76
2004/10/26,14622.65
2004/10/27,14334.31
2004/10/28,13697.92
2004/10/29,13788.54
2004/11/01,13979.04
2004/11/02,14129.39
2004/11/03,14005.82
2004/11/04,13989.34
2004/11/05,14416.69
2004/11/08,14160.28
2004/11/09,14519.67
2004/11/10,14753.43
2004/11/11,15003.66
2004/11/12,14529.97
2004/11/15,14725.62
2004/11/16,14622.65
2004/11/17,14632.94
2004/11/18,14828.6
2004/11/19,14797.7
2004/11/22,14370.35
2004/11/23,14416.69
2004/11/24,14354.91
2004/11/25,14344.61
2004/11/26,14416.69
2004/11/29,14591.75
2004/11/30,14262.23
2004/12/01,14447.59
2004/12/02,14519.67
2004/12/03,14209.71
2004/12/06,13695.86
2004/12/07,13726.75
2004/12/08,13613.48
2004/12/09,13489.9
2004/12/10,13448.71
2004/12/13,13335.44
2004/12/14,13335.44
2004/12/15,13278.8
2004/12/17,13386.93
2004/12/20,13592.88
2004/12/21,13675.26
2004/12/22,13695.86
2004/12/23,13500.2
2004/12/24,13695.86
2004/12/28,13628.92
2004/12/29,13661.88
2004/12/30,13747.35
2004/12/31,13747.35
2005/01/03,13851.35
2005/01/04,13695.86
2005/01/05,13857.53
2005/01/06,14385.8
2005/01/07,14195.29
2005/01/10,14185
2005/01/11,14194.26
2005/01/12,14308.57
2005/01/13,14210.74
2005/01/14,14345.64
2005/01/17,14375.5
2005/01/18,14602.05
2005/01/19,14349.76
2005/01/20,14277.67
2005/01/21,14209.71
2005/01/24,14267.38
2005/01/25,14211.77
2005/01/26,14308.57
2005/01/27,14210.74
2005/01/28,14210.74
2005/01/31,14210.74
2005/02/01,14869.79
2005/02/02,15358.93
2005/02/03,15281.69
2005/02/04,15189.02
2005/02/07,15571.06
2005/02/08,15755.39
2005/02/09,15600.92
2005/02/10,15600.92
2005/02/11,15405.27
2005/02/14,15492.8
2005/02/15,15457.78
2005/02/16,15445.43
2005/02/17,15467.05
2005/02/18,15550.46
2005/02/21,15612.25
2005/02/22,15111.78
2005/02/23,14746.22
2005/02/24,14736.95
2005/02/25,14828.6
2005/02/28,14983.06
2005/03/01,14972.76
2005/03/02,15034.55
2005/03/03,15291.99
2005/03/04,15317.74
2005/03/07,14931.57
2005/03/08,14735.92
2005/03/09,14674.13
2005/03/10,14725.62
2005/03/11,14570.13
2005/03/14,14652.51
2005/03/15,14926.43
2005/03/16,15322.88
2005/03/17,15631.81
2005/03/18,15251.83
2005/03/22,15190.04
2005/03/23,15137.53
2005/03/24,15034.55
2005/03/29,15168.42
2005/03/30,15088.1
2005/03/31,15158.12
2005/04/01,15342.45
2005/04/04,15158.12
2005/04/05,15137.53
2005/04/06,15117.96
2005/04/07,15034.55
2005/04/08,15086.04
2005/04/11,15147.82
2005/04/12,15138.56
2005/04/13,14766.81
2005/04/14,15035.58
2005/04/15,15008.81
2005/04/18,14612.35
2005/04/19,14529.97
2005/04/20,14313.72
2005/04/21,14056.27
2005/04/22,14005.82
2005/04/25,14107.76
2005/04/26,14045.98
2005/04/28,13582.58
2005/04/29,13798.83
2005/05/03,14030.53
2005/05/04,13829.73
2005/05/05,13953.3
2005/05/06,14287.97
2005/05/09,14499.07
2005/05/10,14295.18
2005/05/11,14274.58
2005/05/12,14518.64
2005/05/13,14112.91
2005/05/16,14492.89
2005/05/17,14715.32
2005/05/18,15242.56
2005/05/19,15137.53
2005/05/20,15755.39
2005/05/23,15842.92
2005/05/24,16095.21
2005/05/25,15631.81
2005/05/26,16280.56
2005/05/27,16393.84
2005/05/30,16785.15
2005/05/31,16599.79
2005/06/01,16908.72
2005/06/02,17001.4
2005/06/03,16867.53
2005/06/06,16677.02
2005/06/07,16326.9
2005/06/08,16558.6
2005/06/09,16733.66
2005/06/10,16656.43
2005/06/13,16990.07
2005/06/14,17021.99
2005/06/15,16759.4
2005/06/17,16913.87
2005/06/20,16939.61
2005/06/21,16764.55
2005/06/22,16527.71
2005/06/23,16527.71
2005/06/24,16120.95
2005/06/27,16156.99
2005/06/28,15961.34
2005/06/29,16208.48
2005/06/30,16146.7
2005/07/01,16362.95
2005/07/04,16538.01
2005/07/05,16362.95
2005/07/06,16285.71
2005/07/07,15935.59
2005/07/08,16270.27
2005/07/11,16202.3
2005/07/12,15828.5
2005/07/13,16028.27
2005/07/14,16162.14
2005/07/15,15961.34
2005/07/18,16084.91
2005/07/19,15858.36
2005/07/20,15909.85
2005/07/21,16270.27
2005/07/22,16568.9
2005/07/25,16764.55
2005/07/26,16805.74
2005/07/27,16888.13
2005/07/28,16991.1
2005/07/29,17068.33
2005/08/01,16842.82
2005/08/02,16940.64
2005/08/03,17351.52
2005/08/04,17346.37
2005/08/05,17505.98
2005/08/08,17732.53
2005/08/10,17316.51
2005/08/11,17320.63
2005/08/12,17576.01
2005/08/15,17542.03
2005/08/16,17176.46
2005/08/17,16970.51
2005/08/18,16908.72
2005/08/19,16969.48
2005/08/22,17063.19
2005/08/23,17042.59
2005/08/24,16548.3
2005/08/25,16483.43
2005/08/26,16398.99
2005/08/29,16208.48
2005/08/30,16501.96
2005/08/31,16682.17
2005/09/01,16754.26
2005/09/02,16939.61
2005/09/05,17042.59
2005/09/06,17300.03
2005/09/07,17299
2005/09/08,17119.82
2005/09/09,17136.3
2005/09/12,17197.05
2005/09/13,17069.36
2005/09/14,17315.48
2005/09/15,17552.32
2005/09/16,18381.28
2005/09/19,18788.04
2005/09/20,18830.26
2005/09/21,19076.37
2005/09/22,18813.78
2005/09/23,18897.19
2005/09/26,19514.02
2005/09/27,19133.01
2005/09/28,19745.72
2005/09/29,19514.02
2005/09/30,19668.49
2005/10/03,19241.14
2005/10/04,19333.81
2005/10/05,18948.68
2005/10/06,19411.05
2005/10/07,19241.14
2005/10/10,19127.86
2005/10/11,19462.53
2005/10/12,19565.51
2005/10/13,18999.14
2005/10/14,18638.72
2005/10/17,18829.23
2005/10/18,18741.7
2005/10/19,18485.29
2005/10/20,18576.94
2005/10/21,18304.05
2005/10/24,19049.6
2005/10/25,19199.94
2005/10/26,20049.5
2005/10/27,20287.38
2005/10/28,20054.65
2005/10/31,20255.45
2005/11/01,20291.49
2005/11/02,20080.39
2005/11/03,20543.79
2005/11/04,20574.68
2005/11/07,20476.85
2005/11/08,20616.9
2005/11/09,20605.57
2005/11/10,21110.16
2005/11/11,21212.1
2005/11/14,21794.95
2005/11/15,21646.66
2005/11/16,21218.28
2005/11/17,21460.28
2005/11/18,21820.69
2005/11/21,21573.55
2005/11/22,21583.85
2005/11/23,21300.66
2005/11/24,21913.37
2005/11/25,21625.04
2005/11/28,21347
2005/11/29,21135.9
2005/11/30,20811.53
2005/12/01,20832.12
2005/12/02,20915.53
2005/12/05,20698.25
2005/12/06,20748.71
2005/12/07,21109.13
2005/12/08,21027.78
2005/12/09,21748.61
2005/12/12,22088.43
2005/12/13,21687.85
2005/12/14,21661.08
2005/12/15,21933.97
2005/12/19,22026.65
2005/12/20,21701.24
2005/12/21,22025.62
2005/12/22,22062.69
2005/12/23,22052.39
2005/12/27,22528.14
2005/12/28,22150.22
2005/12/29,22119.33
2005/12/30,22006.05
2006/01/03,22510.64
2006/01/04,22680.55
2006/01/05,22253.19
2006/01/06,22213.03
2006/01/09,22345.87
2006/01/10,21635.34
2006/01/11,21532.36
2006/01/12,21882.48
2006/01/13,21640.48
2006/01/16,21625.04
2006/01/17,21830.99
2006/01/18,21722.87
2006/01/19,21697.12
2006/01/20,22129.62
2006/01/23,21851.59
2006/01/24,22103.88
2006/01/25,22681.58
2006/01/26,23370.49
2006/01/27,24331.26
2006/01/30,24117.07
2006/01/31,24147.96
2006/02/01,24405.4
2006/02/02,24456.89
2006/02/03,23536.28
2006/02/06,23839.03
2006/02/07,23452.87
2006/02/08,22479.74
2006/02/09,22757.78
2006/02/10,22706.29
2006/02/13,22345.87
2006/02/14,22402.51
2006/02/15,22129.62
2006/02/16,21681.68
2006/02/17,23272.66
2006/02/20,22845.31
2006/02/21,23427.13
2006/02/22,23839.03
2006/02/23,23926.56
2006/02/24,23685.6
2006/02/27,24096.47
2006/02/28,23499.21
2006/03/02,23787.54
2006/03/03,23900.82
2006/03/06,23452.87
2006/03/07,22139.92
2006/03/08,21999.87
2006/03/09,22103.88
2006/03/10,21573.55
2006/03/13,21820.69
2006/03/14,22155.37
2006/03/15,22860.75
2006/03/16,22835.01
2006/03/17,22881.35
2006/03/20,23519.8
2006/03/22,22912.24
2006/03/23,23299.43
2006/03/24,23890.52
2006/03/27,24198.42
2006/03/28,24179.88
2006/03/29,24158.26
2006/03/30,24868.79
2006/03/31,24384.81
2006/04/03,24827.6
2006/04/04,25151.98
2006/04/05,25666.86
2006/04/06,25950.05
2006/04/07,25493.86
2006/04/10,26171.45
2006/04/11,26742.96
2006/04/12,26274.42
2006/04/13,26068.47
2006/04/18,26554.52
2006/04/19,26981.87
2006/04/20,26526.71
2006/04/21,27185.76
2006/04/24,27545.15
2006/04/25,26979.81
2006/04/26,27396.86
2006/04/28,26670.88
2006/05/02,27343.32
2006/05/03,27185.76
2006/05/04,27649.16
2006/05/05,28525.49
2006/05/08,28730.41
2006/05/09,29095.97
2006/05/10,29296.78
2006/05/11,29729.28
2006/05/12,29255.59
2006/05/15,28112.55
2006/05/16,27320.66
2006/05/17,26471.11
2006/05/18,26156
2006/05/19,25754.39
2006/05/22,24375.54
2006/05/23,26311.49
2006/05/24,25795.58
2006/05/25,25950.05
2006/05/26,27185.76
2006/05/29,27431.88
2006/05/30,27031.3
2006/05/31,27541.03
2006/06/01,26567.9
2006/06/02,27309.33
2006/06/05,27050.86
2006/06/06,25692.61
2006/06/07,25251.87
2006/06/08,23684.57
2006/06/09,24801.86
2006/06/12,24740.07
2006/06/13,23684.57
2006/06/14,24199.45
2006/06/15,25744.09
2006/06/19,26295.02
2006/06/20,27803.62
2006/06/21,28618.16
2006/06/22,28698.49
2006/06/23,29039.34
2006/06/26,29708.68
2006/06/27,28833.38
2006/06/28,28297.91
2006/06/29,29553.19
2006/06/30,30194.73
2006/07/03,30069.1
2006/07/04,29966.12
2006/07/05,29451.24
2006/07/06,30017.61
2006/07/07,30635.47
2006/07/10,30120.59
2006/07/11,30019.67
2006/07/12,30447.02
2006/07/13,29760.17
2006/07/14,29348.27
2006/07/17,28628.46
2006/07/18,28292.76
2006/07/19,29521.27
2006/07/20,28766.45
2006/07/21,28369.99
2006/07/24,28420.45
2006/07/25,28576.97
2006/07/26,28595.51
2006/07/27,29286.48
2006/07/28,29574.81
2006/07/31,29863.15
2006/08/01,29628.36
2006/08/02,29862.12
2006/08/03,29862.12
2006/08/04,31098.86
2006/08/07,30481.01
2006/08/08,30532.49
2006/08/10,30275.05
2006/08/11,30583.98
2006/08/14,30992.8
2006/08/15,31346.01
2006/08/16,31402.65
2006/08/17,32071.99
2006/08/18,31974.16
2006/08/21,32927.73
2006/08/22,33467.32
2006/08/23,33008.05
2006/08/24,32797.97
2006/08/25,32648.66
2006/08/28,32799
2006/08/29,31721.87
2006/08/30,32355.18
2006/08/31,31999.91
2006/09/01,32916.4
2006/09/04,33570.3
2006/09/05,33431.28
2006/09/06,32725.89
2006/09/07,31810.43
2006/09/08,31330.56
2006/09/11,29967.15
2006/09/12,30244.16
2006/09/13,30481.01
2006/09/14,31155.5
2006/09/15,30090.73
2006/09/18,30532.49
2006/09/19,30455.26
2006/09/20,30841.42
2006/09/21,31779.54
2006/09/22,32198.65
2006/09/26,31922.68
2006/09/27,32644.54
2006/09/28,33673.27
2006/09/29,33209.88
2006/10/02,34512.53
2006/10/03,33529.11
2006/10/04,33798.91
2006/10/05,33570.3
2006/10/06,33441.58
2006/10/09,34291.13
2006/10/10,34383.81
2006/10/11,34136.67
2006/10/12,34185.07
2006/10/13,34193.3
2006/10/16,34831.76
2006/10/17,34991.37
2006/10/18,34798.81
2006/10/19,35311.63
2006/10/20,35268.38
2006/10/23,35594.81
2006/10/24,35377.53
2006/10/25,35429.02
2006/10/26,34651.55
2006/10/27,34651.55
2006/10/30,34700.98
2006/10/31,34497.09
2006/11/01,34908.99
2006/11/02,35033.59
2006/11/03,34857.5
2006/11/06,35629.83
2006/11/07,35878
2006/11/08,35372.38
2006/11/09,34733.93
2006/11/10,35421.81
2006/11/13,34543.42
2006/11/14,34497.09
2006/11/15,34927.53
2006/11/16,34523.86
2006/11/17,33647.53
2006/11/20,34754.53
2006/11/21,34600.06
2006/11/22,34568.14
2006/11/23,33982.2
2006/11/24,34549.6
2006/11/27,34086.21
2006/11/28,33796.85
2006/11/29,33621.79
2006/11/30,34239.64
2006/12/01,34322.03
2006/12/04,34625.81
2006/12/05,35630.86
2006/12/06,35217.92
2006/12/07,34960.48
2006/12/08,34368.36
2006/12/11,34375.57
2006/12/12,34316.88
2006/12/13,34497.09
2006/12/14,35225.13
2006/12/15,35444.47
2006/12/18,34622.72
2006/12/19,34877.07
2006/12/20,35118.03
2006/12/21,34908.99
2006/12/22,34419.85
2006/12/27,34966.66
2006/12/28,35326.04
2006/12/29,35217.92
2007/01/02,35676.16
2007/01/03,34306.58
2007/01/04,33743.3
2007/01/05,33840.1
2007/01/08,34394.11
2007/01/09,34254.06
2007/01/10,34908.99
2007/01/11,35115.97
2007/01/12,35451.68
2007/01/15,35609.23
2007/01/16,35037.71
2007/01/17,33776.25
2007/01/18,33911.15
2007/01/19,33621.79
2007/01/22,34270.54
2007/01/23,34444.57
2007/01/24,35181.88
2007/01/25,35681.31
2007/01/26,34703.04
2007/01/29,34806.01
2007/01/30,34934.73
2007/01/31,34651.55
2007/02/01,35243.66
2007/02/02,34703.04
2007/02/05,34924.44
2007/02/06,35548.47
2007/02/07,35732.8
2007/02/08,35140.69
2007/02/09,35120.09
2007/02/12,35681.31
2007/02/13,36232.24
2007/02/14,37079.73
2007/02/15,37020.01
2007/02/16,36591.62
2007/02/19,37249.64
2007/02/20,37070.46
2007/02/21,36196.2
2007/02/22,36863.48
2007/02/23,37174.47
2007/02/26,37632.72
2007/02/27,36041.73
2007/02/28,35425.93
2007/03/01,34703.04
2007/03/02,36021.14
2007/03/05,35139.66
2007/03/06,35990.24
2007/03/07,35423.87
2007/03/08,35552.59
2007/03/09,36273.43
2007/03/12,36330.06
2007/03/13,36340.36
2007/03/14,35682.34
2007/03/15,36335.21
2007/03/16,37071.49
2007/03/19,37586.38
2007/03/20,37740.84
2007/03/22,38410.19
2007/03/23,38461.68
2007/03/26,38358.7
2007/03/27,38778.84
2007/03/28,38770.6
2007/03/29,39542.93
2007/03/30,39439.95
2007/04/02,39517.18
2007/04/03,39921.88
2007/04/04,39748.88
2007/04/05,39738.58
2007/04/10,40459.42
2007/04/11,40032.07
2007/04/12,40021.77
2007/04/13,40058.84
2007/04/16,40146.37
2007/04/17,40369.83
2007/04/18,39336.97
2007/04/19,39077.47
2007/04/20,39527.48
2007/04/23,39750.94
2007/04/24,38822.09
2007/04/25,38976.56
2007/04/26,38389.59
2007/04/30,38819
2007/05/02,39079.53
2007/05/03,39244.3
2007/05/04,40830.13
2007/05/07,41705.43
2007/05/08,39820.96
2007/05/09,40577.84
2007/05/10,40780.7
2007/05/11,42477.75
2007/05/14,40337.91
2007/05/15,40598.44
2007/05/16,40546.95
2007/05/17,40094.88
2007/05/18,41217.32
2007/05/21,42671.35
2007/05/22,42375.81
2007/05/23,43141.95
2007/05/24,42745.49
2007/05/25,42452.01
2007/05/28,42580.73
2007/05/29,42953.5
2007/05/30,42652.81
2007/05/31,43859.7
2007/06/01,44810.17
2007/06/04,45000.68
2007/06/05,44897.7
2007/06/06,43353.05
2007/06/07,43132.68
2007/06/08,43136.8
2007/06/11,43404.54
2007/06/12,43445.73
2007/06/13,44640.26
2007/06/14,44563.03
2007/06/15,45824.49
2007/06/18,45618.53
2007/06/19,44590.83
2007/06/20,45309.6
2007/06/21,44805.02
2007/06/22,44568.17
2007/06/25,43879.26
2007/06/26,43857.64
2007/06/27,42735.2
2007/06/28,42528.21
2007/06/29,42168.82
2007/07/02,44000
2007/07/03,44600
2007/07/04,44593
2007/07/05,45120
2007/07/06,45699
2007/07/09,46575
2007/07/10,45300
2007/07/11,46300
2007/07/12,46600
2007/07/13,47050
2007/07/16,46500
2007/07/17,45865
2007/07/18,44675
2007/07/19,44900
2007/07/20,44990
2007/07/23,45500
2007/07/24,44383
2007/07/25,43100
2007/07/26,41800
2007/07/27,39400
2007/07/30,40321
2007/07/31,41400
2007/08/01,40700
2007/08/02,39981
2007/08/03,39800
2007/08/06,38700
2007/08/07,39500
2007/08/08,40500
2007/08/10,38375
2007/08/13,40525
2007/08/14,40200
2007/08/15,40000
2007/08/16,37055
2007/08/17,36600
2007/08/20,38200
2007/08/21,38000
2007/08/22,39900
2007/08/23,39998
2007/08/24,40080
2007/08/27,40700
2007/08/28,39750
2007/08/29,39643
2007/08/30,39682
2007/08/31,41097
2007/09/03,41450
2007/09/04,41850
2007/09/05,41601
2007/09/06,42500
2007/09/07,40800
2007/09/10,40009
2007/09/11,41045
2007/09/12,40700
2007/09/13,42050
2007/09/14,41820
2007/09/17,41000
2007/09/18,41450
2007/09/19,44625
2007/09/20,44980
2007/09/21,44910
2007/09/25,45141
2007/09/26,45403
2007/09/27,45400
2007/09/28,45750
2007/10/01,47000
2007/10/02,46349
2007/10/03,46003
2007/10/04,46270
2007/10/05,46700
2007/10/08,45600
2007/10/09,46199
2007/10/10,47206
2007/10/11,48050
2007/10/12,46750
2007/10/15,47500
2007/10/16,46669
2007/10/17,45812
2007/10/18,45200
2007/10/19,44313
2007/10/22,42501
2007/10/23,43050
2007/10/24,42400
2007/10/25,42780
2007/10/26,43390
2007/10/29,44700
2007/10/30,44710
2007/10/31,44750
2007/11/01,43593
2007/11/02,42600
2007/11/05,41700
2007/11/06,42820
2007/11/07,43600
2007/11/08,48381
2007/11/09,47389
2007/11/12,46400
2007/11/13,45000
2007/11/14,45050
2007/11/15,43800
2007/11/16,43099
2007/11/19,40900
2007/11/20,40554
2007/11/21,40674
2007/11/22,39750
2007/11/23,42173
2007/11/26,41755
2007/11/27,41050
2007/11/28,41040
2007/11/29,42900
2007/11/30,45500
2007/12/03,45412
2007/12/04,43950
2007/12/05,44912
2007/12/06,44811
2007/12/07,45900
2007/12/10,47000
2007/12/11,45990
2007/12/12,45600
2007/12/13,43700
2007/12/14,41888
2007/12/18,41713
2007/12/19,40450
2007/12/20,40100
2007/12/21,41650
2007/12/24,42349
2007/12/27,42505
2007/12/28,42299
2007/12/31,41502
2008/01/02,41940
2008/01/03,41475
2008/01/04,41400
2008/01/07,40300
2008/01/08,40100
2008/01/09,38696
2008/01/10,37800
2008/01/11,38000
2008/01/14,38620
2008/01/15,38620
2008/01/16,38000
2008/01/17,36970
2008/01/18,36900
2008/01/21,34570
2008/01/22,33799
2008/01/23,34353
2008/01/24,37510
2008/01/25,37616
2008/01/28,35200
2008/01/29,36800
2008/01/30,38899
2008/01/31,39800
2008/02/01,42750
2008/02/04,42800
2008/02/05,42000
2008/02/06,42919
2008/02/07,44150
2008/02/08,44915
2008/02/11,44295
2008/02/12,46166
2008/02/13,45600
2008/02/14,46900
2008/02/15,45000
2008/02/18,46294
2008/02/19,47090
2008/02/20,48190
2008/02/21,49850
2008/02/22,48758
2008/02/25,48072
2008/02/26,49205
2008/02/27,48619
2008/02/28,49300
2008/02/29,49858
2008/03/03,50393
2008/03/04,52650
2008/03/05,52550
2008/03/06,54655
2008/03/07,53600
2008/03/10,50510
2008/03/11,48960
2008/03/12,50500
2008/03/13,49964
2008/03/14,50600
2008/03/17,49575
2008/03/18,48350
2008/03/19,47510
2008/03/20,44005
2008/03/25,45267
2008/03/26,47200
2008/03/27,48225
2008/03/28,48500
2008/03/31,48050
2008/04/01,47000
2008/04/02,46864
2008/04/03,47464
2008/04/04,48745
2008/04/07,50850
2008/04/08,49650
2008/04/09,52150
2008/04/10,52100
2008/04/11,51460
2008/04/14,50560
2008/04/15,51100
2008/04/16,53167
2008/04/17,53095
2008/04/18,52099
2008/04/21,52699
2008/04/22,52600
2008/04/23,52700
2008/04/24,51582
2008/04/25,51001
2008/04/29,48251
2008/04/30,49497
2008/05/05,50950
2008/05/06,52050
2008/05/07,50800
2008/05/08,51554
2008/05/09,50950
2008/05/12,50270
2008/05/13,49548
2008/05/14,50649
2008/05/15,51300
2008/05/16,51800
2008/05/19,53748
2008/05/20,52700
2008/05/21,52728
2008/05/22,54200
2008/05/23,51701
2008/05/26,52695
2008/05/27,52225
2008/05/28,53050
2008/05/29,52080
2008/05/30,51568
2008/06/02,51805
2008/06/03,51850
2008/06/04,51450
2008/06/05,50950
2008/06/06,50350
2008/06/09,51539
2008/06/10,51375
2008/06/11,49700
2008/06/12,50700
2008/06/13,50501
2008/06/17,54750
2008/06/18,53250
2008/06/19,55601
2008/06/20,53900
2008/06/23,54094
2008/06/24,53850
2008/06/25,51300
2008/06/26,51749
2008/06/27,52818
2008/06/30,54800
2008/07/01,54169
2008/07/02,51680
2008/07/03,49800
2008/07/04,48226
2008/07/07,47730
2008/07/08,45901
2008/07/09,46659
2008/07/10,45240
2008/07/11,45095
2008/07/14,45250
2008/07/15,43113
2008/07/16,41150
2008/07/17,42699
2008/07/18,42030
2008/07/21,43180
2008/07/22,42300
2008/07/23,41050
2008/07/24,41041
2008/07/25,40550
2008/07/28,41500
2008/07/29,41300
2008/07/30,42650
2008/07/31,42200
2008/08/01,39866
2008/08/04,37700
2008/08/05,38810
2008/08/06,40360
2008/08/07,40580
2008/08/08,39767
2008/08/11,39639
2008/08/12,39982
2008/08/13,41300
2008/08/14,42891
2008/08/15,40586
2008/08/18,39720
2008/08/19,39065
2008/08/20,40425
2008/08/21,41645
2008/08/22,40850
2008/08/25,40000
2008/08/26,40299
2008/08/27,41300
2008/08/28,41499
2008/08/29,40794
2008/09/01,38899
2008/09/02,36925
2008/09/03,36150
2008/09/04,34650
2008/09/05,32597
2008/09/08,33485
2008/09/09,30950
2008/09/10,31302
2008/09/11,33480
2008/09/12,35897
2008/09/15,35200
2008/09/16,33000
2008/09/17,31420
2008/09/18,31668
2008/09/19,33350
2008/09/22,34259
2008/09/23,32270
2008/09/25,30900
2008/09/26,29787
2008/09/29,27048
2008/09/30,27800
2008/10/01,26900
2008/10/02,25850
2008/10/03,26550
2008/10/06,23548
2008/10/07,24980
2008/10/08,23100
2008/10/09,23811
2008/10/10,22900
2008/10/13,25500
2008/10/14,26215
2008/10/15,22090
2008/10/16,20999
2008/10/17,22900
2008/10/20,23772
2008/10/21,24793
2008/10/22,23599
2008/10/23,22875
2008/10/24,20705
2008/10/27,20305
2008/10/28,19240
2008/10/29,22100
2008/10/30,23750
2008/10/31,23935
2008/11/03,24400
2008/11/04,25310
2008/11/05,23800
2008/11/06,21953
2008/11/07,21000
2008/11/10,23790
2008/11/11,22226
2008/11/12,20605
2008/11/13,19500
2008/11/14,20417
2008/11/17,19000
2008/11/18,18595
2008/11/19,18850
2008/11/20,17000
2008/11/21,17850
2008/11/24,19606
2008/11/25,22300
2008/11/26,22368
2008/11/27,23245
2008/11/28,23091
2008/12/01,20220
2008/12/02,19781
2008/12/03,18100
2008/12/04,20000
2008/12/05,18775
2008/12/08,21400
2008/12/09,21401
2008/12/10,23050
2008/12/11,22800
2008/12/12,22850
2008/12/15,23500
2008/12/17,24951
2008/12/18,23500
2008/12/19,21500
2008/12/22,20800
2008/12/23,20790
2008/12/24,20478
2008/12/29,20837
2008/12/30,20719
2008/12/31,21099
2009/01/02,22389
2009/01/05,22800
2009/01/06,24600
2009/01/07,24345
2009/01/08,23757
2009/01/09,22228
2009/01/12,21910
2009/01/13,20966
2009/01/14,19444
2009/01/15,18854
2009/01/16,20300
2009/01/19,19899
2009/01/20,19000
2009/01/21,18200
2009/01/22,18000
2009/01/23,17661
2009/01/26,18572
2009/01/27,19000
2009/01/28,19950
2009/01/29,18950
2009/01/30,18597
2009/02/02,17736
2009/02/03,17977
2009/02/04,19801
2009/02/05,19641
2009/02/06,21216
2009/02/09,21466
2009/02/10,20960
2009/02/11,19609
2009/02/12,18450
2009/02/13,18500
2009/02/16,18370
2009/02/17,17912
2009/02/18,17549
2009/02/19,18249
2009/02/20,15350
2009/02/23,15200
2009/02/24,14850
2009/02/25,14212
2009/02/26,14241
2009/02/27,14128
2009/03/02,13821
2009/03/03,13900
2009/03/04,14823
2009/03/05,14750
2009/03/06,15310
2009/03/09,14399
2009/03/10,15285
2009/03/11,15700
2009/03/12,15180
2009/03/13,16000
2009/03/16,15918
2009/03/17,15469
2009/03/18,15401
2009/03/19,16850
2009/03/20,17800
2009/03/23,18725
2009/03/24,17349
2009/03/25,17078
2009/03/26,16941
2009/03/27,16475
2009/03/30,15140
2009/03/31,15971
2009/04/01,16215
2009/04/02,17723
2009/04/03,18647
2009/04/06,17910
2009/04/07,17475
2009/04/08,17390
2009/04/09,18500
2009/04/14,19459
2009/04/15,19124
2009/04/16,18870
2009/04/17,18265
2009/04/20,17011
2009/04/21,16824
2009/04/23,17485
2009/04/24,18300
2009/04/28,17249
2009/04/29,18050
2009/04/30,18851
2009/05/04,19250
2009/05/05,19469
2009/05/06,19871
2009/05/07,19562
2009/05/08,20360
2009/05/11,20226
2009/05/12,20139
2009/05/13,19000
2009/05/14,18905
2009/05/15,19127
2009/05/18,19680
2009/05/19,20800
2009/05/20,21395
2009/05/21,20850
2009/05/22,21300
2009/05/25,20910
2009/05/26,21420
2009/05/27,21950
2009/05/28,21600
2009/05/29,22919
2009/06/01,24950
2009/06/02,24900
2009/06/03,23430
2009/06/04,22520
2009/06/05,23676
2009/06/08,23200
2009/06/09,23199
2009/06/10,23575
2009/06/11,23342
2009/06/12,22855
2009/06/15,22300
2009/06/17,20537
2009/06/18,21075
2009/06/19,21685
2009/06/22,22610
2009/06/23,22125
2009/06/24,23999
2009/06/25,23500
2009/06/26,23485
2009/06/29,23260
2009/06/30,22300
2009/07/01,23394
2009/07/02,22125
2009/07/03,22190
2009/07/06,20980
2009/07/07,21150
2009/07/08,21105
2009/07/09,21600
2009/07/10,22200
2009/07/13,22606
2009/07/14,23082
2009/07/15,23799
2009/07/16,23391
2009/07/17,23740
2009/07/20,23275
2009/07/21,23920
2009/07/22,23441
2009/07/23,24367
2009/07/24,24438
2009/07/27,24275
2009/07/28,23998
2009/07/29,23599
2009/07/30,24675
2009/07/31,24968
2009/08/03,26265
2009/08/04,25950
2009/08/05,26752
2009/08/06,26445
2009/08/07,26000
2009/08/11,24875
2009/08/12,24850
2009/08/13,25750
2009/08/14,25571
2009/08/17,24150
2009/08/18,24150
2009/08/19,24259
2009/08/20,24969
2009/08/21,25450
2009/08/24,26319
2009/08/25,26220
2009/08/26,25538
2009/08/27,25044
2009/08/28,25600
2009/08/31,25000
2009/09/01,24765
2009/09/02,24100
2009/09/03,24581
2009/09/04,24950
2009/09/07,25249
2009/09/08,25425
2009/09/09,25337
2009/09/10,25755
2009/09/11,25817
2009/09/14,25525
2009/09/15,25250
2009/09/16,25900
2009/09/17,25828
2009/09/18,25300
2009/09/21,24850
2009/09/22,24889
2009/09/23,25106
2009/09/25,24338
2009/09/28,24150
2009/09/29,23975
2009/09/30,23868
2009/10/01,23400
2009/10/02,22956
2009/10/05,23468
2009/10/06,24607
2009/10/07,24800
2009/10/08,25650
2009/10/09,25299
2009/10/12,25474
2009/10/13,25393
2009/10/14,26685
2009/10/15,26485
2009/10/16,26300
2009/10/19,27600
2009/10/20,27800
2009/10/21,27750
2009/10/22,28418
2009/10/23,29150
2009/10/26,29410
2009/10/27,28700
2009/10/28,27900
2009/10/29,29548
2009/10/30,29200
2009/11/02,29300
2009/11/03,28920
2009/11/04,29350
2009/11/05,29411
2009/11/06,29800
2009/11/09,30746
2009/11/10,30140
2009/11/11,30642
2009/11/12,30911
2009/11/13,31335
2009/11/16,32510
2009/11/17,32800
2009/11/18,32489
2009/11/19,31758
2009/11/20,31550
2009/11/23,32475
2009/11/24,32675
2009/11/25,32900
2009/11/26,31899
2009/11/27,31713
2009/11/30,31900
2009/12/01,32612
2009/12/02,33164
2009/12/03,32598
2009/12/04,32700
2009/12/07,31791
2009/12/08,31360
2009/12/09,31092
2009/12/10,31100
2009/12/11,31205
2009/12/14,31740
2009/12/15,31900
2009/12/17,31500
2009/12/18,32190
2009/12/21,32650
2009/12/22,32850
2009/12/23,32500
2009/12/24,32319
2009/12/28,32651
2009/12/29,32298
2009/12/30,31850
2009/12/31,31949
2010/01/04,32850
2010/01/05,33020
2010/01/06,33400
2010/01/07,33539
2010/01/08,34000
2010/01/11,34461
2010/01/12,33480
2010/01/13,33400
2010/01/14,33250
2010/01/15,33175
2010/01/18,33970
2010/01/19,33835
2010/01/20,32621
2010/01/21,31000
2010/01/22,30771
2010/01/25,30450
2010/01/26,29801
2010/01/27,29550
2010/01/28,29075
2010/01/29,28400
2010/02/01,28040
2010/02/02,29167
2010/02/03,29250
2010/02/04,27670
2010/02/05,27246
2010/02/08,27641
2010/02/09,28650
2010/02/10,28375
2010/02/11,28076
2010/02/12,27750
2010/02/15,28500
2010/02/16,29150
2010/02/17,29588
2010/02/18,29690
2010/02/19,28900
2010/02/22,29300
2010/02/23,28720
2010/02/24,28600
2010/02/25,27610
2010/02/26,27650
2010/03/01,27915
2010/03/02,28449
2010/03/03,29394
2010/03/04,29600
2010/03/05,29940
2010/03/08,29850
2010/03/09,29300
2010/03/10,29654
2010/03/11,29600
2010/03/12,30490
2010/03/15,29835
2010/03/16,30066
2010/03/17,30560
2010/03/18,30592
2010/03/19,29850
2010/03/23,29990
2010/03/24,30050
2010/03/25,30644
2010/03/26,30990
2010/03/29,31382
2010/03/30,31750
2010/03/31,31895
2010/04/01,32743
2010/04/06,33129
2010/04/07,32796
2010/04/08,32377
2010/04/09,33228
2010/04/12,32850
2010/04/13,32766
2010/04/14,33999
2010/04/15,33871
2010/04/16,33000
2010/04/19,32464
2010/04/20,32740
2010/04/21,32407
2010/04/22,32470
2010/04/23,32593
2010/04/26,33250
2010/04/28,32000
2010/04/29,32334
2010/04/30,31745
2010/05/03,31800
2010/05/04,30110
2010/05/05,29800
2010/05/06,29525
2010/05/07,28378
2010/05/10,30468
2010/05/11,29637
2010/05/12,30050
2010/05/13,30180
2010/05/14,28881
2010/05/17,28815
2010/05/18,28905
2010/05/19,28125
2010/05/20,27336
2010/05/21,28135
2010/05/24,28542
2010/05/25,28155
2010/05/26,28919
2010/05/27,29861
2010/05/28,29400
2010/05/31,29100
2010/06/01,29784
2010/06/02,29041
2010/06/03,29337
2010/06/04,28321
2010/06/07,27657
2010/06/08,27430
2010/06/09,28457
2010/06/10,29542
2010/06/11,28769
2010/06/14,29979
2010/06/15,30376
2010/06/17,30078
2010/06/18,29683
2010/06/21,30120
2010/06/22,30070
2010/06/23,29533
2010/06/24,29050
2010/06/25,28381
2010/06/28,28806
2010/06/29,27700
2010/06/30,26899
2010/07/01,26701
2010/07/02,27050
2010/07/05,26399
2010/07/06,27231
2010/07/07,27345
2010/07/08,27700
2010/07/09,27915
2010/07/12,27538
2010/07/13,27887
2010/07/14,27700
2010/07/15,27465
2010/07/16,27493
2010/07/19,27500
2010/07/20,27401
2010/07/21,27800
2010/07/22,28350
2010/07/23,28837
2010/07/26,28850
2010/07/27,29000
2010/07/28,29177
2010/07/29,29580
2010/07/30,29345
2010/08/02,30299
2010/08/03,30100
2010/08/04,29960
2010/08/05,29720
2010/08/06,29040
2010/08/10,28130
2010/08/11,27100
2010/08/12,27100
2010/08/13,27050
2010/08/16,27299
2010/08/17,27562
2010/08/18,27456
2010/08/19,26960
2010/08/20,26721
2010/08/23,27080
2010/08/24,26550
2010/08/25,25502
2010/08/26,26225
2010/08/27,25880
2010/08/30,26599
2010/08/31,26500
2010/09/01,27680
2010/09/02,27550
2010/09/03,27691
2010/09/06,27863
2010/09/07,27408
2010/09/08,28150
2010/09/09,28100
2010/09/10,27760
2010/09/13,28487
2010/09/14,28300
2010/09/15,28399
2010/09/16,28050
2010/09/17,28255
2010/09/20,28309
2010/09/21,28137
2010/09/22,28250
2010/09/23,28101
2010/09/27,28280
2010/09/28,28150
2010/09/29,27800
2010/09/30,28325
2010/10/01,28200
2010/10/04,28400
2010/10/05,29170
2010/10/06,29927
2010/10/07,29210
2010/10/08,29850
2010/10/11,29999
2010/10/12,29899
2010/10/13,31126
2010/10/14,31050
2010/10/15,31166
2010/10/18,31050
2010/10/19,30700
2010/10/20,31350
2010/10/21,32198
2010/10/22,31750
2010/10/25,32390
2010/10/26,32191
2010/10/27,31900
2010/10/28,32150
2010/10/29,32377
2010/11/01,32350
2010/11/02,32300
2010/11/03,32315
2010/11/04,33001
2010/11/05,33349
2010/11/08,32864
2010/11/09,33098
2010/11/10,32760
2010/11/11,33580
2010/11/12,33699
2010/11/15,33940
2010/11/16,32900
2010/11/17,32225
2010/11/18,32699
2010/11/19,32516
2010/11/22,32450
2010/11/23,31900
2010/11/24,32395
2010/11/25,32950
2010/11/26,32500
2010/11/29,31510
2010/11/30,30999
2010/12/01,31879
2010/12/02,32000
2010/12/03,32750
2010/12/06,33199
2010/12/07,33500
2010/12/08,33349
2010/12/09,32615
2010/12/10,32899
2010/12/13,32875
2010/12/14,32949
2010/12/15,33020
2010/12/17,33333
2010/12/20,33385
2010/12/21,34248
2010/12/22,34378
2010/12/23,34250
2010/12/24,34200
2010/12/28,34099
2010/12/29,34650
2010/12/30,34899
2010/12/31,34300
2011/01/03,34750
2011/01/04,35900
2011/01/05,34775
2011/01/06,34991
2011/01/07,34490
2011/01/10,34501
2011/01/11,34950
2011/01/12,35949
2011/01/13,36750
2011/01/14,36375
2011/01/17,36030
2011/01/18,36499
2011/01/19,36181
2011/01/20,34850
2011/01/21,35250
2011/01/24,34850
2011/01/25,34375
2011/01/26,35300
2011/01/27,35651
2011/01/28,34600
2011/01/31,34760
2011/02/01,35950
2011/02/02,37550
2011/02/03,38151
2011/02/04,38725
2011/02/07,39300
2011/02/08,38974
2011/02/09,38800
2011/02/10,38179
2011/02/11,39300
2011/02/14,39570
2011/02/15,39499
2011/02/16,38595
2011/02/17,38107
2011/02/18,37149
2011/02/21,37355
2011/02/22,37100
2011/02/23,36307
2011/02/24,36555
2011/02/25,36850
2011/02/28,37700
2011/03/01,37303
2011/03/02,36948
2011/03/03,37799
2011/03/04,37400
2011/03/07,37350
2011/03/08,36119
2011/03/09,35905
2011/03/10,34500
2011/03/11,34720
2011/03/14,34260
2011/03/15,33750
2011/03/16,33905
2011/03/17,33970
2011/03/18,34442
2011/03/22,34388
2011/03/23,35051
2011/03/24,35583
2011/03/25,35500
2011/03/28,34900
2011/03/29,35200
2011/03/30,35610
2011/03/31,35175
2011/04/01,35120
2011/04/04,35600
2011/04/05,35710
2011/04/06,35877
2011/04/07,35300
2011/04/08,36285
2011/04/11,36550
2011/04/12,34881
2011/04/13,35000
2011/04/14,35249
2011/04/15,34900
2011/04/18,33300
2011/04/19,34270
2011/04/20,35200
2011/04/21,35250
2011/04/26,34600
2011/04/28,34450
2011/04/29,34550
2011/05/03,33805
2011/05/04,33150
2011/05/05,32700
2011/05/06,33400
2011/05/09,33220
2011/05/10,33999
2011/05/11,33500
2011/05/12,32850
2011/05/13,33300
2011/05/16,33760
2011/05/17,33250
2011/05/19,33155
2011/05/20,32900
2011/05/23,32245
2011/05/24,32501
2011/05/25,33001
2011/05/26,33617
2011/05/27,34110
2011/05/30,34020
2011/05/31,34150
2011/06/01,33525
2011/06/02,32880
2011/06/03,32459
2011/06/06,32801
2011/06/07,33000
2011/06/08,32525
2011/06/09,32950
2011/06/10,32015
2011/06/13,32135
2011/06/14,32301
2011/06/15,31876
2011/06/17,31307
2011/06/20,30870
2011/06/21,31800
2011/06/22,31889
2011/06/23,30949
2011/06/24,31540
2011/06/27,31850
2011/06/28,32521
2011/06/29,33150
2011/06/30,33485
2011/07/01,33600
2011/07/04,33625
2011/07/05,33825
2011/07/06,33599
2011/07/07,34000
2011/07/08,33650
2011/07/11,33139
2011/07/12,32931
2011/07/13,33471
2011/07/14,33250
2011/07/15,33100
2011/07/18,32600
2011/07/19,33220
2011/07/20,33000
2011/07/21,33212
2011/07/22,33546
2011/07/25,33436
2011/07/26,33606
2011/07/27,33075
2011/07/28,32740
2011/07/29,32001
2011/08/01,31725
2011/08/02,30900
2011/08/03,30896
2011/08/04,29541
2011/08/05,28860
2011/08/08,27384
2011/08/10,27203
2011/08/11,27900
2011/08/12,28310
2011/08/15,28665
2011/08/16,28694
2011/08/17,28836
2011/08/18,27698
2011/08/19,27180
2011/08/22,27090
2011/08/23,26600
2011/08/24,27079
2011/08/25,27206
2011/08/26,27200
2011/08/29,28399
2011/08/30,28500
2011/08/31,29189
2011/09/01,29131
2011/09/02,28235
2011/09/05,27300
2011/09/06,27068
2011/09/07,28150
2011/09/08,28678
2011/09/09,28150
2011/09/12,27436
2011/09/13,27930
2011/09/14,28305
2011/09/15,29250
2011/09/16,29450
2011/09/19,29100
2011/09/20,29794
2011/09/21,29550
2011/09/22,28265
2011/09/23,28572
2011/09/26,28000
2011/09/27,29685
2011/09/28,28614
2011/09/29,28210
2011/09/30,27501
2011/10/03,27851
2011/10/04,27217
2011/10/05,27750
2011/10/06,28423
2011/10/07,28693
2011/10/10,29910
2011/10/11,29585
2011/10/12,29455
2011/10/13,28765
2011/10/14,29549
2011/10/17,29023
2011/10/18,28800
2011/10/19,28825
2011/10/20,28300
2011/10/21,28699
2011/10/24,29249
2011/10/25,28863
2011/10/26,29079
2011/10/27,30400
2011/10/28,30900
2011/10/31,29723
2011/11/01,28910
2011/11/02,29520
2011/11/03,29575
2011/11/04,29732
2011/11/07,30362
2011/11/08,30810
2011/11/09,29700
2011/11/10,30755
2011/11/11,30870
2011/11/14,31010
2011/11/15,31650
2011/11/16,31550
2011/11/17,31250
2011/11/18,30535
2011/11/21,29520
2011/11/22,29866
2011/11/23,29200
2011/11/24,29000
2011/11/25,29290
2011/11/28,30050
2011/11/29,29901
2011/11/30,31050
2011/12/01,31350
2011/12/02,31128
2011/12/05,31645
2011/12/06,31500
2011/12/07,31366
2011/12/08,31200
2011/12/09,30929
2011/12/12,30310
2011/12/13,30430
2011/12/14,29700
2011/12/15,30215
2011/12/19,29679
2011/12/20,30050
2011/12/21,29686
2011/12/22,29999
2011/12/23,30049
2011/12/28,29875
2011/12/29,29599
2011/12/30,29600
2012/01/03,31120
2012/01/04,31413
2012/01/05,31086
2012/01/06,30906
2012/01/09,30900
2012/01/10,31700
2012/01/11,31481
2012/01/12,31635
2012/01/13,31826
2012/01/16,32050
2012/01/17,32499
2012/01/18,32599
2012/01/19,32459
2012/01/20,32650
2012/01/23,33250
2012/01/24,32925
2012/01/25,33000
2012/01/26,33700
2012/01/27,33150
2012/01/30,32446
2012/01/31,32500
2012/02/01,32960
2012/02/02,34063
2012/02/03,34584
2012/02/06,34476
2012/02/07,33955
2012/02/08,34790
2012/02/09,34301
2012/02/10,33260
2012/02/13,34229
2012/02/14,33560
2012/02/15,32921
2012/02/16,32051
2012/02/17,32650
2012/02/20,32540
2012/02/21,32956
2012/02/22,32510
2012/02/23,32375
2012/02/24,32450
2012/02/27,31861
2012/02/28,32250
2012/02/29,32360
2012/03/01,32027
2012/03/02,31600
2012/03/05,31150
2012/03/06,30300
2012/03/07,30607
2012/03/08,30611
2012/03/09,30707
2012/03/12,30500
2012/03/13,30735
2012/03/14,30990
2012/03/15,30756
2012/03/16,31380
2012/03/19,31530
2012/03/20,30300
2012/03/22,29737
2012/03/23,29800
2012/03/26,29704
2012/03/27,29395
2012/03/28,28769
2012/03/29,28299
2012/03/30,28510
2012/04/02,28800
2012/04/03,28908
2012/04/04,28238
2012/04/05,28657
2012/04/10,28311
2012/04/11,28369
2012/04/12,28722
2012/04/13,28650
2012/04/16,28368
2012/04/17,28764
2012/04/18,29250
2012/04/19,29359
2012/04/20,29579
2012/04/23,28950
2012/04/24,29061
2012/04/25,29553
2012/04/26,29646
2012/04/30,30000
2012/05/02,29950
2012/05/03,29659
2012/05/04,28650
2012/05/07,28350
2012/05/08,27870
2012/05/09,27864
2012/05/10,28301
2012/05/11,28385
2012/05/14,27815
2012/05/15,27683
2012/05/16,27812
2012/05/17,27145
2012/05/18,26834
2012/05/21,26680
2012/05/22,27345
2012/05/23,26584
2012/05/24,26500
2012/05/25,26189
2012/05/28,26530
2012/05/29,26890
2012/05/30,26100
2012/05/31,25780
2012/06/01,25800
2012/06/04,25832
2012/06/05,26330
2012/06/06,27100
2012/06/07,27523
2012/06/08,27097
2012/06/11,27083
2012/06/12,27500
2012/06/13,27700
2012/06/14,27422
2012/06/15,27650
2012/06/18,27900
2012/06/19,28230
2012/06/20,28442
2012/06/21,27640
2012/06/22,27036
2012/06/25,26650
2012/06/26,26987
2012/06/27,26660
2012/06/28,26365
2012/06/29,27130
2012/07/02,26974
2012/07/03,27307
2012/07/04,27290
2012/07/05,27342
2012/07/06,26984
2012/07/09,26336
2012/07/10,26216
2012/07/11,26150
2012/07/12,25813
2012/07/13,26236
2012/07/16,26120
2012/07/17,25776
2012/07/18,26091
2012/07/19,26106
2012/07/20,26300
2012/07/23,25550
2012/07/24,25551
2012/07/25,25280
2012/07/26,25581
2012/07/27,24335
2012/07/30,24654
2012/07/31,24624
2012/08/01,24748
2012/08/02,24383
2012/08/03,24320
2012/08/06,24600
2012/08/07,25333
2012/08/08,25754
2012/08/10,25950
2012/08/13,25624
2012/08/14,25655
2012/08/15,25182
2012/08/16,25444
2012/08/17,25135
2012/08/20,25159
2012/08/21,25738
2012/08/22,25086
2012/08/23,25750
2012/08/24,24968
2012/08/27,25120
2012/08/28,24839
2012/08/29,24317
2012/08/30,23600
2012/08/31,23575
2012/09/03,23663
2012/09/04,23311
2012/09/05,23446
2012/09/06,24328
2012/09/07,25784
2012/09/10,26113
2012/09/11,25535
2012/09/12,25667
2012/09/13,25700
2012/09/14,27700
2012/09/17,27135
2012/09/18,27000
2012/09/19,27202
2012/09/20,26299
2012/09/21,26050
2012/09/25,25278
2012/09/26,24300
2012/09/27,24730
2012/09/28,24466
2012/10/01,25604
2012/10/02,25369
2012/10/03,24684
2012/10/04,24970
2012/10/05,25402
2012/10/08,25639
2012/10/09,25626
2012/10/10,25725
2012/10/11,25989
2012/10/12,25540
2012/10/15,25273
2012/10/16,25457
2012/10/17,26450
2012/10/18,26312
2012/10/19,26310
2012/10/22,26439
2012/10/23,26055
2012/10/24,26452
2012/10/25,26200
2012/10/26,26867
2012/10/29,26845
2012/10/30,26982
2012/10/31,26771
2012/11/01,27190
2012/11/02,27330
2012/11/05,26950
2012/11/06,26756
2012/11/07,26300
2012/11/08,26364
2012/11/09,25850
2012/11/12,25560
2012/11/13,24662
2012/11/14,24467
2012/11/15,24050
2012/11/16,23770
2012/11/19,24030
2012/11/20,23749
2012/11/21,23867
2012/11/22,24330
2012/11/23,24400
2012/11/26,24309
2012/11/27,24335
2012/11/28,23865
2012/11/29,24665
2012/11/30,24895
2012/12/03,24810
2012/12/04,24748
2012/12/05,25343
2012/12/06,25403
2012/12/07,25225
2012/12/10,25348
2012/12/11,25621
2012/12/12,26450
2012/12/13,25899
2012/12/14,25508
2012/12/18,26050
2012/12/19,26156
2012/12/20,26122
2012/12/21,26039
2012/12/24,26100
2012/12/27,26440
2012/12/28,26195
2012/12/31,25958
2013/01/02,27742
2013/01/03,27650
2013/01/04,27653
2013/01/07,27675
2013/01/08,28110
2013/01/09,28064
2013/01/10,28717
2013/01/11,28620
2013/01/14,28601
2013/01/15,27540
2013/01/16,26979
2013/01/17,26481
2013/01/18,26900
2013/01/21,26880
2013/01/22,26734
2013/01/23,26675
2013/01/24,26914
2013/01/25,26640
2013/01/28,26727
2013/01/29,27301
2013/01/30,27035
2013/01/31,26900
2013/02/01,27150
2013/02/04,27051
2013/02/05,27039
2013/02/06,27132
2013/02/07,27313
2013/02/08,27900
2013/02/11,27680
2013/02/12,27570
2013/02/13,27905
2013/02/14,27532
2013/02/15,28050
2013/02/18,27460
2013/02/19,27402
2013/02/20,26848
2013/02/21,26084
2013/02/22,26369
2013/02/25,26694
2013/02/26,26236
2013/02/27,25999
2013/02/28,26030
2013/03/01,25790
2013/03/04,25429
2013/03/05,25800
2013/03/06,25389
2013/03/07,25770
2013/03/08,25253
2013/03/11,25319
2013/03/12,25672
2013/03/13,25600
2013/03/14,25749
2013/03/15,25950
2013/03/18,25540
2013/03/19,25189
2013/03/20,24929
2013/03/22,24696
2013/03/25,24221
2013/03/26,24540
2013/03/27,24150
2013/03/28,23935
2013/04/02,23400
2013/04/03,23009
2013/04/04,22918
2013/04/05,22837
2013/04/08,22754
2013/04/09,23200
2013/04/10,23331
2013/04/11,22927
2013/04/12,22576
2013/04/15,21911
2013/04/16,22307
2013/04/17,21654
2013/04/18,21780
2013/04/19,22500
2013/04/22,22500
2013/04/23,22398
2013/04/24,22851
2013/04/25,23000
2013/04/26,22725
2013/04/29,22356
2013/04/30,21775
2013/05/02,21849
2013/05/03,22741
2013/05/06,23020
2013/05/07,22698
2013/05/08,23226
2013/05/09,23185
2013/05/10,22301
2013/05/13,22169
2013/05/14,21815
2013/05/15,21813
2013/05/16,21969
2013/05/17,22440
2013/05/20,22382
2013/05/21,23469
2013/05/22,23941
2013/05/23,22549
2013/05/24,22629
2013/05/27,23020
2013/05/28,22804
2013/05/29,22731
2013/05/30,23715
2013/05/31,23517
2013/06/03,23182
2013/06/04,22519
2013/06/05,22380
2013/06/06,22412
2013/06/07,22690
2013/06/10,22450
2013/06/11,21513
2013/06/12,21630
2013/06/13,21749
2013/06/14,22267
2013/06/18,22369
2013/06/19,22075
2013/06/20,21490
2013/06/21,21150
2013/06/24,20399
2013/06/25,20242
2013/06/26,19550
2013/06/27,19350
2013/06/28,19185
2013/07/01,19389
2013/07/02,19301
2013/07/03,18545
2013/07/04,19175
2013/07/05,18519
2013/07/08,19141
2013/07/09,19020
2013/07/10,19061
2013/07/11,20149
2013/07/12,19534
2013/07/15,19391
2013/07/16,19657
2013/07/17,20478
2013/07/18,20792
2013/07/19,20600
2013/07/22,21200
2013/07/23,21660
2013/07/24,21400
2013/07/25,21035
2013/07/26,21052
2013/07/29,21519
2013/07/30,21370
2013/07/31,21350
2013/08/01,22216
2013/08/02,22069
2013/08/05,22300
2013/08/06,21580
2013/08/07,21600
2013/08/08,22200
2013/08/12,23660
2013/08/13,23800
2013/08/14,23971
2013/08/15,23251
2013/08/16,24045
2013/08/19,23840
2013/08/20,23656
2013/08/21,23750
2013/08/22,24135
2013/08/23,24228
2013/08/26,24596
2013/08/27,24288
2013/08/28,24427
2013/08/29,24237
2013/08/30,23550
2013/09/02,24453
2013/09/03,24905
2013/09/04,24648
2013/09/05,24951
2013/09/06,24774
2013/09/09,25056
2013/09/10,25625
2013/09/11,25089
2013/09/12,25380
2013/09/13,24668
2013/09/16,24684
2013/09/17,24661
2013/09/18,24672
2013/09/19,25440
2013/09/20,25021
2013/09/23,24827
2013/09/25,25110
2013/09/26,24989
2013/09/27,25045
2013/09/30,24649
2013/10/01,24012
2013/10/02,24321
2013/10/03,23925
2013/10/04,24013
2013/10/07,23773
2013/10/08,23479
2013/10/09,23042
2013/10/10,23464
2013/10/11,23800
2013/10/14,24156
2013/10/15,24877
2013/10/16,24677
2013/10/17,24454
2013/10/18,24223
2013/10/21,24275
2013/10/22,24470
2013/10/23,23715
2013/10/24,23795
2013/10/25,23919
2013/10/28,23845
2013/10/29,23867
2013/10/30,24155
2013/10/31,23807
2013/11/01,23856
2013/11/04,24150
2013/11/05,25151
2013/11/06,25699
2013/11/07,25283
2013/11/08,24473
2013/11/11,24383
2013/11/12,23917
2013/11/13,23343
2013/11/14,23197
2013/11/15,23492
2013/11/18,23442
2013/11/19,22962
2013/11/20,22959
2013/11/21,22511
2013/11/22,22553
2013/11/25,22271
2013/11/26,21889
2013/11/27,22249
2013/11/28,23008
2013/11/29,22641
2013/12/02,22011
2013/12/03,21991
2013/12/04,22188
2013/12/05,22500
2013/12/06,22390
2013/12/09,22519
2013/12/10,22514
2013/12/11,22095
2013/12/12,21622
2013/12/13,21220
2013/12/17,21527
2013/12/18,21645
2013/12/19,21602
2013/12/20,21440
2013/12/23,21355
2013/12/24,21627
2013/12/27,22429
2013/12/30,23032
2013/12/31,22900
2014/01/02,22699
2014/01/03,22500
2014/01/06,22406
2014/01/07,22239
2014/01/08,22319
2014/01/09,22050
2014/01/10,22015
2014/01/13,22479
2014/01/14,22460
2014/01/15,23759
2014/01/16,24739
2014/01/17,24882
2014/01/20,24865
2014/01/21,24184
2014/01/22,24550
2014/01/23,25234
2014/01/24,25158
2014/01/27,24687
2014/01/28,24749
2014/01/29,25850
2014/01/30,26410
2014/01/31,25957
2014/02/03,25969
2014/02/04,26084
2014/02/05,26400
2014/02/06,26326
2014/02/07,26525
2014/02/10,27208
2014/02/11,27490
2014/02/12,28025
2014/02/13,27900
2014/02/14,27800
2014/02/17,27976
2014/02/18,28361
2014/02/19,28599
2014/02/20,28174
2014/02/21,28400
2014/02/24,27595
2014/02/25,26700
2014/02/26,26780
2014/02/27,26945
2014/02/28,27247
2014/03/03,26750
2014/03/04,27156
2014/03/05,27179
2014/03/06,27875
2014/03/07,26674
2014/03/10,25560
2014/03/11,26161
2014/03/12,25715
2014/03/13,25596
2014/03/14,24860
2014/03/17,25700
2014/03/18,25639
2014/03/19,25053
2014/03/20,25173
2014/03/24,25750
2014/03/25,26460
2014/03/26,26529
2014/03/27,26199
2014/03/28,26951
2014/03/31,26861
2014/04/01,26701
2014/04/02,27301
2014/04/03,26739
2014/04/04,27301
2014/04/07,27097
2014/04/08,27299
2014/04/09,27336
2014/04/10,27000
2014/04/11,27006
2014/04/14,26856
2014/04/15,26752
2014/04/16,27140
2014/04/17,27359
2014/04/22,27301
2014/04/23,27341
2014/04/24,27801
2014/04/25,27328
2014/04/29,27359
2014/04/30,28050
2014/05/02,27699
2014/05/05,27427
2014/05/06,27372
2014/05/08,27757
2014/05/09,27902
2014/05/12,28670
2014/05/13,28408
2014/05/14,28277
2014/05/15,28011
2014/05/16,27045
2014/05/19,27036
2014/05/20,26940
2014/05/21,27021
2014/05/22,26866
2014/05/23,27204
2014/05/26,27573
2014/05/27,27300
2014/05/28,26844
2014/05/29,26741
2014/05/30,26000
2014/06/02,26520
2014/06/03,26156
2014/06/04,26200
2014/06/05,26231
2014/06/06,25999
2014/06/09,26225
2014/06/10,25937
2014/06/11,26217
2014/06/12,25471
2014/06/13,25635
2014/06/17,25958
2014/06/18,26017
2014/06/19,26482
2014/06/20,26701
2014/06/23,26606
2014/06/24,26319
2014/06/25,25719
2014/06/26,25853
2014/06/27,25878
2014/06/30,26025
2014/07/01,27129
2014/07/02,27241
2014/07/03,27965
2014/07/04,28049
2014/07/07,27910
2014/07/08,27689
2014/07/09,27503
2014/07/10,27369
2014/07/11,27050
2014/07/14,27413
2014/07/15,27865
2014/07/16,28511
2014/07/17,28012
2014/07/18,27939
2014/07/21,27924
2014/07/22,28721
2014/07/23,28544
2014/07/24,28232
2014/07/25,29101
2014/07/28,29200
2014/07/29,29556
2014/07/30,29363
2014/07/31,28962
2014/08/01,28300
2014/08/04,28182
2014/08/05,28006
2014/08/06,28185
2014/08/07,27683
2014/08/08,27784
2014/08/11,28602
2014/08/12,28198
2014/08/13,27645
2014/08/14,27801
2014/08/15,28113
2014/08/18,28454
2014/08/19,28030
2014/08/20,28363
2014/08/21,27867
2014/08/22,27503
2014/08/25,27648
2014/08/26,27927
2014/08/27,27639
2014/08/28,26789
2014/08/29,26891
2014/09/01,26919
2014/09/02,27650
2014/09/03,27670
2014/09/04,27847
2014/09/05,27251
2014/09/08,26809
2014/09/09,26783
2014/09/10,26590
2014/09/11,26350
2014/09/12,26425
2014/09/15,26432
2014/09/16,26449
2014/09/17,26808
2014/09/18,26825
2014/09/19,26566
2014/09/22,25850
2014/09/23,26012
2014/09/25,25631
2014/09/26,25615
2014/09/29,25139
2014/09/30,25242
2014/10/01,24803
2014/10/02,23979
2014/10/03,23678
2014/10/06,24333
2014/10/07,24762
2014/10/08,23963
2014/10/09,24183
2014/10/10,23454
2014/10/13,24411
2014/10/14,25049
2014/10/15,24478
2014/10/16,24150
2014/10/17,24450
2014/10/20,24375
2014/10/21,24463
2014/10/22,23886
2014/10/23,23575
2014/10/24,23037
2014/10/27,22911
2014/10/28,23500
2014/10/29,23851
2014/10/30,22845
2014/10/31,23184
2014/11/03,23479
2014/11/04,23415
2014/11/05,23382
2014/11/06,23559
2014/11/07,24393
2014/11/10,24426
2014/11/11,23840
2014/11/12,24030
2014/11/13,23989
2014/11/14,23589
2014/11/17,23896
2014/11/18,23516
2014/11/19,23024
2014/11/20,22125
2014/11/21,23579
2014/11/24,23214
2014/11/25,22919
2014/11/26,23196
2014/11/27,23500
2014/11/28,22883
2014/12/01,22363
2014/12/02,22709
2014/12/03,23105
2014/12/04,22468
2014/12/05,22285
2014/12/08,22381
2014/12/09,21900
2014/12/10,21800
2014/12/11,21083
2014/12/12,20893
2014/12/15,20439
2014/12/17,20725
2014/12/18,21408
2014/12/19,21585
2014/12/22,21285
2014/12/23,21427
2014/12/24,21329
2014/12/29,21994
2014/12/30,21661
2014/12/31,21533
2015/01/02,21370
2015/01/05,20250
2015/01/06,20659
2015/01/07,20556
2015/01/08,20605
2015/01/09,20282
2015/01/12,19759
2015/01/13,19979
2015/01/14,18222
2015/01/15,18528
2015/01/16,19124
2015/01/19,19229
2015/01/20,19750
2015/01/21,19309
2015/01/22,19850
2015/01/23,19062
2015/01/26,18985
2015/01/27,19042
2015/01/28,19432
2015/01/29,19312
2015/01/30,19600
2015/02/02,19608
2015/02/03,20289
2015/02/04,19798
2015/02/05,19966
2015/02/06,20164
2015/02/09,20498
2015/02/10,20401
2015/02/11,20154
2015/02/12,20999
2015/02/13,21733
2015/02/16,21869
2015/02/17,21989
2015/02/18,22197
2015/02/19,21839
2015/02/20,22317
2015/02/23,21681
2015/02/24,21791
2015/02/25,21797
2015/02/26,21801
2015/02/27,21984
2015/03/02,21560
2015/03/03,21872
2015/03/04,21233
2015/03/05,20890
2015/03/06,20576
2015/03/09,20445
2015/03/10,20374
2015/03/11,19650
2015/03/12,19921
2015/03/13,19347
2015/03/16,18600
2015/03/17,18819
2015/03/18,18675
2015/03/19,19050
2015/03/20,19468
2015/03/23,19718
2015/03/24,19511
2015/03/25,19411
2015/03/26,19127
2015/03/27,18558
2015/03/30,19074
2015/03/31,18375
2015/04/01,18131
2015/04/02,17700
2015/04/07,18005
2015/04/08,18194
2015/04/09,17980
2015/04/10,17823
2015/04/13,17700
2015/04/14,18400
2015/04/15,18900
2015/04/16,18630
2015/04/17,18273
2015/04/20,18681
2015/04/21,18383
2015/04/22,18562
2015/04/23,19243
2015/04/24,19941
2015/04/28,20509
2015/04/29,20750
2015/04/30,19933
2015/05/04,20656
2015/05/05,21400
2015/05/06,21075
2015/05/07,20050
2015/05/08,20325
2015/05/11,21006
2015/05/12,21296
2015/05/13,21018
2015/05/14,20697
2015/05/15,20304
2015/05/18,20066
2015/05/19,19616
2015/05/20,19661
2015/05/21,19683
2015/05/22,19655
2015/05/25,19799
2015/05/26,19104
2015/05/27,19259
2015/05/28,19048
2015/05/29,19041
2015/06/01,18761
2015/06/02,19684
2015/06/03,19776
2015/06/04,19033
2015/06/05,19582
2015/06/08,19314
2015/06/09,18819
2015/06/10,19432
2015/06/11,19118
2015/06/12,19286
2015/06/15,19194
2015/06/17,18942
2015/06/18,19227
2015/06/19,19115
2015/06/22,19029
2015/06/23,19269
2015/06/24,19359
2015/06/25,18979
2015/06/26,18607
2015/06/29,18420
2015/06/30,17690
2015/07/01,17379
2015/07/02,17574
2015/07/03,17358
2015/07/06,17121
2015/07/07,16162
2015/07/08,16366
2015/07/09,16624
2015/07/10,16601
2015/07/13,16901
2015/07/14,16701
2015/07/15,16901
2015/07/16,17235
2015/07/17,16850
2015/07/20,16806
2015/07/21,16515
2015/07/22,15824
2015/07/23,15719
2015/07/24,15366
2015/07/27,15350
2015/07/28,15555
2015/07/29,15891
2015/07/30,15988
2015/07/31,15987
2015/08/03,15039
2015/08/04,15099
2015/08/05,15583
2015/08/06,15356
2015/08/07,15642
2015/08/11,15514
2015/08/12,15207
2015/08/13,15285
2015/08/14,15128
2015/08/17,15211
2015/08/18,15020
2015/08/19,14535
2015/08/20,15062
2015/08/21,14843
2015/08/24,13875
2015/08/25,13874
2015/08/26,13609
2015/08/27,14675
2015/08/28,14970
2015/08/31,14685
2015/09/01,13924
2015/09/02,14145
2015/09/03,15122
2015/09/04,14014
2015/09/07,14485
2015/09/08,14938
2015/09/09,15738
2015/09/10,15305
2015/09/11,15122
2015/09/14,14947
2015/09/15,15214
2015/09/16,15306
2015/09/17,15260
2015/09/18,15000
2015/09/21,14625
2015/09/22,13645
2015/09/23,13884
2015/09/25,13084
2015/09/28,11865
2015/09/29,11563
2015/09/30,11560
2015/10/01,11650
2015/10/02,11600
2015/10/05,11979
2015/10/06,12350
2015/10/07,13747
2015/10/08,13772
2015/10/09,14722
2015/10/12,13983
2015/10/13,13825
2015/10/14,13916
2015/10/15,13742
2015/10/16,13649
2015/10/19,12867
2015/10/20,12821
2015/10/21,12446
2015/10/22,12331
2015/10/23,12571
2015/10/26,12400
2015/10/27,11708
2015/10/28,11531
2015/10/29,11299
2015/10/30,11646
2015/11/02,11645
2015/11/03,11818
2015/11/04,12581
2015/11/05,11488
2015/11/06,11181
2015/11/09,11421
2015/11/10,10536
2015/11/11,10612
2015/11/12,9916
2015/11/13,9921
2015/11/16,10069
2015/11/17,9418
2015/11/18,9715
2015/11/19,9607
2015/11/20,9712
2015/11/23,9303
2015/11/24,9546
2015/11/25,8871
2015/11/26,9215
2015/11/27,8730
2015/11/30,8782
2015/12/01,8798
2015/12/02,8526
2015/12/03,8500
2015/12/04,8198
2015/12/07,8150
2015/12/08,7276
2015/12/09,7011
2015/12/10,7254
2015/12/11,7091
2015/12/14,6707
2015/12/15,6286
2015/12/17,6115
2015/12/18,6168
2015/12/21,6292
2015/12/22,6596
2015/12/23,7195
2015/12/24,7414
2015/12/28,7182
2015/12/29,6944
2015/12/30,6946
2015/12/31,6899
2016/01/04,6489
2016/01/05,6549
2016/01/06,6128
2016/01/07,5744
2016/01/08,5522
2016/01/11,5875
2016/01/12,5735
2016/01/13,5724
2016/01/14,5824
2016/01/15,5704
2016/01/18,5549
2016/01/19,5762
2016/01/20,5330
2016/01/21,5480
2016/01/22,5625
2016/01/25,5419
2016/01/26,5780
2016/01/27,5800
2016/01/28,6490
2016/01/29,6300
2016/02/01,6228
2016/02/02,5797
2016/02/03,6328
2016/02/04,7410
2016/02/05,8274
2016/02/08,8450
2016/02/09,8061
2016/02/10,7524
2016/02/11,7180
2016/02/12,8247
2016/02/15,8929
2016/02/16,8896
2016/02/17,9736
2016/02/18,9658
2016/02/19,9592
2016/02/22,10235
2016/02/23,10035
2016/02/24,8909
2016/02/25,9516
2016/02/26,9967
2016/02/29,10396
2016/03/01,10784
2016/03/02,11106
2016/03/03,11923
2016/03/04,12341
2016/03/07,13128
2016/03/08,11969
2016/03/09,11330
2016/03/10,11100
2016/03/11,11177
2016/03/14,12200
2016/03/15,11024
2016/03/16,11222
2016/03/17,11995
2016/03/18,12172
2016/03/22,11968
2016/03/23,11171
2016/03/24,11022
2016/03/29,10587
2016/03/30,11490
2016/03/31,11552
2016/04/01,11125
2016/04/04,11588
2016/04/05,11000
2016/04/06,10884
2016/04/07,10994
2016/04/08,11432
2016/04/11,12096
2016/04/12,13162
2016/04/13,14375
2016/04/14,14111
2016/04/15,13902
2016/04/18,14225
2016/04/19,15112
2016/04/20,16350
2016/04/21,15241
2016/04/22,15061
2016/04/25,14326
2016/04/26,14034
2016/04/28,15299
2016/04/29,15850
2016/05/03,14100
2016/05/04,13900
2016/05/05,14223
2016/05/06,13759
2016/05/09,12300
2016/05/10,12841
2016/05/11,13500
2016/05/12,12583
2016/05/13,12574
2016/05/16,13715
2016/05/17,14365
2016/05/18,13908
2016/05/19,13213
2016/05/20,13734
2016/05/23,13620
2016/05/24,13899
2016/05/25,14187
2016/05/26,14390
2016/05/27,14069
2016/05/30,14436
2016/05/31,13969
2016/06/01,13199
2016/06/02,13304
2016/06/03,13659
2016/06/06,14795
2016/06/07,14506
2016/06/08,15043
2016/06/09,14332
2016/06/10,13979
2016/06/13,13776
2016/06/14,13121
2016/06/15,13710
2016/06/17,13916
2016/06/20,14451
2016/06/21,14170
2016/06/22,14501
2016/06/23,14753
2016/06/24,13572
2016/06/27,12786
2016/06/28,13044
2016/06/29,13855
2016/06/30,14100
2016/07/01,14546
2016/07/04,14891
2016/07/05,14256
2016/07/06,13850
2016/07/07,14474
2016/07/08,14010
2016/07/11,15094
2016/07/12,15699
2016/07/13,15534
2016/07/14,16011
2016/07/15,15846
2016/07/18,15737
2016/07/19,15399
2016/07/20,14384
2016/07/21,14929
2016/07/22,14430
2016/07/25,14555
2016/07/26,14822
2016/07/27,14924
2016/07/28,15708
2016/07/29,15301
2016/08/01,15570
2016/08/02,15562
2016/08/04,15339
2016/08/05,15416
2016/08/08,15568
2016/08/10,15249
2016/08/11,15155
2016/08/12,15009
2016/08/15,15000
2016/08/16,15471
2016/08/17,15098
2016/08/18,15448
2016/08/19,15290
2016/08/22,14831
2016/08/23,15500
2016/08/24,15810
2016/08/25,15656
2016/08/26,15927
2016/08/29,15888
2016/08/30,15539
2016/08/31,14950
2016/09/01,15127
2016/09/02,15474
2016/09/05,15619
2016/09/06,15662
2016/09/07,15723
2016/09/08,15910
2016/09/09,16139
2016/09/12,15722
2016/09/13,15119
2016/09/14,15200
2016/09/15,15091
2016/09/16,15278
2016/09/19,15701
2016/09/20,15400
2016/09/21,15800
2016/09/22,16291
2016/09/23,16808
2016/09/26,16385
2016/09/27,16000
2016/09/28,16430
2016/09/29,17304
2016/09/30,17141
2016/10/03,17364
2016/10/04,17300
2016/10/05,17620
2016/10/06,17696
2016/10/07,17654
2016/10/10,17749
2016/10/11,18270
2016/10/12,18036
2016/10/13,17268
2016/10/14,17516
2016/10/17,17603
2016/10/18,17611
2016/10/19,17819
2016/10/20,17898
2016/10/21,18702
2016/10/24,18196
2016/10/25,18561
2016/10/26,18568
2016/10/27,18481
2016/10/28,18511
2016/10/31,18537
2016/11/01,19049
2016/11/02,18624
2016/11/03,18447
2016/11/04,18175
2016/11/07,18701
2016/11/08,18851
2016/11/09,19805
2016/11/10,21093
2016/11/11,20665
2016/11/14,20979
2016/11/15,19400
2016/11/16,19750
2016/11/17,19986
2016/11/18,19350
2016/11/21,19897
2016/11/22,20699
2016/11/23,21338
2016/11/24,22070
2016/11/25,21815
2016/11/28,21221
2016/11/29,20777
2016/11/30,21200
2016/12/01,20998
2016/12/02,21212
2016/12/05,21559
2016/12/06,20581
2016/12/07,21050
2016/12/08,21900
2016/12/09,21395
2016/12/12,21231
2016/12/13,20632
2016/12/14,20939
2016/12/15,19965
2016/12/19,19420
2016/12/20,19780
2016/12/21,19722
2016/12/22,19547
2016/12/23,19476
2016/12/28,19956
2016/12/29,19511
2016/12/30,19510
2017/01/03,19750
2017/01/04,19149
2017/01/05,19207
2017/01/06,19307
2017/01/09,19161
2017/01/10,20540
2017/01/11,21655
2017/01/12,21962
2017/01/13,21941
2017/01/16,22300
2017/01/17,22074
2017/01/18,22045
2017/01/19,22005
2017/01/20,21651
2017/01/23,22338
2017/01/24,23010
2017/01/25,22992
2017/01/26,22844
2017/01/27,23039
2017/01/30,22911
2017/01/31,23039
2017/02/01,23514
2017/02/02,23297
2017/02/03,22235
2017/02/06,22164
2017/02/07,22390
2017/02/08,22250
2017/02/09,21600
2017/02/10,22541
2017/02/13,23173
2017/02/14,22892
2017/02/15,22682
2017/02/16,21989
2017/02/17,21721
2017/02/20,22087
2017/02/21,21995
2017/02/22,21171
2017/02/23,21327
2017/02/24,20210
2017/02/27,20412
2017/02/28,20361
2017/03/01,21014
2017/03/02,20777
2017/03/03,20337
2017/03/06,19684
2017/03/07,19350
2017/03/08,19203
2017/03/09,18625
2017/03/10,18551
2017/03/13,19130
2017/03/14,18887
2017/03/15,19099
2017/03/16,20347
2017/03/17,20293
2017/03/20,20102
2017/03/22,19737
2017/03/23,19853
2017/03/24,19637
2017/03/27,19330
2017/03/28,19650
2017/03/29,19800
2017/03/30,20216
2017/03/31,20405
2017/04/03,20400
2017/04/04,20700
2017/04/05,21480
2017/04/06,21536
2017/04/07,20859
2017/04/10,21199
2017/04/11,20996
2017/04/12,19952
2017/04/13,19663
2017/04/18,18980
2017/04/19,19146
2017/04/20,19182
2017/04/21,18855
2017/04/24,18840
2017/04/25,18799
2017/04/26,18871
2017/04/28,19192
2017/05/02,18446
2017/05/03,17935
2017/05/04,17394
2017/05/05,17938
2017/05/08,17701
2017/05/09,18087
2017/05/10,18250
2017/05/11,18038
2017/05/12,17982
2017/05/15,18277
2017/05/16,18393
2017/05/17,18423
2017/05/18,18597
2017/05/19,18873
2017/05/22,18650
2017/05/23,18350
2017/05/24,18173
2017/05/25,17729
2017/05/26,17378
2017/05/29,17729
2017/05/30,17860
2017/05/31,17598
2017/06/01,17149
2017/06/02,16900
2017/06/05,16977
2017/06/06,17222
2017/06/07,17345
2017/06/08,17731
2017/06/09,17797
2017/06/12,17626
2017/06/13,17675
2017/06/14,17171
2017/06/15,16331
2017/06/19,16387
2017/06/20,15878
2017/06/21,16221
2017/06/22,16146
2017/06/23,16098
2017/06/26,15922
2017/06/27,16790
2017/06/28,17055
2017/06/29,17475
2017/06/30,17552
2017/07/03,18131
2017/07/04,18307
2017/07/05,18349
2017/07/06,18298
2017/07/07,18143
2017/07/10,18433
2017/07/11,18967
2017/07/12,18768
2017/07/13,18789
2017/07/14,19236
2017/07/17,19205
2017/07/18,18931
2017/07/19,19199
2017/07/20,18703
2017/07/21,18450
2017/07/24,18564
2017/07/25,19955
2017/07/26,20227
2017/07/27,20836
2017/07/28,21050
2017/07/31,21675
2017/08/01,21800
2017/08/02,21459
2017/08/03,21980
2017/08/04,22350
2017/08/07,22618
2017/08/08,21789
2017/08/10,22154
2017/08/11,21481
2017/08/14,21736
2017/08/15,21225
2017/08/16,21901
2017/08/17,21714
2017/08/18,21740
2017/08/21,21992
2017/08/22,22222
2017/08/23,22299
2017/08/24,22503
2017/08/25,22673
2017/08/28,22790
2017/08/29,22759
2017/08/30,22911
2017/08/31,23506
2017/09/01,23695
2017/09/04,23886
2017/09/05,23857
2017/09/06,23736
2017/09/07,23950
2017/09/08,23471
2017/09/11,23699
2017/09/12,23985
2017/09/13,23527
2017/09/14,23089
2017/09/15,23206
2017/09/18,23264
2017/09/19,23182
2017/09/20,23200
2017/09/21,23900
2017/09/22,23711
2017/09/26,23120
2017/09/27,23818
2017/09/28,23643
2017/09/29,24241
2017/10/02,24741
2017/10/03,25352
2017/10/04,25829
2017/10/05,26277
2017/10/06,26411
2017/10/09,26018
2017/10/10,25759
2017/10/11,25802
2017/10/12,25670
2017/10/13,26108
2017/10/16,26203
2017/10/17,26019
2017/10/18,25567
2017/10/19,25481
2017/10/20,25584
2017/10/23,26183
2017/10/24,26051
2017/10/25,26200
2017/10/26,26759
2017/10/27,26179
2017/10/30,26168
2017/10/31,26509
2017/11/01,27571
2017/11/02,27478
2017/11/03,27390
2017/11/06,28049
2017/11/07,27906
2017/11/08,27815
2017/11/09,27349
2017/11/10,28159
2017/11/13,28349
2017/11/14,27750
2017/11/15,26900
2017/11/16,26900
2017/11/17,26667
2017/11/20,26681
2017/11/21,27195
2017/11/22,26710
2017/11/23,26880
2017/11/24,27108
2017/11/27,26368
2017/11/28,25444
2017/11/29,25525
2017/11/30,25280
2017/12/01,25405
2017/12/04,25550
2017/12/05,24801
2017/12/06,24500
2017/12/07,24760
2017/12/08,24807
2017/12/11,25089
2017/12/12,25140
2017/12/13,25041
2017/12/14,25311
2017/12/15,24800
2017/12/18,24870
2017/12/19,24831
2017/12/20,25227
2017/12/21,25610
2017/12/22,25672
2017/12/27,25604
2017/12/28,25477
2017/12/29,25562
2018/01/02,26334
2018/01/03,26448
2018/01/04,26616
2018/01/05,26847
2018/01/08,27400
2018/01/09,27900
2018/01/10,28772
2018/01/11,29375
2018/01/12,29808
2018/01/15,30190
2018/01/16,29294
2018/01/17,29705
2018/01/18,29694
2018/01/19,29711
2018/01/22,30100
2018/01/23,29132
2018/01/24,29800
2018/01/25,29451
2018/01/26,29400
2018/01/29,29762
2018/01/30,29083
2018/01/31,28966
2018/02/01,28650
2018/02/02,28459
2018/02/05,28240
2018/02/06,28076
2018/02/07,27383
2018/02/08,27185
2018/02/09,27000
2018/02/12,27055
2018/02/13,27910
2018/02/14,27714
2018/02/15,28323
2018/02/16,28353
2018/02/19,28291
2018/02/20,28400
2018/02/21,28866
2018/02/22,28900
2018/02/23,28722
2018/02/26,29605
2018/02/27,30113
2018/02/28,29250
2018/03/01,28390
2018/03/02,27988
2018/03/05,27569
2018/03/06,28851
2018/03/07,28843
2018/03/08,28465
2018/03/09,28569
2018/03/12,28564
2018/03/13,28434
2018/03/14,28586
2018/03/15,29154
2018/03/16,29331
2018/03/19,28727
2018/03/20,28559
2018/03/22,28261
2018/03/23,27715
2018/03/26,27496
2018/03/27,27752
2018/03/28,26870
2018/03/29,27628
2018/04/03,27150
2018/04/04,26650
2018/04/05,27471
2018/04/06,27303
2018/04/09,27206
2018/04/10,28734
2018/04/11,28479
2018/04/12,28208
2018/04/13,29030
2018/04/16,29000
2018/04/17,28952
2018/04/18,30453
2018/04/19,30287
2018/04/20,29900
2018/04/23,30300
2018/04/24,30129
2018/04/25,28860
2018/04/26,28816
2018/04/30,29619
2018/05/02,30135
2018/05/03,29770
2018/05/04,29665
2018/05/07,29628
2018/05/08,29666
2018/05/09,29758
2018/05/10,29838
2018/05/11,30772
2018/05/14,30716
2018/05/15,30817
2018/05/16,31719
2018/05/17,32061
2018/05/18,32000
2018/05/21,32630
2018/05/22,32491
2018/05/23,30672
2018/05/24,30000
2018/05/25,29748
2018/05/28,29744
2018/05/29,29500
2018/05/30,29432
2018/05/31,30251
2018/06/01,31079
2018/06/04,30955
2018/06/05,31794
2018/06/06,32234
2018/06/07,32718
2018/06/08,32580
2018/06/11,32839
2018/06/12,32159
2018/06/13,31830
2018/06/14,31810
2018/06/15,30725
2018/06/18,31086
2018/06/19,30651
2018/06/20,30320
2018/06/21,29941
2018/06/22,30319
2018/06/25,29257
2018/06/26,29208
2018/06/27,29942
2018/06/28,29591
2018/06/29,30743
2018/07/02,29980
2018/07/03,29644
2018/07/04,30300
2018/07/05,30827
2018/07/06,30457
2018/07/09,30629
2018/07/10,30526
2018/07/11,29610
2018/07/12,29146
2018/07/13,28946
2018/07/16,28417
2018/07/17,28952
2018/07/18,29060
2018/07/19,28493
2018/07/20,28220
2018/07/23,28285
2018/07/24,29510
2018/07/25,29331
2018/07/26,29187
2018/07/27,29298
2018/07/30,28999
2018/07/31,29777
2018/08/01,29684
2018/08/02,28997
2018/08/03,29176
2018/08/06,29108
2018/08/07,30020
2018/08/08,29810
2018/08/10,29729
2018/08/13,30750
2018/08/14,29844
2018/08/15,28048
2018/08/16,28639
2018/08/17,28749
2018/08/20,29195
2018/08/21,28899
2018/08/22,29335
2018/08/23,28397
2018/08/24,28800
2018/08/27,29622
2018/08/28,29699
2018/08/29,29973
2018/08/30,30137
2018/08/31,29673
2018/09/03,30111
2018/09/04,30256
2018/09/05,30623
2018/09/06,30200
2018/09/07,28999
2018/09/10,28987
2018/09/11,28813
2018/09/12,28950
2018/09/13,29134
2018/09/14,29851
2018/09/17,30243
2018/09/18,30737
2018/09/19,32001
2018/09/20,32231
2018/09/21,32611
2018/09/25,33100
2018/09/26,32475
2018/09/27,31726
2018/09/28,31979
2018/10/01,31769
2018/10/02,32261
2018/10/03,32696
2018/10/04,33430
2018/10/05,32350
2018/10/08,32031
2018/10/09,32619
2018/10/10,31869
2018/10/11,31445
2018/10/12,31980
2018/10/15,32149
2018/10/16,31586
2018/10/17,31082
2018/10/18,31066
2018/10/19,31120
2018/10/22,30986
2018/10/23,30270
2018/10/24,30268
2018/10/25,30072
2018/10/26,29890
2018/10/29,30822
2018/10/30,30103
2018/10/31,31563
2018/11/01,31870
2018/11/02,31927
2018/11/05,32143
2018/11/06,31820
2018/11/07,31900
2018/11/08,31829
2018/11/09,31153
2018/11/12,31600
2018/11/13,30976
2018/11/14,30622
2018/11/15,30572
2018/11/16,30833
2018/11/19,31194
2018/11/20,30170
2018/11/21,30090
2018/11/22,29094
2018/11/23,28289
2018/11/26,27802
2018/11/27,27297
2018/11/28,27822
2018/11/29,28000
2018/11/30,27699
2018/12/03,29172
2018/12/04,28740
2018/12/05,28707
2018/12/06,28398
2018/12/07,29028
2018/12/10,28791
2018/12/11,29753
2018/12/12,29566
2018/12/13,30346
2018/12/14,30756
2018/12/18,30975
2018/12/19,31178
2018/12/20,30950
2018/12/21,31327
2018/12/24,31800
2018/12/27,31445
2018/12/28,32118
2018/12/31,32227
2019/01/02,30717
2019/01/03,30778
2019/01/04,30973
2019/01/07,31159
2019/01/08,31335
2019/01/09,32135
2019/01/10,31916
2019/01/11,32008
2019/01/14,32000
2019/01/15,31680
2019/01/16,31558
2019/01/17,31786
2019/01/18,32303
2019/01/21,32510
2019/01/22,32349
2019/01/23,32472
2019/01/24,32237
2019/01/25,32732
2019/01/28,33199
2019/01/29,33529
2019/01/30,34100
2019/01/31,34209
2019/02/01,34518
2019/02/04,34300
2019/02/05,34389
2019/02/06,34551
2019/02/07,34606
2019/02/08,34044
2019/02/11,33853
2019/02/12,33848
2019/02/13,34960
2019/02/14,34774
2019/02/15,35317
2019/02/18,35505
2019/02/19,35859
2019/02/20,36501
2019/02/21,36696
2019/02/22,37370
2019/02/25,36797
2019/02/26,36981
2019/02/27,37900
2019/02/28,37267
2019/03/01,37781
2019/03/04,37612
2019/03/05,37431
2019/03/06,37923
2019/03/07,38230
2019/03/08,37378
2019/03/11,37442
2019/03/12,37376
2019/03/13,37478
2019/03/14,37335
2019/03/15,36900
2019/03/18,37560
2019/03/19,38151
2019/03/20,37790
2019/03/22,37438
2019/03/25,36942
2019/03/26,37814
2019/03/27,38300
2019/03/28,38309
2019/03/29,38582
2019/04/01,38803
2019/04/02,39423
2019/04/03,40273
2019/04/04,39463
2019/04/05,39967
2019/04/08,40478
2019/04/09,40311
2019/04/10,40373
2019/04/11,40035
2019/04/12,40232
2019/04/15,39884
2019/04/16,39899
2019/04/17,39353
2019/04/18,39679
2019/04/23,39972
2019/04/24,38795
2019/04/25,37980
2019/04/26,37397
2019/04/29,37228
2019/04/30,36753
2019/05/02,36576
2019/05/03,37451
2019/05/06,36947
2019/05/07,36634
2019/05/09,35548
2019/05/10,35025
2019/05/13,34773
2019/05/14,34931
2019/05/15,34967
2019/05/16,35776
2019/05/17,36027
2019/05/20,35467
2019/05/21,35688
2019/05/22,34930
2019/05/23,34759
2019/05/24,35331
2019/05/27,35463
2019/05/28,36356
2019/05/29,35567
2019/05/30,35773
2019/05/31,34815
2019/06/03,34963
2019/06/04,35901
2019/06/05,36161
2019/06/06,36766
2019/06/07,37690
2019/06/10,37719
2019/06/11,38506
2019/06/12,38952
2019/06/13,39895
2019/06/14,39263
2019/06/18,39240
2019/06/19,38788
2019/06/20,38879
2019/06/21,39081
2019/06/24,39659
2019/06/25,39716
2019/06/26,39613
2019/06/27,39626
2019/06/28,40260
2019/07/01,40356
2019/07/02,40134
2019/07/03,39175
2019/07/04,38684
2019/07/05,37880
2019/07/08,38085
2019/07/09,37573
2019/07/10,37723
2019/07/11,37351
2019/07/12,37702
2019/07/15,38041
2019/07/16,38085
2019/07/17,38123
2019/07/18,37897
2019/07/19,38882
2019/07/22,38787
2019/07/23,39109
2019/07/24,37787
2019/07/25,38178
2019/07/26,36918
2019/07/29,36820
2019/07/30,35848
2019/07/31,35209
2019/08/01,34311
2019/08/02,33733
2019/08/05,32979
2019/08/06,33042
2019/08/07,32948
2019/08/08,33905
2019/08/12,33800
2019/08/13,33976
2019/08/14,32450
2019/08/15,31318
2019/08/16,31419
2019/08/19,32384
2019/08/20,32227
2019/08/21,31765
2019/08/22,31100
2019/08/23,31199
2019/08/26,31200
2019/08/27,31734
2019/08/28,32011
2019/08/29,32385
2019/08/30,32764
2019/09/02,32728
2019/09/03,32350
2019/09/04,32729
2019/09/05,33292
2019/09/06,33534
2019/09/09,33605
2019/09/10,33538
2019/09/11,34140
2019/09/12,34583
2019/09/13,35864
2019/09/16,35139
2019/09/17,35154
2019/09/18,34994
2019/09/19,34604
2019/09/20,35162
2019/09/23,34578
2019/09/25,34238
2019/09/26,34315
2019/09/27,34985
2019/09/30,35174
2019/10/01,34953
2019/10/02,33912
2019/10/03,33260
2019/10/04,33472
2019/10/07,34107
2019/10/08,33919
2019/10/09,34231
2019/10/10,35772
2019/10/11,36774
2019/10/14,35934
2019/10/15,36239
2019/10/16,36519
2019/10/17,36054
2019/10/18,36240
2019/10/21,37357
2019/10/22,36972
2019/10/23,37385
2019/10/24,37238
2019/10/25,37618
2019/10/28,38127
2019/10/29,38515
2019/10/30,38459
2019/10/31,38660
2019/11/01,39466
2019/11/04,39678
2019/11/05,39450
2019/11/06,39499
2019/11/07,39604
2019/11/08,39053
2019/11/11,38418
2019/11/12,38698
2019/11/13,39113
2019/11/14,38659
2019/11/15,38458
2019/11/18,38586
2019/11/19,39375
2019/11/20,38928
2019/11/21,37974
2019/11/22,38908
2019/11/25,39413
2019/11/26,39210
2019/11/27,39239
2019/11/28,38890
2019/11/29,38543
2019/12/02,38620
2019/12/03,38350
2019/12/04,38966
2019/12/05,38795
2019/12/06,39856
2019/12/09,39994
2019/12/10,40650
2019/12/11,40805
2019/12/12,41075
2019/12/13,41775
2019/12/17,41319
2019/12/18,40600
2019/12/19,40566
2019/12/20,39874
2019/12/23,39550
2019/12/24,39898
2019/12/27,40072
2019/12/30,40199
2019/12/31,39884
2020/01/02,40618
2020/01/03,40559
2020/01/06,40181
2020/01/07,40064
2020/01/08,40120
2020/01/09,39773
2020/01/10,40198
2020/01/13,40719
2020/01/14,40683
2020/01/15,40295
2020/01/16,41064
2020/01/17,42417
2020/01/20,42529
2020/01/21,41725
2020/01/22,41410
2020/01/23,40143
2020/01/24,40427
2020/01/27,38888
2020/01/28,38946
2020/01/29,39054
2020/01/30,39177
2020/01/31,39063
2020/02/03,38653
2020/02/04,39638
2020/02/05,39850
2020/02/06,39980
2020/02/07,39588
2020/02/10,39279
2020/02/11,39444
2020/02/12,41304
2020/02/13,41352
2020/02/14,40828
2020/02/17,41237
2020/02/18,40455
2020/02/19,40472
2020/02/20,41479
2020/02/21,41527
2020/02/24,38050
2020/02/25,38714
2020/02/26,38081
2020/02/27,36637
2020/02/28,35336
2020/03/02,36527
2020/03/03,38066
2020/03/04,37444
2020/03/05,36808
2020/03/06,34500
2020/03/09,31376
2020/03/10,32273
2020/03/11,31197
2020/03/12,27073
2020/03/13,27732
2020/03/16,25521
2020/03/17,26061
2020/03/18,22955
2020/03/19,21095
2020/03/20,23092
2020/03/23,21888
2020/03/24,25420
2020/03/25,27374
2020/03/26,28039
2020/03/27,28521
2020/03/30,29350
2020/03/31,30427
2020/04/01,29552
2020/04/02,29854
2020/04/03,28479
2020/04/06,29900
2020/04/07,31801
2020/04/08,31632
2020/04/09,32817
2020/04/14,33418
2020/04/15,31746
2020/04/16,31355
2020/04/17,33093
2020/04/20,32682
2020/04/21,31150
2020/04/22,31505
2020/04/23,32889
2020/04/24,32957
2020/04/28,33339
2020/04/29,34681
2020/04/30,32910
2020/05/04,31676
2020/05/05,31479
2020/05/06,32109
2020/05/07,33443
2020/05/08,34620
2020/05/11,32078
2020/05/12,32157
2020/05/13,31178
2020/05/14,30667
2020/05/15,32409
2020/05/18,35745
2020/05/19,35961
2020/05/20,36112
2020/05/21,34833
2020/05/22,33876
2020/05/25,34284
2020/05/26,34690
2020/05/27,35523
2020/05/28,36588
2020/05/29,36555
2020/06/01,36801
2020/06/02,37700
2020/06/03,38349
2020/06/04,37892
2020/06/05,39649
2020/06/08,39608
2020/06/09,39518
2020/06/10,39229
2020/06/11,38265
2020/06/12,39068
2020/06/15,38000
2020/06/17,39200
2020/06/18,38835
2020/06/19,39347
2020/06/22,39201
2020/06/23,40386
2020/06/24,39618
2020/06/25,39750
2020/06/26,39483
2020/06/29,39788
2020/06/30,40132
2020/07/01,38800
2020/07/02,39574
2020/07/03,38700
2020/07/06,39375
2020/07/07,39659
2020/07/08,39991
2020/07/09,40250
2020/07/10,40774
2020/07/13,41539
2020/07/14,41062
2020/07/15,41044
2020/07/16,40583
2020/07/17,40796
2020/07/20,41038
2020/07/21,40744
2020/07/22,40400
2020/07/23,41285
2020/07/24,41404
2020/07/27,42051
2020/07/28,42253
2020/07/29,42162
2020/07/30,41129
2020/07/31,41815
