Date,GRT
2000/01/04,419
2000/01/05,419
2000/01/06,419
2000/01/07,419
2000/01/10,419
2000/01/11,419
2000/01/12,419
2000/01/13,404.21
2000/01/14,443.65
2000/01/17,443.65
2000/01/18,492.94
2000/01/19,497.87
2000/01/20,497.87
2000/01/21,492.94
2000/01/24,492.94
2000/01/25,517.59
2000/01/26,517.59
2000/01/27,517.59
2000/01/28,517.59
2000/01/31,492.94
2000/02/01,468.29
2000/02/02,468.29
2000/02/03,468.29
2000/02/04,468.29
2000/02/07,463.37
2000/02/08,478.15
2000/02/09,478.15
2000/02/10,478.15
2000/02/11,492.94
2000/02/14,492.94
2000/02/15,468.29
2000/02/16,468.29
2000/02/17,468.29
2000/02/18,517.59
2000/02/21,517.59
2000/02/22,517.59
2000/02/23,517.59
2000/02/24,517.59
2000/02/25,492.94
2000/02/28,468.29
2000/02/29,468.29
2000/03/01,468.29
2000/03/02,468.29
2000/03/03,468.29
2000/03/06,468.29
2000/03/07,468.29
2000/03/08,468.29
2000/03/09,468.29
2000/03/10,468.29
2000/03/13,468.29
2000/03/14,453.51
2000/03/15,453.51
2000/03/16,453.51
2000/03/17,453.51
2000/03/20,453.51
2000/03/22,453.51
2000/03/23,453.51
2000/03/24,453.51
2000/03/27,453.51
2000/03/28,453.51
2000/03/29,453.51
2000/03/30,443.65
2000/03/31,443.65
2000/04/03,448.58
2000/04/04,443.65
2000/04/05,443.65
2000/04/06,443.65
2000/04/07,443.65
2000/04/10,428.86
2000/04/11,419
2000/04/12,419
2000/04/13,419
2000/04/14,423.93
2000/04/17,423.93
2000/04/18,423.93
2000/04/19,423.93
2000/04/20,433.79
2000/04/25,443.65
2000/04/26,443.65
2000/04/28,443.65
2000/05/02,468.29
2000/05/03,468.29
2000/05/04,458.44
2000/05/05,468.29
2000/05/08,453.51
2000/05/09,453.51
2000/05/10,453.51
2000/05/11,453.51
2000/05/12,453.51
2000/05/15,453.51
2000/05/16,453.51
2000/05/17,453.51
2000/05/18,453.51
2000/05/19,453.51
2000/05/22,453.51
2000/05/23,453.51
2000/05/24,453.51
2000/05/25,453.51
2000/05/26,453.51
2000/05/29,453.51
2000/05/30,453.51
2000/05/31,453.51
2000/06/01,453.51
2000/06/02,453.51
2000/06/05,453.51
2000/06/06,443.65
2000/06/07,443.65
2000/06/08,443.65
2000/06/09,443.65
2000/06/12,443.65
2000/06/13,443.65
2000/06/14,419
2000/06/15,419
2000/06/19,443.65
2000/06/20,443.65
2000/06/21,443.65
2000/06/22,443.65
2000/06/23,419
2000/06/26,419
2000/06/27,419
2000/06/28,419
2000/06/29,419
2000/06/30,419
2000/07/03,394.35
2000/07/04,394.35
2000/07/05,394.35
2000/07/06,394.35
2000/07/07,419
2000/07/10,419
2000/07/11,419
2000/07/12,419
2000/07/13,419
2000/07/14,419
2000/07/17,419
2000/07/18,419
2000/07/19,419
2000/07/20,419
2000/07/21,463.37
2000/07/24,463.37
2000/07/25,463.37
2000/07/26,463.37
2000/07/27,463.37
2000/07/28,463.37
2000/07/31,463.37
2000/08/01,463.37
2000/08/02,463.37
2000/08/03,463.37
2000/08/04,463.37
2000/08/07,463.37
2000/08/08,468.29
2000/08/10,468.29
2000/08/11,468.29
2000/08/14,468.29
2000/08/15,468.29
2000/08/16,468.29
2000/08/17,468.29
2000/08/18,468.29
2000/08/21,468.29
2000/08/22,468.29
2000/08/23,468.29
2000/08/24,468.29
2000/08/25,468.29
2000/08/28,468.29
2000/08/29,463.37
2000/08/30,463.37
2000/08/31,468.29
2000/09/01,468.29
2000/09/04,463.37
2000/09/05,463.37
2000/09/06,463.37
2000/09/07,443.65
2000/09/08,443.65
2000/09/11,443.65
2000/09/12,443.65
2000/09/13,443.65
2000/09/14,443.65
2000/09/15,443.65
2000/09/18,443.65
2000/09/19,443.65
2000/09/20,443.65
2000/09/21,448.58
2000/09/22,448.58
2000/09/26,448.58
2000/09/27,448.58
2000/09/28,448.58
2000/09/29,448.58
2000/10/02,448.58
2000/10/03,448.58
2000/10/04,448.58
2000/10/05,448.58
2000/10/06,448.58
2000/10/09,453.51
2000/10/10,453.51
2000/10/11,453.51
2000/10/12,453.51
2000/10/13,453.51
2000/10/16,453.51
2000/10/17,453.51
2000/10/18,453.51
2000/10/19,443.65
2000/10/20,443.65
2000/10/23,443.65
2000/10/24,443.65
2000/10/25,443.65
2000/10/26,443.65
2000/10/27,443.65
2000/10/30,438.72
2000/10/31,438.72
2000/11/01,438.72
2000/11/02,438.72
2000/11/03,438.72
2000/11/06,438.72
2000/11/07,438.72
2000/11/08,438.72
2000/11/09,438.72
2000/11/10,438.72
2000/11/13,438.72
2000/11/14,438.72
2000/11/15,438.72
2000/11/16,438.72
2000/11/17,438.72
2000/11/20,438.72
2000/11/21,438.72
2000/11/22,438.72
2000/11/23,438.72
2000/11/24,438.72
2000/11/27,438.72
2000/11/28,438.72
2000/11/29,419
2000/11/30,419
2000/12/01,419
2000/12/04,419
2000/12/06,419
2000/12/07,419
2000/12/08,419
2000/12/11,419
2000/12/12,419
2000/12/13,419
2000/12/14,419
2000/12/15,419
2000/12/18,419
2000/12/19,419
2000/12/20,419
2000/12/21,419
2000/12/22,419
2000/12/27,419
2000/12/28,419
2000/12/29,419
2001/01/02,419
2001/01/03,419
2001/01/04,419
2001/01/05,419
2001/01/08,419
2001/01/09,414.07
2001/01/10,414.07
2001/01/11,414.07
2001/01/12,414.07
2001/01/15,414.07
2001/01/16,414.07
2001/01/17,414.07
2001/01/18,414.07
2001/01/19,414.07
2001/01/22,423.93
2001/01/23,423.93
2001/01/24,423.93
2001/01/25,423.93
2001/01/26,423.93
2001/01/29,423.93
2001/01/30,423.93
2001/01/31,423.93
2001/02/01,423.93
2001/02/02,423.93
2001/02/05,423.93
2001/02/06,423.93
2001/02/07,423.93
2001/02/08,423.93
2001/02/09,414.07
2001/02/12,414.07
2001/02/13,414.07
2001/02/14,414.07
2001/02/15,419
2001/02/16,419
2001/02/19,419
2001/02/20,419
2001/02/21,419
2001/02/22,419
2001/02/23,419
2001/02/26,423.93
2001/02/27,423.93
2001/02/28,423.93
2001/03/01,423.93
2001/03/02,443.65
2001/03/05,423.93
2001/03/06,443.65
2001/03/07,468.29
2001/03/08,468.29
2001/03/09,468.29
2001/03/12,468.29
2001/03/13,468.29
2001/03/14,468.29
2001/03/15,468.29
2001/03/16,468.29
2001/03/19,443.65
2001/03/20,443.65
2001/03/22,443.65
2001/03/23,443.65
2001/03/26,433.79
2001/03/27,433.79
2001/03/28,433.79
2001/03/29,423.93
2001/03/30,423.93
2001/04/02,423.93
2001/04/03,443.65
2001/04/04,443.65
2001/04/05,443.65
2001/04/06,443.65
2001/04/09,443.65
2001/04/10,443.65
2001/04/11,443.65
2001/04/12,443.65
2001/04/17,443.65
2001/04/18,443.65
2001/04/19,443.65
2001/04/20,443.65
2001/04/23,443.65
2001/04/24,443.65
2001/04/25,443.65
2001/04/26,443.65
2001/04/30,468.29
2001/05/02,468.29
2001/05/03,468.29
2001/05/04,468.29
2001/05/07,492.94
2001/05/08,492.94
2001/05/09,492.94
2001/05/10,492.94
2001/05/11,517.59
2001/05/14,492.94
2001/05/15,483.08
2001/05/16,483.08
2001/05/17,468.29
2001/05/18,473.22
2001/05/21,473.22
2001/05/22,483.08
2001/05/23,492.94
2001/05/24,517.59
2001/05/25,542.24
2001/05/28,517.59
2001/05/29,517.59
2001/05/30,502.8
2001/05/31,502.8
2001/06/01,542.24
2001/06/04,542.24
2001/06/05,547.17
2001/06/06,552.1
2001/06/07,552.1
2001/06/08,552.1
2001/06/11,552.1
2001/06/12,547.17
2001/06/13,547.17
2001/06/14,542.24
2001/06/15,527.45
2001/06/18,527.45
2001/06/19,527.45
2001/06/20,527.45
2001/06/21,542.24
2001/06/22,542.24
2001/06/25,542.24
2001/06/26,542.24
2001/06/27,542.24
2001/06/28,542.24
2001/06/29,542.24
2001/07/02,542.24
2001/07/03,542.24
2001/07/04,566.88
2001/07/05,566.88
2001/07/06,492.94
2001/07/09,492.94
2001/07/10,492.94
2001/07/11,473.22
2001/07/12,473.22
2001/07/13,473.22
2001/07/16,468.29
2001/07/17,468.29
2001/07/18,468.29
2001/07/19,492.94
2001/07/20,492.94
2001/07/23,443.65
2001/07/24,492.94
2001/07/25,492.94
2001/07/26,492.94
2001/07/27,492.94
2001/07/30,517.59
2001/07/31,517.59
2001/08/01,517.59
2001/08/02,517.59
2001/08/03,517.59
2001/08/06,517.59
2001/08/07,517.59
2001/08/08,517.59
2001/08/10,522.52
2001/08/13,522.52
2001/08/14,542.24
2001/08/15,537.31
2001/08/16,512.66
2001/08/17,512.66
2001/08/20,512.66
2001/08/21,468.29
2001/08/22,478.15
2001/08/23,478.15
2001/08/24,492.94
2001/08/27,492.94
2001/08/28,492.94
2001/08/29,492.94
2001/08/30,492.94
2001/08/31,492.94
2001/09/03,517.59
2001/09/04,517.59
2001/09/05,517.59
2001/09/06,517.59
2001/09/07,517.59
2001/09/10,478.15
2001/09/11,478.15
2001/09/12,478.15
2001/09/13,443.65
2001/09/14,448.58
2001/09/17,443.65
2001/09/18,468.29
2001/09/19,468.29
2001/09/20,453.51
2001/09/21,443.65
2001/09/25,458.44
2001/09/26,458.44
2001/09/27,468.29
2001/09/28,468.29
2001/10/01,483.08
2001/10/02,488.01
2001/10/03,492.94
2001/10/04,492.94
2001/10/05,492.94
2001/10/08,478.15
2001/10/09,478.15
2001/10/10,478.15
2001/10/11,478.15
2001/10/12,478.15
2001/10/15,468.29
2001/10/16,478.15
2001/10/17,478.15
2001/10/18,468.29
2001/10/19,473.22
2001/10/22,478.15
2001/10/23,478.15
2001/10/24,478.15
2001/10/25,478.15
2001/10/26,478.15
2001/10/29,478.15
2001/10/30,478.15
2001/10/31,478.15
2001/11/01,478.15
2001/11/02,478.15
2001/11/05,478.15
2001/11/06,483.08
2001/11/07,492.94
2001/11/08,492.94
2001/11/09,507.73
2001/11/12,492.94
2001/11/13,478.15
2001/11/14,492.94
2001/11/15,492.94
2001/11/16,492.94
2001/11/19,507.73
2001/11/20,507.73
2001/11/21,507.73
2001/11/22,507.73
2001/11/23,507.73
2001/11/26,502.8
2001/11/27,507.73
2001/11/28,497.87
2001/11/29,488.01
2001/11/30,488.01
2001/12/03,483.08
2001/12/04,483.08
2001/12/05,453.51
2001/12/06,443.65
2001/12/07,448.58
2001/12/10,448.58
2001/12/11,443.65
2001/12/12,443.65
2001/12/13,419
2001/12/14,423.93
2001/12/18,438.72
2001/12/19,438.72
2001/12/20,423.93
2001/12/21,423.93
2001/12/24,423.93
2001/12/27,423.93
2001/12/28,423.93
2001/12/31,423.93
2002/01/02,423.93
2002/01/03,443.65
2002/01/04,428.86
2002/01/07,443.65
2002/01/08,443.65
2002/01/09,428.86
2002/01/10,443.65
2002/01/11,443.65
2002/01/14,443.65
2002/01/15,428.86
2002/01/16,438.72
2002/01/17,433.79
2002/01/18,433.79
2002/01/21,428.86
2002/01/22,419
2002/01/23,419
2002/01/24,414.07
2002/01/25,409.14
2002/01/28,428.86
2002/01/29,423.93
2002/01/30,423.93
2002/01/31,423.93
2002/02/01,423.93
2002/02/04,414.07
2002/02/05,428.86
2002/02/06,428.86
2002/02/07,423.93
2002/02/08,423.93
2002/02/11,419
2002/02/12,409.14
2002/02/13,409.14
2002/02/14,409.14
2002/02/15,409.14
2002/02/18,414.07
2002/02/19,414.07
2002/02/20,423.93
2002/02/21,423.93
2002/02/22,394.35
2002/02/25,394.35
2002/02/26,404.21
2002/02/27,404.21
2002/02/28,409.14
2002/03/01,423.93
2002/03/04,384.49
2002/03/05,404.21
2002/03/06,414.07
2002/03/07,423.93
2002/03/08,428.86
2002/03/11,433.79
2002/03/12,433.79
2002/03/13,428.86
2002/03/14,428.86
2002/03/15,428.86
2002/03/18,409.14
2002/03/19,409.14
2002/03/20,409.14
2002/03/22,409.14
2002/03/25,394.35
2002/03/26,404.21
2002/03/27,419
2002/03/28,419
2002/04/02,404.21
2002/04/03,419
2002/04/04,419
2002/04/05,419
2002/04/08,409.14
2002/04/09,409.14
2002/04/10,414.07
2002/04/11,423.93
2002/04/12,433.79
2002/04/15,433.79
2002/04/16,443.65
2002/04/17,439.7
2002/04/18,443.65
2002/04/19,443.65
2002/04/22,443.65
2002/04/23,449.56
2002/04/24,439.7
2002/04/25,443.65
2002/04/26,443.65
2002/04/29,443.65
2002/04/30,445.62
2002/05/02,452.52
2002/05/03,452.52
2002/05/06,455.48
2002/05/07,455.48
2002/05/08,465.34
2002/05/09,488.01
2002/05/10,497.87
2002/05/13,497.87
2002/05/14,502.8
2002/05/15,502.8
2002/05/16,507.73
2002/05/17,507.73
2002/05/20,507.73
2002/05/21,503.79
2002/05/22,492.94
2002/05/23,492.94
2002/05/24,492.94
2002/05/27,497.87
2002/05/28,497.87
2002/05/29,497.87
2002/05/30,497.87
2002/05/31,492.94
2002/06/03,492.94
2002/06/04,491.96
2002/06/05,478.15
2002/06/06,478.15
2002/06/07,468.29
2002/06/10,468.29
2002/06/11,468.29
2002/06/12,468.29
2002/06/13,468.29
2002/06/14,468.29
2002/06/18,464.35
2002/06/19,463.37
2002/06/20,462.38
2002/06/21,458.44
2002/06/24,458.44
2002/06/25,458.44
2002/06/26,458.44
2002/06/27,457.45
2002/06/28,458.44
2002/07/01,453.51
2002/07/02,463.37
2002/07/03,463.37
2002/07/04,458.44
2002/07/05,458.44
2002/07/08,458.44
2002/07/09,458.44
2002/07/10,458.44
2002/07/11,457.45
2002/07/12,449.56
2002/07/15,449.56
2002/07/16,449.56
2002/07/17,449.56
2002/07/18,449.56
2002/07/19,449.56
2002/07/22,449.56
2002/07/23,458.44
2002/07/24,453.51
2002/07/25,458.44
2002/07/26,458.44
2002/07/29,453.51
2002/07/30,453.51
2002/07/31,453.51
2002/08/01,453.51
2002/08/02,453.51
2002/08/05,453.51
2002/08/06,458.44
2002/08/07,458.44
2002/08/08,458.44
2002/08/12,453.51
2002/08/13,453.51
2002/08/14,453.51
2002/08/15,453.51
2002/08/16,453.51
2002/08/19,453.51
2002/08/20,453.51
2002/08/21,454.49
2002/08/22,453.51
2002/08/23,453.51
2002/08/26,453.51
2002/08/27,455.48
2002/08/28,458.44
2002/08/29,463.37
2002/08/30,463.37
2002/09/02,454.49
2002/09/03,463.37
2002/09/04,463.37
2002/09/05,458.44
2002/09/06,460.41
2002/09/09,460.41
2002/09/10,460.41
2002/09/11,448.58
2002/09/12,448.58
2002/09/13,463.37
2002/09/16,447.59
2002/09/17,443.65
2002/09/18,443.65
2002/09/19,443.65
2002/09/20,443.65
2002/09/23,444.63
2002/09/25,446.61
2002/09/26,446.61
2002/09/27,446.61
2002/09/30,446.61
2002/10/01,449.56
2002/10/02,449.56
2002/10/03,449.56
2002/10/04,450.55
2002/10/07,450.55
2002/10/08,450.55
2002/10/09,450.55
2002/10/10,450.55
2002/10/11,450.55
2002/10/14,450.55
2002/10/15,453.51
2002/10/16,455.48
2002/10/17,463.37
2002/10/18,463.37
2002/10/21,463.37
2002/10/22,463.37
2002/10/23,468.29
2002/10/24,473.22
2002/10/25,478.15
2002/10/28,483.08
2002/10/29,483.08
2002/10/30,492.94
2002/10/31,492.94
2002/11/01,488.01
2002/11/04,488.01
2002/11/05,488.01
2002/11/06,478.15
2002/11/07,478.15
2002/11/08,488.01
2002/11/11,488.01
2002/11/12,488.01
2002/11/13,488.01
2002/11/14,488.01
2002/11/15,488.01
2002/11/18,497.87
2002/11/19,497.87
2002/11/20,497.87
2002/11/21,502.8
2002/11/22,497.87
2002/11/25,497.87
2002/11/26,502.8
2002/11/27,505.76
2002/11/28,507.73
2002/11/29,507.73
2002/12/02,507.73
2002/12/03,507.73
2002/12/04,507.73
2002/12/05,503.79
2002/12/06,503.79
2002/12/09,512.66
2002/12/10,532.38
2002/12/11,532.38
2002/12/12,512.66
2002/12/13,512.66
2002/12/17,512.66
2002/12/18,512.66
2002/12/19,527.45
2002/12/20,522.52
2002/12/23,522.52
2002/12/24,527.45
2002/12/27,527.45
2002/12/30,527.45
2002/12/31,522.52
2003/01/02,522.52
2003/01/03,527.45
2003/01/06,522.52
2003/01/07,522.52
2003/01/08,527.45
2003/01/09,532.38
2003/01/10,532.38
2003/01/13,529.42
2003/01/14,522.52
2003/01/15,522.52
2003/01/16,522.52
2003/01/17,522.52
2003/01/20,543.22
2003/01/21,543.22
2003/01/22,547.17
2003/01/23,552.1
2003/01/24,552.1
2003/01/27,547.17
2003/01/28,547.17
2003/01/29,547.17
2003/01/30,547.17
2003/01/31,547.17
2003/02/03,544.21
2003/02/04,547.17
2003/02/05,548.15
2003/02/06,548.15
2003/02/07,548.15
2003/02/10,547.17
2003/02/11,549.14
2003/02/12,549.14
2003/02/13,552.1
2003/02/14,561.95
2003/02/17,561.95
2003/02/18,571.81
2003/02/19,561.95
2003/02/20,561.95
2003/02/21,561.95
2003/02/24,591.53
2003/02/25,591.53
2003/02/26,571.81
2003/02/27,571.81
2003/02/28,571.81
2003/03/03,566.88
2003/03/04,566.88
2003/03/05,571.81
2003/03/06,590.54
2003/03/07,571.81
2003/03/10,566.88
2003/03/11,557.02
2003/03/12,566.88
2003/03/13,571.81
2003/03/14,566.88
2003/03/17,561.95
2003/03/18,566.88
2003/03/19,566.88
2003/03/20,566.88
2003/03/24,571.81
2003/03/25,566.88
2003/03/26,566.88
2003/03/27,571.81
2003/03/28,571.81
2003/03/31,566.88
2003/04/01,571.81
2003/04/02,571.81
2003/04/03,566.88
2003/04/04,567.87
2003/04/07,571.81
2003/04/08,566.88
2003/04/09,566.88
2003/04/10,571.81
2003/04/11,571.81
2003/04/14,571.81
2003/04/15,571.81
2003/04/16,561.95
2003/04/17,561.95
2003/04/22,565.9
2003/04/23,561.95
2003/04/24,542.24
2003/04/25,532.38
2003/04/29,522.52
2003/04/30,532.38
2003/05/02,532.38
2003/05/05,537.31
2003/05/06,541.25
2003/05/07,552.1
2003/05/08,547.17
2003/05/09,547.17
2003/05/12,547.17
2003/05/13,548.15
2003/05/14,550.12
2003/05/15,547.17
2003/05/16,522.52
2003/05/19,502.8
2003/05/20,502.8
2003/05/21,502.8
2003/05/22,502.8
2003/05/23,508.72
2003/05/26,517.59
2003/05/27,517.59
2003/05/28,527.45
2003/05/29,527.45
2003/05/30,537.31
2003/06/02,542.24
2003/06/03,557.02
2003/06/04,571.81
2003/06/05,581.67
2003/06/06,586.6
2003/06/09,588.57
2003/06/10,576.74
2003/06/11,581.67
2003/06/12,581.67
2003/06/13,581.67
2003/06/17,581.67
2003/06/18,581.67
2003/06/19,581.67
2003/06/20,581.67
2003/06/23,581.67
2003/06/24,557.02
2003/06/25,557.02
2003/06/26,557.02
2003/06/27,571.81
2003/06/30,571.81
2003/07/01,569.84
2003/07/02,576.74
2003/07/03,576.74
2003/07/04,581.67
2003/07/07,581.67
2003/07/08,581.67
2003/07/09,581.67
2003/07/10,581.67
2003/07/11,591.53
2003/07/14,591.53
2003/07/15,591.53
2003/07/16,586.6
2003/07/17,586.6
2003/07/18,586.6
2003/07/21,591.53
2003/07/22,591.53
2003/07/23,591.53
2003/07/24,591.53
2003/07/25,591.53
2003/07/28,591.53
2003/07/29,581.67
2003/07/30,581.67
2003/07/31,579.7
2003/08/01,581.67
2003/08/04,600.4
2003/08/05,591.53
2003/08/06,591.53
2003/08/07,591.53
2003/08/08,595.47
2003/08/11,592.52
2003/08/12,591.53
2003/08/13,586.6
2003/08/14,586.6
2003/08/15,586.6
2003/08/18,586.6
2003/08/19,591.53
2003/08/20,596.46
2003/08/21,592.52
2003/08/22,591.53
2003/08/25,581.67
2003/08/26,579.7
2003/08/27,576.74
2003/08/28,561.95
2003/08/29,542.24
2003/09/01,557.02
2003/09/02,552.1
2003/09/03,552.1
2003/09/04,546.18
2003/09/05,541.25
2003/09/08,537.31
2003/09/09,533.36
2003/09/10,532.38
2003/09/11,537.31
2003/09/12,537.31
2003/09/15,542.24
2003/09/16,542.24
2003/09/17,541.25
2003/09/18,540.26
2003/09/19,542.24
2003/09/22,541.25
2003/09/23,537.31
2003/09/25,536.32
2003/09/26,537.31
2003/09/29,532.38
2003/09/30,540.26
2003/10/01,552.1
2003/10/02,556.04
2003/10/03,552.1
2003/10/06,557.02
2003/10/07,557.02
2003/10/08,557.02
2003/10/09,557.02
2003/10/10,557.02
2003/10/13,552.1
2003/10/14,556.04
2003/10/15,561.95
2003/10/16,561.95
2003/10/17,563.93
2003/10/20,563.93
2003/10/21,571.81
2003/10/22,576.74
2003/10/23,590.54
2003/10/24,606.32
2003/10/27,606.32
2003/10/28,601.39
2003/10/29,616.18
2003/10/30,630.97
2003/10/31,628.99
2003/11/03,628.99
2003/11/04,635.9
2003/11/05,621.11
2003/11/06,630.97
2003/11/07,630.97
2003/11/10,628.01
2003/11/11,628.01
2003/11/12,629.98
2003/11/13,629.98
2003/11/14,625.05
2003/11/17,611.25
2003/11/18,606.32
2003/11/19,596.46
2003/11/20,591.53
2003/11/21,591.53
2003/11/24,596.46
2003/11/25,595.47
2003/11/26,593.5
2003/11/27,593.5
2003/11/28,592.52
2003/12/01,591.53
2003/12/02,588.57
2003/12/03,588.57
2003/12/04,590.54
2003/12/05,596.46
2003/12/08,595.47
2003/12/09,596.46
2003/12/10,593.5
2003/12/11,596.46
2003/12/12,596.46
2003/12/15,611.25
2003/12/17,616.18
2003/12/18,621.11
2003/12/19,630.97
2003/12/22,630.97
2003/12/23,611.25
2003/12/24,611.25
2003/12/29,609.28
2003/12/30,609.28
2003/12/31,609.28
2004/01/02,630.97
2004/01/05,626.04
2004/01/06,630.97
2004/01/07,630.97
2004/01/08,626.04
2004/01/09,630.97
2004/01/12,630.97
2004/01/13,632.94
2004/01/14,630.97
2004/01/15,621.11
2004/01/16,615.19
2004/01/19,612.23
2004/01/20,606.32
2004/01/21,599.42
2004/01/22,593.5
2004/01/23,594.49
2004/01/26,601.39
2004/01/27,596.46
2004/01/28,601.39
2004/01/29,601.39
2004/01/30,601.39
2004/02/02,601.39
2004/02/03,602.38
2004/02/04,601.39
2004/02/05,601.39
2004/02/06,599.42
2004/02/09,597.45
2004/02/10,601.39
2004/02/11,601.39
2004/02/12,601.39
2004/02/13,604.35
2004/02/16,606.32
2004/02/17,611.25
2004/02/18,609.28
2004/02/19,607.3
2004/02/20,606.32
2004/02/23,607.3
2004/02/24,609.28
2004/02/25,609.28
2004/02/26,612.23
2004/02/27,616.18
2004/03/01,616.18
2004/03/02,622.09
2004/03/03,621.11
2004/03/04,621.11
2004/03/05,626.04
2004/03/08,630.97
2004/03/09,630.97
2004/03/10,626.04
2004/03/11,617.16
2004/03/12,630.97
2004/03/15,596.46
2004/03/16,586.6
2004/03/17,591.53
2004/03/18,591.53
2004/03/19,591.53
2004/03/23,590.54
2004/03/24,591.53
2004/03/25,591.53
2004/03/26,589.56
2004/03/29,591.53
2004/03/30,587.59
2004/03/31,571.81
2004/04/01,581.67
2004/04/02,586.6
2004/04/05,587.59
2004/04/06,591.53
2004/04/07,601.39
2004/04/08,596.46
2004/04/13,599.42
2004/04/15,626.04
2004/04/16,621.11
2004/04/19,616.18
2004/04/20,611.25
2004/04/21,608.29
2004/04/22,611.25
2004/04/23,611.25
2004/04/26,601.39
2004/04/28,611.25
2004/04/29,611.25
2004/04/30,601.39
2004/05/03,606.32
2004/05/04,601.39
2004/05/05,601.39
2004/05/06,596.46
2004/05/07,596.46
2004/05/10,594.49
2004/05/11,591.53
2004/05/12,591.53
2004/05/13,589.56
2004/05/14,581.67
2004/05/17,581.67
2004/05/18,586.6
2004/05/19,581.67
2004/05/20,586.6
2004/05/21,586.6
2004/05/24,587.59
2004/05/25,600.4
2004/05/26,591.53
2004/05/27,586.6
2004/05/28,591.53
2004/05/31,601.39
2004/06/01,601.39
2004/06/02,600.4
2004/06/03,600.4
2004/06/04,596.46
2004/06/07,591.53
2004/06/08,591.53
2004/06/09,589.56
2004/06/10,584.63
2004/06/11,596.46
2004/06/14,603.36
2004/06/15,603.36
2004/06/17,596.46
2004/06/18,596.46
2004/06/21,600.4
2004/06/22,601.39
2004/06/23,585.62
2004/06/24,589.56
2004/06/25,589.56
2004/06/28,591.53
2004/06/29,591.53
2004/06/30,591.53
2004/07/01,581.67
2004/07/02,571.81
2004/07/05,570.83
2004/07/06,571.81
2004/07/07,571.81
2004/07/08,573.78
2004/07/09,581.67
2004/07/12,586.6
2004/07/13,591.53
2004/07/14,586.6
2004/07/15,591.53
2004/07/16,591.53
2004/07/19,591.53
2004/07/20,596.46
2004/07/21,599.42
2004/07/22,611.25
2004/07/23,609.28
2004/07/26,611.25
2004/07/27,610.26
2004/07/28,608.29
2004/07/29,607.3
2004/07/30,611.25
2004/08/02,609.28
2004/08/03,607.3
2004/08/04,609.28
2004/08/05,611.25
2004/08/06,608.29
2004/08/10,607.3
2004/08/11,606.32
2004/08/12,611.25
2004/08/13,611.25
2004/08/16,616.18
2004/08/17,616.18
2004/08/18,616.18
2004/08/19,617.16
2004/08/20,617.16
2004/08/23,628.01
2004/08/24,632.94
2004/08/25,635.9
2004/08/26,642.8
2004/08/27,639.84
2004/08/30,640.82
2004/08/31,638.85
2004/09/01,635.9
2004/09/02,638.85
2004/09/03,640.82
2004/09/06,650.68
2004/09/07,640.82
2004/09/08,641.81
2004/09/09,650.68
2004/09/10,650.68
2004/09/13,611.25
2004/09/14,604.35
2004/09/15,600.4
2004/09/16,591.53
2004/09/17,591.53
2004/09/20,594.49
2004/09/21,601.39
2004/09/22,601.39
2004/09/23,599.42
2004/09/27,594.49
2004/09/28,596.46
2004/09/29,596.46
2004/09/30,611.25
2004/10/01,605.33
2004/10/04,610.26
2004/10/05,608.29
2004/10/06,611.25
2004/10/07,611.25
2004/10/08,604.35
2004/10/11,610.26
2004/10/12,610.26
2004/10/13,605.33
2004/10/14,606.32
2004/10/15,607.3
2004/10/18,608.29
2004/10/19,611.25
2004/10/20,616.18
2004/10/21,626.04
2004/10/22,626.04
2004/10/25,624.06
2004/10/26,624.06
2004/10/27,621.11
2004/10/28,616.18
2004/10/29,614.21
2004/11/01,616.18
2004/11/02,621.11
2004/11/03,631.95
2004/11/04,635.9
2004/11/05,633.92
2004/11/08,630.97
2004/11/09,630.97
2004/11/10,630.97
2004/11/11,630.97
2004/11/12,635.9
2004/11/15,635.9
2004/11/16,650.68
2004/11/17,660.54
2004/11/18,690.12
2004/11/19,699.98
2004/11/22,695.05
2004/11/23,699.98
2004/11/24,701.95
2004/11/25,709.84
2004/11/26,724.62
2004/11/29,749.27
2004/11/30,756.17
2004/12/01,748.29
2004/12/02,753.22
2004/12/03,740.4
2004/12/06,734.48
2004/12/07,732.51
2004/12/08,728.57
2004/12/09,734.48
2004/12/10,734.48
2004/12/13,730.54
2004/12/14,734.48
2004/12/15,724.62
2004/12/17,724.62
2004/12/20,726.6
2004/12/21,729.55
2004/12/22,729.55
2004/12/23,734.48
2004/12/24,739.41
2004/12/28,738.43
2004/12/29,749.27
2004/12/30,759.13
2004/12/31,764.06
2005/01/03,773.92
2005/01/04,783.78
2005/01/05,803.5
2005/01/06,788.71
2005/01/07,788.71
2005/01/10,786.74
2005/01/11,786.74
2005/01/12,780.82
2005/01/13,765.05
2005/01/14,772.93
2005/01/17,772.93
2005/01/18,773.92
2005/01/19,759.13
2005/01/20,752.23
2005/01/21,758.14
2005/01/24,769.98
2005/01/25,788.71
2005/01/26,786.74
2005/01/27,787.72
2005/01/28,788.71
2005/01/31,788.71
2005/02/01,788.71
2005/02/02,798.57
2005/02/03,798.57
2005/02/04,798.57
2005/02/07,798.57
2005/02/08,798.57
2005/02/09,798.57
2005/02/10,803.5
2005/02/11,838
2005/02/14,842.93
2005/02/15,838.99
2005/02/16,838
2005/02/17,838
2005/02/18,835.04
2005/02/21,838
2005/02/22,838
2005/02/23,847.86
2005/02/24,854.76
2005/02/25,852.79
2005/02/28,856.73
2005/03/01,857.72
2005/03/02,858.7
2005/03/03,847.86
2005/03/04,864.62
2005/03/07,869.55
2005/03/08,873.49
2005/03/09,877.44
2005/03/10,887.3
2005/03/11,907.01
2005/03/14,882.37
2005/03/15,897.15
2005/03/16,877.44
2005/03/17,859.69
2005/03/18,857.72
2005/03/22,867.58
2005/03/23,857.72
2005/03/24,838
2005/03/29,818.28
2005/03/30,813.35
2005/03/31,813.35
2005/04/01,813.35
2005/04/04,808.42
2005/04/05,818.28
2005/04/06,813.35
2005/04/07,808.42
2005/04/08,808.42
2005/04/11,836.03
2005/04/12,847.86
2005/04/13,842.93
2005/04/14,862.65
2005/04/15,872.51
2005/04/18,857.72
2005/04/19,856.73
2005/04/20,857.72
2005/04/21,852.79
2005/04/22,857.72
2005/04/25,857.72
2005/04/26,842.93
2005/04/28,837.02
2005/04/29,838
2005/05/03,833.07
2005/05/04,828.14
2005/05/05,836.03
2005/05/06,849.83
2005/05/09,872.51
2005/05/10,862.65
2005/05/11,861.66
2005/05/12,855.75
2005/05/13,855.75
2005/05/16,841.94
2005/05/17,842.93
2005/05/18,836.03
2005/05/19,838
2005/05/20,835.04
2005/05/23,833.07
2005/05/24,836.03
2005/05/25,852.79
2005/05/26,861.66
2005/05/27,867.58
2005/05/30,857.72
2005/05/31,857.72
2005/06/01,847.86
2005/06/02,838.99
2005/06/03,838
2005/06/06,849.83
2005/06/07,854.76
2005/06/08,867.58
2005/06/09,873.49
2005/06/10,882.37
2005/06/13,882.37
2005/06/14,877.44
2005/06/15,878.42
2005/06/17,862.65
2005/06/20,862.65
2005/06/21,863.63
2005/06/22,875.46
2005/06/23,882.37
2005/06/24,882.37
2005/06/27,882.37
2005/06/28,887.3
2005/06/29,893.21
2005/06/30,893.21
2005/07/01,890.25
2005/07/04,882.37
2005/07/05,893.21
2005/07/06,897.15
2005/07/07,897.15
2005/07/08,912.93
2005/07/11,907.01
2005/07/12,928.7
2005/07/13,954.34
2005/07/14,951.38
2005/07/15,941.52
2005/07/18,931.66
2005/07/19,921.8
2005/07/20,928.7
2005/07/21,914.9
2005/07/22,913.91
2005/07/25,921.8
2005/07/26,916.87
2005/07/27,911.94
2005/07/28,924.76
2005/07/29,926.73
2005/08/01,946.45
2005/08/02,946.45
2005/08/03,954.34
2005/08/04,951.38
2005/08/05,936.59
2005/08/08,946.45
2005/08/10,971.1
2005/08/11,971.1
2005/08/12,966.17
2005/08/15,976.03
2005/08/16,976.03
2005/08/17,980.95
2005/08/18,1020.39
2005/08/19,1015.46
2005/08/22,1014.47
2005/08/23,1005.6
2005/08/24,1000.67
2005/08/25,994.76
2005/08/26,995.74
2005/08/29,999.69
2005/08/30,989.83
2005/08/31,995.74
2005/09/01,1000.67
2005/09/02,1000.67
2005/09/05,1000.67
2005/09/06,1000.67
2005/09/07,1005.6
2005/09/08,995.74
2005/09/09,985.88
2005/09/12,976.03
2005/09/13,977.01
2005/09/14,995.74
2005/09/15,1005.6
2005/09/16,1009.55
2005/09/19,966.17
2005/09/20,976.03
2005/09/21,985.88
2005/09/22,980.95
2005/09/23,975.04
2005/09/26,983.91
2005/09/27,985.88
2005/09/28,983.91
2005/09/29,977.01
2005/09/30,985.88
2005/10/03,981.94
2005/10/04,985.88
2005/10/05,990.81
2005/10/06,985.88
2005/10/07,976.03
2005/10/10,985.88
2005/10/11,1013.49
2005/10/12,1005.6
2005/10/13,1008.56
2005/10/14,1014.47
2005/10/17,1015.46
2005/10/18,1010.53
2005/10/19,1015.46
2005/10/20,1013.49
2005/10/21,1015.46
2005/10/24,1010.53
2005/10/25,995.74
2005/10/26,994.76
2005/10/27,977.01
2005/10/28,976.03
2005/10/31,976.03
2005/11/01,976.03
2005/11/02,956.31
2005/11/03,941.52
2005/11/04,956.31
2005/11/07,985.88
2005/11/08,977.01
2005/11/09,976.03
2005/11/10,966.17
2005/11/11,966.17
2005/11/14,966.17
2005/11/15,951.38
2005/11/16,951.38
2005/11/17,946.45
2005/11/18,960.25
2005/11/21,949.41
2005/11/22,966.17
2005/11/23,966.17
2005/11/24,966.17
2005/11/25,956.31
2005/11/28,948.42
2005/11/29,966.17
2005/11/30,978
2005/12/01,985.88
2005/12/02,985.88
2005/12/05,990.81
2005/12/06,1005.6
2005/12/07,1030.25
2005/12/08,1031.23
2005/12/09,1054.9
2005/12/12,1084.47
2005/12/13,1099.26
2005/12/14,1099.26
2005/12/15,1096.3
2005/12/19,1084.47
2005/12/20,1079.54
2005/12/21,1084.47
2005/12/22,1074.61
2005/12/23,1074.61
2005/12/27,1079.54
2005/12/28,1077.57
2005/12/29,1079.54
2005/12/30,1084.47
2006/01/03,1084.47
2006/01/04,1094.33
2006/01/05,1094.33
2006/01/06,1097.29
2006/01/09,1098.27
2006/01/10,1094.33
2006/01/11,1089.4
2006/01/12,1084.47
2006/01/13,1081.51
2006/01/16,1079.54
2006/01/17,1084.47
2006/01/18,1089.4
2006/01/19,1084.47
2006/01/20,1084.47
2006/01/23,1104.19
2006/01/24,1133.77
2006/01/25,1159.4
2006/01/26,1202.78
2006/01/27,1198.83
2006/01/30,1183.06
2006/01/31,1165.31
2006/02/01,1142.64
2006/02/02,1133.77
2006/02/03,1123.91
2006/02/06,1128.84
2006/02/07,1133.77
2006/02/08,1129.82
2006/02/09,1158.41
2006/02/10,1281.65
2006/02/13,1242.21
2006/02/14,1202.78
2006/02/15,1237.28
2006/02/16,1232.36
2006/02/17,1247.14
2006/02/20,1252.07
2006/02/21,1281.65
2006/02/22,1291.51
2006/02/23,1275.73
2006/02/24,1271.79
2006/02/27,1266.86
2006/02/28,1267.85
2006/03/02,1281.65
2006/03/03,1311.23
2006/03/06,1330.94
2006/03/07,1311.23
2006/03/08,1291.51
2006/03/09,1301.37
2006/03/10,1316.16
2006/03/13,1281.65
2006/03/14,1296.44
2006/03/15,1262.92
2006/03/16,1261.93
2006/03/17,1261.93
2006/03/20,1296.44
2006/03/22,1282.64
2006/03/23,1291.51
2006/03/24,1296.44
2006/03/27,1296.44
2006/03/28,1301.37
2006/03/29,1321.08
2006/03/30,1340.8
2006/03/31,1335.87
2006/04/03,1321.08
2006/04/04,1303.34
2006/04/05,1303.34
2006/04/06,1296.44
2006/04/07,1299.4
2006/04/10,1293.48
2006/04/11,1287.56
2006/04/12,1286.58
2006/04/13,1280.66
2006/04/18,1281.65
2006/04/19,1286.58
2006/04/20,1293.48
2006/04/21,1301.37
2006/04/24,1303.34
2006/04/25,1303.34
2006/04/26,1306.3
2006/04/28,1306.3
2006/05/02,1306.3
2006/05/03,1311.23
2006/05/04,1321.08
2006/05/05,1326.01
2006/05/08,1333.9
2006/05/09,1338.83
2006/05/10,1335.87
2006/05/11,1335.87
2006/05/12,1326.01
2006/05/15,1261.93
2006/05/16,1242.21
2006/05/17,1261.93
2006/05/18,1232.36
2006/05/19,1227.43
2006/05/22,1148.55
2006/05/23,1175.17
2006/05/24,1182.07
2006/05/25,1185.03
2006/05/26,1188.98
2006/05/29,1192.92
2006/05/30,1217.57
2006/05/31,1192.92
2006/06/01,1197.85
2006/06/02,1213.62
2006/06/05,1217.57
2006/06/06,1219.54
2006/06/07,1207.71
2006/06/08,1158.41
2006/06/09,1148.55
2006/06/12,1155.46
2006/06/13,1132.78
2006/06/14,1128.84
2006/06/15,1139.68
2006/06/19,1146.58
2006/06/20,1123.91
2006/06/21,1114.05
2006/06/22,1099.26
2006/06/23,1064.75
2006/06/26,1010.53
2006/06/27,985.88
2006/06/28,987.86
2006/06/29,1010.53
2006/06/30,1055.88
2006/07/03,1084.47
2006/07/04,1069.68
2006/07/05,1074.61
2006/07/06,1049.97
2006/07/07,1049.97
2006/07/10,1025.32
2006/07/11,1015.46
2006/07/12,1022.36
2006/07/13,1015.46
2006/07/14,985.88
2006/07/17,995.74
2006/07/18,995.74
2006/07/19,986.87
2006/07/20,1005.6
2006/07/21,1015.46
2006/07/24,1010.53
2006/07/25,1011.52
2006/07/26,1025.32
2006/07/27,1044.05
2006/07/28,1034.19
2006/07/31,1036.16
2006/08/01,1035.18
2006/08/02,1011.52
2006/08/03,1020.39
2006/08/04,1054.9
2006/08/07,1059.83
2006/08/08,1065.74
2006/08/10,1069.68
2006/08/11,1074.61
2006/08/14,1050.95
2006/08/15,1053.91
2006/08/16,1059.83
2006/08/17,1074.61
2006/08/18,1093.35
2006/08/21,1132.78
2006/08/22,1114.05
2006/08/23,1134.75
2006/08/24,1130.81
2006/08/25,1111.09
2006/08/28,1133.77
2006/08/29,1143.63
2006/08/30,1146.58
2006/08/31,1123.91
2006/09/01,1098.27
2006/09/04,1074.61
2006/09/05,1054.9
2006/09/06,1059.83
2006/09/07,1049.97
2006/09/08,1049.97
2006/09/11,1049.97
2006/09/12,1049.97
2006/09/13,1059.83
2006/09/14,1054.9
2006/09/15,1043.07
2006/09/18,1051.94
2006/09/19,1059.83
2006/09/20,1064.75
2006/09/21,1073.63
2006/09/22,1071.66
2006/09/26,1074.61
2006/09/27,1084.47
2006/09/28,1084.47
2006/09/29,1074.61
2006/10/02,1069.68
2006/10/03,1035.18
2006/10/04,1010.53
2006/10/05,1026.31
2006/10/06,1041.09
2006/10/09,1041.09
2006/10/10,1069.68
2006/10/11,1064.75
2006/10/12,1094.33
2006/10/13,1105.18
2006/10/16,1110.11
2006/10/17,1114.05
2006/10/18,1117.01
2006/10/19,1117.99
2006/10/20,1108.13
2006/10/23,1118.98
2006/10/24,1123.91
2006/10/25,1128.84
2006/10/26,1133.77
2006/10/27,1138.7
2006/10/30,1183.06
2006/10/31,1220.52
2006/11/01,1237.28
2006/11/02,1217.57
2006/11/03,1233.34
2006/11/06,1232.36
2006/11/07,1261.93
2006/11/08,1240.24
2006/11/09,1247.14
2006/11/10,1257
2006/11/13,1261.93
2006/11/14,1247.14
2006/11/15,1261.93
2006/11/16,1261.93
2006/11/17,1261.93
2006/11/20,1242.21
2006/11/21,1252.07
2006/11/22,1252.07
2006/11/23,1242.21
2006/11/24,1252.07
2006/11/27,1261.93
2006/11/28,1257
2006/11/29,1257
2006/11/30,1252.07
2006/12/01,1242.21
2006/12/04,1243.2
2006/12/05,1247.14
2006/12/06,1257
2006/12/07,1257
2006/12/08,1252.07
2006/12/11,1237.28
2006/12/12,1242.21
2006/12/13,1252.07
2006/12/14,1261.93
2006/12/15,1261.93
2006/12/18,1265.88
2006/12/19,1257.99
2006/12/20,1257.99
2006/12/21,1217.57
2006/12/22,1218.55
2006/12/27,1229.4
2006/12/28,1227.43
2006/12/29,1217.57
2007/01/02,1222.5
2007/01/03,1232.36
2007/01/04,1242.21
2007/01/05,1235.31
2007/01/08,1238.27
2007/01/09,1257
2007/01/10,1257
2007/01/11,1271.79
2007/01/12,1301.37
2007/01/15,1321.08
2007/01/16,1340.8
2007/01/17,1340.8
2007/01/18,1311.23
2007/01/19,1311.23
2007/01/22,1333.9
2007/01/23,1316.16
2007/01/24,1316.16
2007/01/25,1311.23
2007/01/26,1311.23
2007/01/29,1322.07
2007/01/30,1330.94
2007/01/31,1350.66
2007/02/01,1365.45
2007/02/02,1363.48
2007/02/05,1335.87
2007/02/06,1343.76
2007/02/07,1345.73
2007/02/08,1335.87
2007/02/09,1326.01
2007/02/12,1331.93
2007/02/13,1335.87
2007/02/14,1335.87
2007/02/15,1350.66
2007/02/16,1360.52
2007/02/19,1371.36
2007/02/20,1380.24
2007/02/21,1411.79
2007/02/22,1464.04
2007/02/23,1488.68
2007/02/26,1538.96
2007/02/27,1503.47
2007/02/28,1449.25
2007/03/01,1424.6
2007/03/02,1395.03
2007/03/05,1395.03
2007/03/06,1420.66
2007/03/07,1444.32
2007/03/08,1459.11
2007/03/09,1459.11
2007/03/12,1468.97
2007/03/13,1464.04
2007/03/14,1416.72
2007/03/15,1420.66
2007/03/16,1370.38
2007/03/19,1381.22
2007/03/20,1414.74
2007/03/22,1439.39
2007/03/23,1464.04
2007/03/26,1467.98
2007/03/27,1464.04
2007/03/28,1459.11
2007/03/29,1464.04
2007/03/30,1464.04
2007/04/02,1468.97
2007/04/03,1468.97
2007/04/04,1478.83
2007/04/05,1478.83
2007/04/10,1480.8
2007/04/11,1480.8
2007/04/12,1484.74
2007/04/13,1498.54
2007/04/16,1508.4
2007/04/17,1518.26
2007/04/18,1534.04
2007/04/19,1537.98
2007/04/20,1562.63
2007/04/23,1562.63
2007/04/24,1563.61
2007/04/25,1564.6
2007/04/26,1562.63
2007/04/30,1567.56
2007/05/02,1562.63
2007/05/03,1558.68
2007/05/04,1562.63
2007/05/07,1570.51
2007/05/08,1567.56
2007/05/09,1577.41
2007/05/10,1582.34
2007/05/11,1574.46
2007/05/14,1562.63
2007/05/15,1580.37
2007/05/16,1582.34
2007/05/17,1588.26
2007/05/18,1597.13
2007/05/21,1624.74
2007/05/22,1631.64
2007/05/23,1636.57
2007/05/24,1637.55
2007/05/25,1627.69
2007/05/28,1616.85
2007/05/29,1606.99
2007/05/30,1557.7
2007/05/31,1523.19
2007/06/01,1508.4
2007/06/04,1509.39
2007/06/05,1515.3
2007/06/06,1488.68
2007/06/07,1473.9
2007/06/08,1447.28
2007/06/11,1468.97
2007/06/12,1468.97
2007/06/13,1448.26
2007/06/14,1444.32
2007/06/15,1450.24
2007/06/18,1473.9
2007/06/19,1482.77
2007/06/20,1508.4
2007/06/21,1498.54
2007/06/22,1478.83
2007/06/25,1454.18
2007/06/26,1453.19
2007/06/27,1439.39
2007/06/28,1454.18
2007/06/29,1464.04
2007/07/02,1462.07
2007/07/03,1509.39
2007/07/04,1528.12
2007/07/05,1567.56
2007/07/06,1587.27
2007/07/09,1592.2
2007/07/10,1597.13
2007/07/11,1595.16
2007/07/12,1592.2
2007/07/13,1577.41
2007/07/16,1562.63
2007/07/17,1554.74
2007/07/18,1561.64
2007/07/19,1577.41
2007/07/20,1582.34
2007/07/23,1582.34
2007/07/24,1587.27
2007/07/25,1587.27
2007/07/26,1562.63
2007/07/27,1557.7
2007/07/30,1547.84
2007/07/31,1552.77
2007/08/01,1493.61
2007/08/02,1509.39
2007/08/03,1464.04
2007/08/06,1461.08
2007/08/07,1468.97
2007/08/08,1501.5
2007/08/10,1494.6
2007/08/13,1503.47
2007/08/14,1503.47
2007/08/15,1483.76
2007/08/16,1439.39
2007/08/17,1429.53
2007/08/20,1467
2007/08/21,1468.97
2007/08/22,1465.02
2007/08/23,1468.97
2007/08/24,1488.68
2007/08/27,1513.33
2007/08/28,1519.25
2007/08/29,1508.4
2007/08/30,1523.19
2007/08/31,1524.18
2007/09/03,1524.18
2007/09/04,1530.09
2007/09/05,1542.91
2007/09/06,1539.95
2007/09/07,1552.77
2007/09/10,1523.19
2007/09/11,1523.19
2007/09/12,1528.12
2007/09/13,1536.01
2007/09/14,1547.84
2007/09/17,1542.91
2007/09/18,1552.77
2007/09/19,1552.77
2007/09/20,1552.77
2007/09/21,1552.77
2007/09/25,1552.77
2007/09/26,1552.77
2007/09/27,1567.56
2007/09/28,1596.15
2007/10/01,1587.27
2007/10/02,1600.09
2007/10/03,1596.15
2007/10/04,1592.2
2007/10/05,1593.19
2007/10/08,1602.06
2007/10/09,1602.06
2007/10/10,1593.19
2007/10/11,1523.19
2007/10/12,1537.98
2007/10/15,1537.98
2007/10/16,1538.96
2007/10/17,1545.87
2007/10/18,1552.77
2007/10/19,1552.77
2007/10/22,1544.88
2007/10/23,1537.98
2007/10/24,1567.56
2007/10/25,1597.13
2007/10/26,1577.41
2007/10/29,1591.22
2007/10/30,1606.99
2007/10/31,1616.85
2007/11/01,1625.72
2007/11/02,1666.14
2007/11/05,1676.99
2007/11/06,1671.07
2007/11/07,1674.03
2007/11/08,1642.48
2007/11/09,1631.64
2007/11/12,1597.13
2007/11/13,1614.88
2007/11/14,1629.67
2007/11/15,1636.57
2007/11/16,1621.78
2007/11/19,1611.92
2007/11/20,1611.92
2007/11/21,1616.85
2007/11/22,1606.99
2007/11/23,1572.48
2007/11/26,1588.26
2007/11/27,1590.23
2007/11/28,1582.34
2007/11/29,1567.56
2007/11/30,1581.36
2007/12/03,1591.22
2007/12/04,1577.41
2007/12/05,1558.68
2007/12/06,1554.74
2007/12/07,1567.56
2007/12/10,1543.89
2007/12/11,1554.74
2007/12/12,1537.98
2007/12/13,1552.77
2007/12/14,1542.91
2007/12/18,1537.98
2007/12/19,1550.8
2007/12/20,1544.88
2007/12/21,1548.82
2007/12/24,1567.56
2007/12/27,1567.56
2007/12/28,1576.43
2007/12/31,1537.98
2008/01/02,1577.41
2008/01/03,1602.06
2008/01/04,1602.06
2008/01/07,1597.13
2008/01/08,1592.2
2008/01/09,1561.64
2008/01/10,1545.87
2008/01/11,1533.05
2008/01/14,1518.26
2008/01/15,1493.61
2008/01/16,1459.11
2008/01/17,1459.11
2008/01/18,1395.03
2008/01/21,1335.87
2008/01/22,1360.52
2008/01/23,1360.52
2008/01/24,1399.96
2008/01/25,1387.14
2008/01/28,1350.66
2008/01/29,1353.62
2008/01/30,1355.59
2008/01/31,1380.24
2008/02/01,1370.38
2008/02/04,1390.1
2008/02/05,1390.1
2008/02/06,1367.42
2008/02/07,1345.73
2008/02/08,1375.31
2008/02/11,1375.31
2008/02/12,1395.03
2008/02/13,1390.1
2008/02/14,1414.74
2008/02/15,1434.46
2008/02/18,1468.97
2008/02/19,1508.4
2008/02/20,1498.54
2008/02/21,1508.4
2008/02/22,1503.47
2008/02/25,1468.97
2008/02/26,1482.77
2008/02/27,1464.04
2008/02/28,1483.76
2008/02/29,1436.43
2008/03/03,1429.53
2008/03/04,1409.81
2008/03/05,1393.05
2008/03/06,1380.24
2008/03/07,1353.62
2008/03/10,1340.8
2008/03/11,1350.66
2008/03/12,1368.41
2008/03/13,1350.66
2008/03/14,1300.38
2008/03/17,1257
2008/03/18,1296.44
2008/03/19,1286.58
2008/03/20,1321.08
2008/03/25,1326.01
2008/03/26,1360.52
2008/03/27,1365.45
2008/03/28,1361.51
2008/03/31,1347.7
2008/04/01,1337.84
2008/04/02,1360.52
2008/04/03,1390.1
2008/04/04,1380.24
2008/04/07,1374.32
2008/04/08,1375.31
2008/04/09,1350.66
2008/04/10,1321.08
2008/04/11,1306.3
2008/04/14,1296.44
2008/04/15,1297.42
2008/04/16,1311.23
2008/04/17,1310.24
2008/04/18,1296.44
2008/04/21,1291.51
2008/04/22,1286.58
2008/04/23,1283.62
2008/04/24,1261.93
2008/04/25,1266.86
2008/04/29,1262.92
2008/04/30,1261.93
2008/05/05,1249.12
2008/05/06,1247.14
2008/05/07,1250.1
2008/05/08,1244.19
2008/05/09,1232.36
2008/05/12,1227.43
2008/05/13,1217.57
2008/05/14,1192.92
2008/05/15,1173.2
2008/05/16,1173.2
2008/05/19,1192.92
2008/05/20,1187.99
2008/05/21,1187.99
2008/05/22,1206.72
2008/05/23,1233.34
2008/05/26,1252.07
2008/05/27,1261.93
2008/05/28,1247.14
2008/05/29,1194.89
2008/05/30,1193.91
2008/06/02,1191.93
2008/06/03,1187.99
2008/06/04,1187.99
2008/06/05,1184.05
2008/06/06,1222.5
2008/06/09,1173.2
2008/06/10,1159.4
2008/06/11,1141.65
2008/06/12,1163.34
2008/06/13,1148.55
2008/06/17,1121.94
2008/06/18,1123.91
2008/06/19,1118.98
2008/06/20,1109.12
2008/06/23,1089.4
2008/06/24,1094.33
2008/06/25,1099.26
2008/06/26,1074.61
2008/06/27,1079.54
2008/06/30,1094.33
2008/07/01,1080.53
2008/07/02,1084.47
2008/07/03,1074.61
2008/07/04,1086.44
2008/07/07,1090.39
2008/07/08,1104.19
2008/07/09,1123.91
2008/07/10,1143.63
2008/07/11,1114.05
2008/07/14,1152.5
2008/07/15,1174.19
2008/07/16,1223.48
2008/07/17,1271.79
2008/07/18,1288.55
2008/07/21,1281.65
2008/07/22,1252.07
2008/07/23,1232.36
2008/07/24,1232.36
2008/07/25,1212.64
2008/07/28,1222.5
2008/07/29,1232.36
2008/07/30,1252.07
2008/07/31,1301.37
2008/08/01,1304.32
2008/08/04,1291.51
2008/08/05,1296.44
2008/08/06,1301.37
2008/08/07,1311.23
2008/08/08,1311.23
2008/08/11,1350.66
2008/08/12,1355.59
2008/08/13,1329.96
2008/08/14,1321.08
2008/08/15,1320.1
2008/08/18,1326.01
2008/08/19,1335.87
2008/08/20,1375.31
2008/08/21,1350.66
2008/08/22,1350.66
2008/08/25,1355.59
2008/08/26,1369.39
2008/08/27,1370.38
2008/08/28,1417.7
2008/08/29,1424.6
2008/09/01,1404.88
2008/09/02,1404.88
2008/09/03,1396.01
2008/09/04,1395.03
2008/09/05,1375.31
2008/09/08,1380.24
2008/09/09,1387.14
2008/09/10,1398.97
2008/09/11,1390.1
2008/09/12,1388.12
2008/09/15,1333.9
2008/09/16,1327
2008/09/17,1333.9
2008/09/18,1326.01
2008/09/19,1385.17
2008/09/22,1370.38
2008/09/23,1350.66
2008/09/25,1336.86
2008/09/26,1353.62
2008/09/29,1327
2008/09/30,1350.66
2008/10/01,1355.59
2008/10/02,1365.45
2008/10/03,1360.52
2008/10/06,1321.08
2008/10/07,1319.11
2008/10/08,1318.13
2008/10/09,1296.44
2008/10/10,1237.28
2008/10/13,1202.78
2008/10/14,1281.65
2008/10/15,1259.96
2008/10/16,1217.57
2008/10/17,1217.57
2008/10/20,1227.43
2008/10/21,1311.23
2008/10/22,1233.34
2008/10/23,1217.57
2008/10/24,1197.85
2008/10/27,1163.34
2008/10/28,1202.78
2008/10/29,1232.36
2008/10/30,1276.72
2008/10/31,1281.65
2008/11/03,1380.24
2008/11/04,1316.16
2008/11/05,1291.51
2008/11/06,1311.23
2008/11/07,1313.2
2008/11/10,1335.87
2008/11/11,1312.21
2008/11/12,1321.08
2008/11/13,1335.87
2008/11/14,1330.94
2008/11/17,1312.21
2008/11/18,1317.14
2008/11/19,1330.94
2008/11/20,1346.72
2008/11/21,1375.31
2008/11/24,1390.1
2008/11/25,1528.12
2008/11/26,1439.39
2008/11/27,1434.46
2008/11/28,1498.54
2008/12/01,1478.83
2008/12/02,1503.47
2008/12/03,1499.53
2008/12/04,1503.47
2008/12/05,1426.57
2008/12/08,1432.49
2008/12/09,1454.18
2008/12/10,1498.54
2008/12/11,1503.47
2008/12/12,1503.47
2008/12/15,1552.77
2008/12/17,1625.72
2008/12/18,1592.2
2008/12/19,1587.27
2008/12/22,1577.41
2008/12/23,1587.27
2008/12/24,1500
2008/12/29,1515
2008/12/30,1510
2008/12/31,1500
2009/01/02,1520
2009/01/05,1570
2009/01/06,1550
2009/01/07,1560
2009/01/08,1530
2009/01/09,1510
2009/01/12,1496
2009/01/13,1480
2009/01/14,1451
2009/01/15,1440
2009/01/16,1450
2009/01/19,1450
2009/01/20,1420
2009/01/21,1403
2009/01/22,1400
2009/01/23,1380
2009/01/26,1378
2009/01/27,1410
2009/01/28,1412
2009/01/29,1421
2009/01/30,1451
2009/02/02,1420
2009/02/03,1416
2009/02/04,1420
2009/02/05,1420
2009/02/06,1458
2009/02/09,1450
2009/02/10,1450
2009/02/11,1435
2009/02/12,1435
2009/02/13,1433
2009/02/16,1428
2009/02/17,1419
2009/02/18,1430
2009/02/19,1400
2009/02/20,1335
2009/02/23,1359
2009/02/24,1353
2009/02/25,1380
2009/02/26,1390
2009/02/27,1345
2009/03/02,1325
2009/03/03,1313
2009/03/04,1320
2009/03/05,1325
2009/03/06,1330
2009/03/09,1289
2009/03/10,1306
2009/03/11,1327
2009/03/12,1313
2009/03/13,1313
2009/03/16,1314
2009/03/17,1322
2009/03/18,1323
2009/03/19,1355
2009/03/20,1405
2009/03/23,1415
2009/03/24,1423
2009/03/25,1430
2009/03/26,1435
2009/03/27,1420
2009/03/30,1370
2009/03/31,1357
2009/04/01,1356
2009/04/02,1372
2009/04/03,1360
2009/04/06,1350
2009/04/07,1355
2009/04/08,1337
2009/04/09,1379
2009/04/14,1425
2009/04/15,1418
2009/04/16,1418
2009/04/17,1400
2009/04/20,1406
2009/04/21,1395
2009/04/23,1392
2009/04/24,1382
2009/04/28,1451
2009/04/29,1440
2009/04/30,1411
2009/05/04,1401
2009/05/05,1402
2009/05/06,1405
2009/05/07,1390
2009/05/08,1394
2009/05/11,1400
2009/05/12,1395
2009/05/13,1389
2009/05/14,1359
2009/05/15,1360
2009/05/18,1358
2009/05/19,1310
2009/05/20,1350
2009/05/21,1350
2009/05/22,1350
2009/05/25,1350
2009/05/26,1360
2009/05/27,1377
2009/05/28,1360
2009/05/29,1350
2009/06/01,1339
2009/06/02,1350
2009/06/03,1344
2009/06/04,1341
2009/06/05,1350
2009/06/08,1360
2009/06/09,1330
2009/06/10,1331
2009/06/11,1332
2009/06/12,1321
2009/06/15,1320
2009/06/17,1315
2009/06/18,1315
2009/06/19,1287
2009/06/22,1279
2009/06/23,1279
2009/06/24,1299
2009/06/25,1288
2009/06/26,1285
2009/06/29,1296
2009/06/30,1300
2009/07/01,1300
2009/07/02,1288
2009/07/03,1295
2009/07/06,1272
2009/07/07,1275
2009/07/08,1267
2009/07/09,1269
2009/07/10,1270
2009/07/13,1272
2009/07/14,1290
2009/07/15,1300
2009/07/16,1305
2009/07/17,1309
2009/07/20,1323
2009/07/21,1321
2009/07/22,1345
2009/07/23,1347
2009/07/24,1346
2009/07/27,1346
2009/07/28,1365
2009/07/29,1352
2009/07/30,1353
2009/07/31,1363
2009/08/03,1355
2009/08/04,1357
2009/08/05,1345
2009/08/06,1351
2009/08/07,1350
2009/08/11,1340
2009/08/12,1329
2009/08/13,1341
2009/08/14,1345
2009/08/17,1356
2009/08/18,1359
2009/08/19,1355
2009/08/20,1355
2009/08/21,1352
2009/08/24,1363
2009/08/25,1385
2009/08/26,1385
2009/08/27,1377
2009/08/28,1377
2009/08/31,1380
2009/09/01,1379
2009/09/02,1384
2009/09/03,1383
2009/09/04,1395
2009/09/07,1409
2009/09/08,1420
2009/09/09,1425
2009/09/10,1405
2009/09/11,1388
2009/09/14,1305
2009/09/15,1311
2009/09/16,1327
2009/09/17,1327
2009/09/18,1340
2009/09/21,1334
2009/09/22,1340
2009/09/23,1345
2009/09/25,1365
2009/09/28,1360
2009/09/29,1355
2009/09/30,1350
2009/10/01,1358
2009/10/02,1349
2009/10/05,1369
2009/10/06,1360
2009/10/07,1363
2009/10/08,1363
2009/10/09,1370
2009/10/12,1395
2009/10/13,1415
2009/10/14,1410
2009/10/15,1407
2009/10/16,1380
2009/10/19,1352
2009/10/20,1375
2009/10/21,1395
2009/10/22,1400
2009/10/23,1415
2009/10/26,1392
2009/10/27,1390
2009/10/28,1388
2009/10/29,1388
2009/10/30,1391
2009/11/02,1387
2009/11/03,1355
2009/11/04,1363
2009/11/05,1375
2009/11/06,1375
2009/11/09,1380
2009/11/10,1390
2009/11/11,1397
2009/11/12,1399
2009/11/13,1400
2009/11/16,1396
2009/11/17,1426
2009/11/18,1413
2009/11/19,1400
2009/11/20,1415
2009/11/23,1402
2009/11/24,1407
2009/11/25,1400
2009/11/26,1392
2009/11/27,1382
2009/11/30,1389
2009/12/01,1385
2009/12/02,1388
2009/12/03,1375
2009/12/04,1350
2009/12/07,1373
2009/12/08,1398
2009/12/09,1395
2009/12/10,1392
2009/12/11,1399
2009/12/14,1400
2009/12/15,1395
2009/12/17,1386
2009/12/18,1393
2009/12/21,1400
2009/12/22,1400
2009/12/23,1395
2009/12/24,1390
2009/12/28,1400
2009/12/29,1397
2009/12/30,1390
2009/12/31,1399
2010/01/04,1393
2010/01/05,1397
2010/01/06,1383
2010/01/07,1386
2010/01/08,1388
2010/01/11,1382
2010/01/12,1390
2010/01/13,1399
2010/01/14,1395
2010/01/15,1415
2010/01/18,1411
2010/01/19,1413
2010/01/20,1411
2010/01/21,1403
2010/01/22,1400
2010/01/25,1396
2010/01/26,1386
2010/01/27,1372
2010/01/28,1360
2010/01/29,1369
2010/02/01,1370
2010/02/02,1378
2010/02/03,1380
2010/02/04,1373
2010/02/05,1370
2010/02/08,1366
2010/02/09,1380
2010/02/10,1375
2010/02/11,1380
2010/02/12,1380
2010/02/15,1385
2010/02/16,1399
2010/02/17,1400
2010/02/18,1396
2010/02/19,1406
2010/02/22,1405
2010/02/23,1420
2010/02/24,1449
2010/02/25,1463
2010/02/26,1455
2010/03/01,1450
2010/03/02,1461
2010/03/03,1489
2010/03/04,1489
2010/03/05,1479
2010/03/08,1478
2010/03/09,1475
2010/03/10,1490
2010/03/11,1485
2010/03/12,1485
2010/03/15,1425
2010/03/16,1440
2010/03/17,1450
2010/03/18,1453
2010/03/19,1475
2010/03/23,1477
2010/03/24,1490
2010/03/25,1502
2010/03/26,1497
2010/03/29,1492
2010/03/30,1485
2010/03/31,1475
2010/04/01,1491
2010/04/06,1505
2010/04/07,1515
2010/04/08,1525
2010/04/09,1528
2010/04/12,1520
2010/04/13,1528
2010/04/14,1527
2010/04/15,1523
2010/04/16,1517
2010/04/19,1515
2010/04/20,1515
2010/04/21,1515
2010/04/22,1511
2010/04/23,1520
2010/04/26,1520
2010/04/28,1518
2010/04/29,1511
2010/04/30,1522
2010/05/03,1532
2010/05/04,1522
2010/05/05,1517
2010/05/06,1515
2010/05/07,1480
2010/05/10,1520
2010/05/11,1490
2010/05/12,1515
2010/05/13,1501
2010/05/14,1505
2010/05/17,1510
2010/05/18,1511
2010/05/19,1497
2010/05/20,1475
2010/05/21,1470
2010/05/24,1494
2010/05/25,1474
2010/05/26,1510
2010/05/27,1499
2010/05/28,1509
2010/05/31,1515
2010/06/01,1540
2010/06/02,1530
2010/06/03,1530
2010/06/04,1510
2010/06/07,1495
2010/06/08,1495
2010/06/09,1510
2010/06/10,1525
2010/06/11,1510
2010/06/14,1515
2010/06/15,1535
2010/06/17,1534
2010/06/18,1545
2010/06/21,1557
2010/06/22,1557
2010/06/23,1560
2010/06/24,1556
2010/06/25,1560
2010/06/28,1565
2010/06/29,1560
2010/06/30,1552
2010/07/01,1550
2010/07/02,1558
2010/07/05,1554
2010/07/06,1567
2010/07/07,1575
2010/07/08,1589
2010/07/09,1595
2010/07/12,1575
2010/07/13,1578
2010/07/14,1574
2010/07/15,1590
2010/07/16,1588
2010/07/19,1591
2010/07/20,1593
2010/07/21,1620
2010/07/22,1633
2010/07/23,1640
2010/07/26,1639
2010/07/27,1630
2010/07/28,1650
2010/07/29,1652
2010/07/30,1660
2010/08/02,1685
2010/08/03,1675
2010/08/04,1677
2010/08/05,1670
2010/08/06,1660
2010/08/10,1670
2010/08/11,1670
2010/08/12,1670
2010/08/13,1664
2010/08/16,1638
2010/08/17,1654
2010/08/18,1657
2010/08/19,1659
2010/08/20,1656
2010/08/23,1660
2010/08/24,1660
2010/08/25,1657
2010/08/26,1657
2010/08/27,1665
2010/08/30,1684
2010/08/31,1685
2010/09/01,1695
2010/09/02,1695
2010/09/03,1690
2010/09/06,1699
2010/09/07,1697
2010/09/08,1699
2010/09/09,1702
2010/09/10,1705
2010/09/13,1655
2010/09/14,1670
2010/09/15,1672
2010/09/16,1677
2010/09/17,1664
2010/09/20,1666
2010/09/21,1667
2010/09/22,1675
2010/09/23,1672
2010/09/27,1670
2010/09/28,1674
2010/09/29,1690
2010/09/30,1715
2010/10/01,1715
2010/10/04,1702
2010/10/05,1705
2010/10/06,1702
2010/10/07,1700
2010/10/08,1700
2010/10/11,1701
2010/10/12,1703
2010/10/13,1710
2010/10/14,1710
2010/10/15,1725
2010/10/18,1737
2010/10/19,1733
2010/10/20,1724
2010/10/21,1745
2010/10/22,1743
2010/10/25,1734
2010/10/26,1745
2010/10/27,1744
2010/10/28,1737
2010/10/29,1735
2010/11/01,1730
2010/11/02,1721
2010/11/03,1735
2010/11/04,1737
2010/11/05,1749
2010/11/08,1751
2010/11/09,1750
2010/11/10,1780
2010/11/11,1800
2010/11/12,1780
2010/11/15,1780
2010/11/16,1784
2010/11/17,1787
2010/11/18,1800
2010/11/19,1810
2010/11/22,1812
2010/11/23,1812
2010/11/24,1815
2010/11/25,1815
2010/11/26,1812
2010/11/29,1775
2010/11/30,1750
2010/12/01,1768
2010/12/02,1762
2010/12/03,1762
2010/12/06,1755
2010/12/07,1795
2010/12/08,1795
2010/12/09,1785
2010/12/10,1773
2010/12/13,1772
2010/12/14,1800
2010/12/15,1791
2010/12/17,1798
2010/12/20,1798
2010/12/21,1780
2010/12/22,1797
2010/12/23,1800
2010/12/24,1810
2010/12/28,1800
2010/12/29,1840
2010/12/30,1821
2010/12/31,1833
2011/01/03,1840
2011/01/04,1843
2011/01/05,1843
2011/01/06,1870
2011/01/07,1850
2011/01/10,1850
2011/01/11,1850
2011/01/12,1855
2011/01/13,1850
2011/01/14,1820
2011/01/17,1785
2011/01/18,1770
2011/01/19,1754
2011/01/20,1750
2011/01/21,1752
2011/01/24,1750
2011/01/25,1740
2011/01/26,1735
2011/01/27,1755
2011/01/28,1723
2011/01/31,1721
2011/02/01,1700
2011/02/02,1690
2011/02/03,1670
2011/02/04,1671
2011/02/07,1675
2011/02/08,1678
2011/02/09,1680
2011/02/10,1672
2011/02/11,1685
2011/02/14,1718
2011/02/15,1701
2011/02/16,1700
2011/02/17,1692
2011/02/18,1685
2011/02/21,1700
2011/02/22,1685
2011/02/23,1697
2011/02/24,1670
2011/02/25,1683
2011/02/28,1697
2011/03/01,1708
2011/03/02,1715
2011/03/03,1715
2011/03/04,1719
2011/03/07,1730
2011/03/08,1719
2011/03/09,1730
2011/03/10,1710
2011/03/11,1730
2011/03/14,1650
2011/03/15,1610
2011/03/16,1641
2011/03/17,1640
2011/03/18,1640
2011/03/22,1679
2011/03/23,1670
2011/03/24,1671
2011/03/25,1675
2011/03/28,1670
2011/03/29,1705
2011/03/30,1732
2011/03/31,1729
2011/04/01,1716
2011/04/04,1724
2011/04/05,1735
2011/04/06,1755
2011/04/07,1770
2011/04/08,1765
2011/04/11,1770
2011/04/12,1766
2011/04/13,1760
2011/04/14,1756
2011/04/15,1733
2011/04/18,1730
2011/04/19,1735
2011/04/20,1770
2011/04/21,1777
2011/04/26,1784
2011/04/28,1799
2011/04/29,1822
2011/05/03,1790
2011/05/04,1759
2011/05/05,1735
2011/05/06,1742
2011/05/09,1733
2011/05/10,1732
2011/05/11,1715
2011/05/12,1713
2011/05/13,1711
2011/05/16,1730
2011/05/17,1729
2011/05/19,1727
2011/05/20,1728
2011/05/23,1717
2011/05/24,1740
2011/05/25,1736
2011/05/26,1749
2011/05/27,1771
2011/05/30,1795
2011/05/31,1810
2011/06/01,1811
2011/06/02,1806
2011/06/03,1795
2011/06/06,1805
2011/06/07,1833
2011/06/08,1835
2011/06/09,1828
2011/06/10,1801
2011/06/13,1830
2011/06/14,1810
2011/06/15,1820
2011/06/17,1805
2011/06/20,1787
2011/06/21,1790
2011/06/22,1791
2011/06/23,1790
2011/06/24,1800
2011/06/27,1814
2011/06/28,1828
2011/06/29,1834
2011/06/30,1831
2011/07/01,1835
2011/07/04,1840
2011/07/05,1870
2011/07/06,1875
2011/07/07,1890
2011/07/08,1885
2011/07/11,1872
2011/07/12,1870
2011/07/13,1840
2011/07/14,1820
2011/07/15,1832
2011/07/18,1833
2011/07/19,1821
2011/07/20,1840
2011/07/21,1840
2011/07/22,1835
2011/07/25,1860
2011/07/26,1850
2011/07/27,1839
2011/07/28,1830
2011/07/29,1840
2011/08/01,1859
2011/08/02,1845
2011/08/03,1831
2011/08/04,1818
2011/08/05,1803
2011/08/08,1803
2011/08/10,1790
2011/08/11,1800
2011/08/12,1800
2011/08/15,1810
2011/08/16,1822
2011/08/17,1831
2011/08/18,1795
2011/08/19,1817
2011/08/22,1840
2011/08/23,1840
2011/08/24,1860
2011/08/25,1852
2011/08/26,1860
2011/08/29,1895
2011/08/30,1883
2011/08/31,1915
2011/09/01,1905
2011/09/02,1870
2011/09/05,1860
2011/09/06,1817
2011/09/07,1835
2011/09/08,1842
2011/09/09,1830
2011/09/12,1755
2011/09/13,1750
2011/09/14,1764
2011/09/15,1814
2011/09/16,1831
2011/09/19,1790
2011/09/20,1800
2011/09/21,1802
2011/09/22,1771
2011/09/23,1724
2011/09/26,1725
2011/09/27,1745
2011/09/28,1765
2011/09/29,1750
2011/09/30,1774
2011/10/03,1755
2011/10/04,1735
2011/10/05,1776
2011/10/06,1776
2011/10/07,1781
2011/10/10,1795
2011/10/11,1787
2011/10/12,1820
2011/10/13,1825
2011/10/14,1800
2011/10/17,1835
2011/10/18,1820
2011/10/19,1814
2011/10/20,1797
2011/10/21,1830
2011/10/24,1800
2011/10/25,1808
2011/10/26,1800
2011/10/27,1829
2011/10/28,1829
2011/10/31,1845
2011/11/01,1835
2011/11/02,1839
2011/11/03,1825
2011/11/04,1820
2011/11/07,1840
2011/11/08,1845
2011/11/09,1813
2011/11/10,1850
2011/11/11,1838
2011/11/14,1831
2011/11/15,1835
2011/11/16,1857
2011/11/17,1847
2011/11/18,1815
2011/11/21,1808
2011/11/22,1801
2011/11/23,1795
2011/11/24,1800
2011/11/25,1800
2011/11/28,1825
2011/11/29,1801
2011/11/30,1839
2011/12/01,1839
2011/12/02,1840
2011/12/05,1840
2011/12/06,1850
2011/12/07,1864
2011/12/08,1870
2011/12/09,1858
2011/12/12,1855
2011/12/13,1841
2011/12/14,1840
2011/12/15,1853
2011/12/19,1873
2011/12/20,1876
2011/12/21,1860
2011/12/22,1880
2011/12/23,1904
2011/12/28,1915
2011/12/29,1900
2011/12/30,1855
2012/01/03,1900
2012/01/04,1899
2012/01/05,1900
2012/01/06,1937
2012/01/09,1948
2012/01/10,1935
2012/01/11,1935
2012/01/12,1955
2012/01/13,1959
2012/01/16,1960
2012/01/17,1990
2012/01/18,1985
2012/01/19,1998
2012/01/20,1998
2012/01/23,1998
2012/01/24,1980
2012/01/25,1998
2012/01/26,2000
2012/01/27,2004
2012/01/30,2015
2012/01/31,1990
2012/02/01,2010
2012/02/02,2015
2012/02/03,2035
2012/02/06,2031
2012/02/07,2026
2012/02/08,2020
2012/02/09,2009
2012/02/10,1999
2012/02/13,2010
2012/02/14,2010
2012/02/15,2019
2012/02/16,2010
2012/02/17,2020
2012/02/20,2019
2012/02/21,2015
2012/02/22,2012
2012/02/23,2010
2012/02/24,2019
2012/02/27,2030
2012/02/28,2070
2012/02/29,2055
2012/03/01,2070
2012/03/02,2120
2012/03/05,2125
2012/03/06,2089
2012/03/07,2085
2012/03/08,2085
2012/03/09,2086
2012/03/12,2021
2012/03/13,2045
2012/03/14,2060
2012/03/15,2041
2012/03/16,2006
2012/03/19,2015
2012/03/20,2030
2012/03/22,2040
2012/03/23,2040
2012/03/26,2039
2012/03/27,2034
2012/03/28,2008
2012/03/29,2000
2012/03/30,2000
2012/04/02,2025
2012/04/03,2020
2012/04/04,2010
2012/04/05,2030
2012/04/10,2015
2012/04/11,1997
2012/04/12,2013
2012/04/13,2010
2012/04/16,2014
2012/04/17,2013
2012/04/18,2029
2012/04/19,2032
2012/04/20,2053
2012/04/23,2053
2012/04/24,2040
2012/04/25,2040
2012/04/26,2074
2012/04/30,2100
2012/05/02,2108
2012/05/03,2108
2012/05/04,2118
2012/05/07,2077
2012/05/08,2071
2012/05/09,2068
2012/05/10,2078
2012/05/11,2077
2012/05/14,2060
2012/05/15,2060
2012/05/16,2080
2012/05/17,2055
2012/05/18,2065
2012/05/21,2072
2012/05/22,2075
2012/05/23,2065
2012/05/24,2065
2012/05/25,2069
2012/05/28,2057
2012/05/29,2060
2012/05/30,2040
2012/05/31,2070
2012/06/01,2110
2012/06/04,2090
2012/06/05,2090
2012/06/06,2110
2012/06/07,2174
2012/06/08,2150
2012/06/11,2135
2012/06/12,2165
2012/06/13,2220
2012/06/14,2223
2012/06/15,2197
2012/06/18,2206
2012/06/19,2265
2012/06/20,2257
2012/06/21,2257
2012/06/22,2251
2012/06/25,2255
2012/06/26,2283
2012/06/27,2299
2012/06/28,2283
2012/06/29,2300
2012/07/02,2290
2012/07/03,2298
2012/07/04,2298
2012/07/05,2375
2012/07/06,2390
2012/07/09,2395
2012/07/10,2405
2012/07/11,2400
2012/07/12,2390
2012/07/13,2390
2012/07/16,2400
2012/07/17,2400
2012/07/18,2435
2012/07/19,2475
2012/07/20,2530
2012/07/23,2535
2012/07/24,2526
2012/07/25,2540
2012/07/26,2540
2012/07/27,2595
2012/07/30,2595
2012/07/31,2541
2012/08/01,2606
2012/08/02,2580
2012/08/03,2660
2012/08/06,2656
2012/08/07,2602
2012/08/08,2589
2012/08/10,2560
2012/08/13,2541
2012/08/14,2550
2012/08/15,2500
2012/08/16,2559
2012/08/17,2550
2012/08/20,2525
2012/08/21,2525
2012/08/22,2550
2012/08/23,2572
2012/08/24,2601
2012/08/27,2610
2012/08/28,2640
2012/08/29,2655
2012/08/30,2670
2012/08/31,2743
2012/09/03,2758
2012/09/04,2690
2012/09/05,2642
2012/09/06,2632
2012/09/07,2605
2012/09/10,2525
2012/09/11,2564
2012/09/12,2565
2012/09/13,2561
2012/09/14,2625
2012/09/17,2567
2012/09/18,2598
2012/09/19,2566
2012/09/20,2529
2012/09/21,2500
2012/09/25,2506
2012/09/26,2520
2012/09/27,2485
2012/09/28,2487
2012/10/01,2478
2012/10/02,2485
2012/10/03,2495
2012/10/04,2495
2012/10/05,2464
2012/10/08,2425
2012/10/09,2357
2012/10/10,2350
2012/10/11,2355
2012/10/12,2407
2012/10/15,2449
2012/10/16,2480
2012/10/17,2500
2012/10/18,2533
2012/10/19,2492
2012/10/22,2539
2012/10/23,2465
2012/10/24,2475
2012/10/25,2498
2012/10/26,2427
2012/10/29,2459
2012/10/30,2405
2012/10/31,2361
2012/11/01,2389
2012/11/02,2389
2012/11/05,2387
2012/11/06,2389
2012/11/07,2390
2012/11/08,2370
2012/11/09,2385
2012/11/12,2400
2012/11/13,2415
2012/11/14,2401
2012/11/15,2420
2012/11/16,2454
2012/11/19,2441
2012/11/20,2450
2012/11/21,2466
2012/11/22,2470
2012/11/23,2470
2012/11/26,2455
2012/11/27,2466
2012/11/28,2485
2012/11/29,2527
2012/11/30,2450
2012/12/03,2535
2012/12/04,2528
2012/12/05,2538
2012/12/06,2550
2012/12/07,2550
2012/12/10,2556
2012/12/11,2579
2012/12/12,2574
2012/12/13,2572
2012/12/14,2575
2012/12/18,2599
2012/12/19,2553
2012/12/20,2580
2012/12/21,2532
2012/12/24,2495
2012/12/27,2479
2012/12/28,2470
2012/12/31,2450
2013/01/02,2480
2013/01/03,2470
2013/01/04,2510
2013/01/07,2527
2013/01/08,2555
2013/01/09,2521
2013/01/10,2500
2013/01/11,2511
2013/01/14,2520
2013/01/15,2545
2013/01/16,2552
2013/01/17,2600
2013/01/18,2598
2013/01/21,2580
2013/01/22,2580
2013/01/23,2560
2013/01/24,2535
2013/01/25,2590
2013/01/28,2560
2013/01/29,2523
2013/01/30,2475
2013/01/31,2519
2013/02/01,2500
2013/02/04,2515
2013/02/05,2574
2013/02/06,2530
2013/02/07,2537
2013/02/08,2541
2013/02/11,2568
2013/02/12,2575
2013/02/13,2586
2013/02/14,2586
2013/02/15,2585
2013/02/18,2620
2013/02/19,2667
2013/02/20,2588
2013/02/21,2545
2013/02/22,2564
2013/02/25,2582
2013/02/26,2620
2013/02/27,2620
2013/02/28,2735
2013/03/01,2680
2013/03/04,2680
2013/03/05,2740
2013/03/06,2780
2013/03/07,2765
2013/03/08,2756
2013/03/11,2750
2013/03/12,2747
2013/03/13,2746
2013/03/14,2670
2013/03/15,2630
2013/03/18,2630
2013/03/19,2616
2013/03/20,2627
2013/03/22,2635
2013/03/25,2680
2013/03/26,2737
2013/03/27,2670
2013/03/28,2695
2013/04/02,2735
2013/04/03,2640
2013/04/04,2656
2013/04/05,2621
2013/04/08,2673
2013/04/09,2667
2013/04/10,2738
2013/04/11,2749
2013/04/12,2740
2013/04/15,2685
2013/04/16,2715
2013/04/17,2715
2013/04/18,2728
2013/04/19,2780
2013/04/22,2765
2013/04/23,2819
2013/04/24,2830
2013/04/25,2865
2013/04/26,2910
2013/04/29,2908
2013/04/30,2949
2013/05/02,2981
2013/05/03,2985
2013/05/06,2988
2013/05/07,3000
2013/05/08,3049
2013/05/09,2982
2013/05/10,2959
2013/05/13,3000
2013/05/14,3026
2013/05/15,2970
2013/05/16,3024
2013/05/17,3047
2013/05/20,3024
2013/05/21,2895
2013/05/22,2800
2013/05/23,2734
2013/05/24,2760
2013/05/27,2735
2013/05/28,2717
2013/05/29,2685
2013/05/30,2575
2013/05/31,2539
2013/06/03,2415
2013/06/04,2580
2013/06/05,2540
2013/06/06,2535
2013/06/07,2670
2013/06/10,2587
2013/06/11,2465
2013/06/12,2474
2013/06/13,2527
2013/06/14,2560
2013/06/18,2625
2013/06/19,2550
2013/06/20,2410
2013/06/21,2440
2013/06/24,2350
2013/06/25,2380
2013/06/26,2495
2013/06/27,2509
2013/06/28,2639
2013/07/01,2595
2013/07/02,2605
2013/07/03,2592
2013/07/04,2615
2013/07/05,2559
2013/07/08,2530
2013/07/09,2553
2013/07/10,2545
2013/07/11,2578
2013/07/12,2599
2013/07/15,2583
2013/07/16,2650
2013/07/17,2670
2013/07/18,2728
2013/07/19,2689
2013/07/22,2685
2013/07/23,2650
2013/07/24,2635
2013/07/25,2595
2013/07/26,2560
2013/07/29,2507
2013/07/30,2501
2013/07/31,2486
2013/08/01,2450
2013/08/02,2445
2013/08/05,2517
2013/08/06,2490
2013/08/07,2510
2013/08/08,2484
2013/08/12,2477
2013/08/13,2475
2013/08/14,2503
2013/08/15,2463
2013/08/16,2495
2013/08/19,2430
2013/08/20,2350
2013/08/21,2320
2013/08/22,2290
2013/08/23,2359
2013/08/26,2371
2013/08/27,2382
2013/08/28,2340
2013/08/29,2330
2013/08/30,2375
2013/09/02,2441
2013/09/03,2371
2013/09/04,2340
2013/09/05,2340
2013/09/06,2415
2013/09/09,2470
2013/09/10,2457
2013/09/11,2452
2013/09/12,2457
2013/09/13,2430
2013/09/16,2423
2013/09/17,2412
2013/09/18,2368
2013/09/19,2470
2013/09/20,2465
2013/09/23,2480
2013/09/25,2516
2013/09/26,2505
2013/09/27,2504
2013/09/30,2465
2013/10/01,2483
2013/10/02,2465
2013/10/03,2470
2013/10/04,2470
2013/10/07,2475
2013/10/08,2450
2013/10/09,2430
2013/10/10,2429
2013/10/11,2460
2013/10/14,2450
2013/10/15,2485
2013/10/16,2513
2013/10/17,2532
2013/10/18,2564
2013/10/21,2551
2013/10/22,2535
2013/10/23,2534
2013/10/24,2534
2013/10/25,2545
2013/10/28,2533
2013/10/29,2517
2013/10/30,2545
2013/10/31,2550
2013/11/01,2500
2013/11/04,2466
2013/11/05,2465
2013/11/06,2480
2013/11/07,2500
2013/11/08,2475
2013/11/11,2420
2013/11/12,2405
2013/11/13,2382
2013/11/14,2383
2013/11/15,2443
2013/11/18,2470
2013/11/19,2484
2013/11/20,2500
2013/11/21,2455
2013/11/22,2455
2013/11/25,2472
2013/11/26,2393
2013/11/27,2444
2013/11/28,2429
2013/11/29,2404
2013/12/02,2404
2013/12/03,2355
2013/12/04,2341
2013/12/05,2340
2013/12/06,2340
2013/12/09,2340
2013/12/10,2337
2013/12/11,2317
2013/12/12,2272
2013/12/13,2265
2013/12/17,2294
2013/12/18,2300
2013/12/19,2330
2013/12/20,2349
2013/12/23,2370
2013/12/24,2379
2013/12/27,2415
2013/12/30,2438
2013/12/31,2428
2014/01/02,2420
2014/01/03,2405
2014/01/06,2370
2014/01/07,2397
2014/01/08,2362
2014/01/09,2355
2014/01/10,2376
2014/01/13,2420
2014/01/14,2389
2014/01/15,2400
2014/01/16,2350
2014/01/17,2316
2014/01/20,2308
2014/01/21,2330
2014/01/22,2346
2014/01/23,2332
2014/01/24,2295
2014/01/27,2280
2014/01/28,2275
2014/01/29,2210
2014/01/30,2190
2014/01/31,2195
2014/02/03,2190
2014/02/04,2198
2014/02/05,2200
2014/02/06,2259
2014/02/07,2266
2014/02/10,2297
2014/02/11,2245
2014/02/12,2275
2014/02/13,2255
2014/02/14,2254
2014/02/17,2276
2014/02/18,2275
2014/02/19,2282
2014/02/20,2240
2014/02/21,2275
2014/02/24,2230
2014/02/25,2225
2014/02/26,2280
2014/02/27,2275
2014/02/28,2350
2014/03/03,2325
2014/03/04,2344
2014/03/05,2333
2014/03/06,2324
2014/03/07,2331
2014/03/10,2329
2014/03/11,2327
2014/03/12,2312
2014/03/13,2323
2014/03/14,2308
2014/03/17,2326
2014/03/18,2392
2014/03/19,2403
2014/03/20,2393
2014/03/24,2315
2014/03/25,2398
2014/03/26,2390
2014/03/27,2489
2014/03/28,2450
2014/03/31,2440
2014/04/01,2456
2014/04/02,2420
2014/04/03,2405
2014/04/04,2412
2014/04/07,2430
2014/04/08,2436
2014/04/09,2455
2014/04/10,2490
2014/04/11,2500
2014/04/14,2455
2014/04/15,2475
2014/04/16,2463
2014/04/17,2449
2014/04/22,2450
2014/04/23,2448
2014/04/24,2435
2014/04/25,2435
2014/04/29,2438
2014/04/30,2430
2014/05/02,2430
2014/05/05,2419
2014/05/06,2430
2014/05/08,2429
2014/05/09,2435
2014/05/12,2455
2014/05/13,2442
2014/05/14,2449
2014/05/15,2442
2014/05/16,2450
2014/05/19,2440
2014/05/20,2420
2014/05/21,2415
2014/05/22,2413
2014/05/23,2401
2014/05/26,2407
2014/05/27,2389
2014/05/28,2397
2014/05/29,2400
2014/05/30,2350
2014/06/02,2376
2014/06/03,2372
2014/06/04,2376
2014/06/05,2404
2014/06/06,2409
2014/06/09,2407
2014/06/10,2399
2014/06/11,2389
2014/06/12,2375
2014/06/13,2379
2014/06/17,2425
2014/06/18,2427
2014/06/19,2429
2014/06/20,2450
2014/06/23,2455
2014/06/24,2450
2014/06/25,2430
2014/06/26,2440
2014/06/27,2458
2014/06/30,2473
2014/07/01,2490
2014/07/02,2466
2014/07/03,2445
2014/07/04,2448
2014/07/07,2431
2014/07/08,2435
2014/07/09,2451
2014/07/10,2428
2014/07/11,2430
2014/07/14,2432
2014/07/15,2430
2014/07/16,2426
2014/07/17,2435
2014/07/18,2410
2014/07/21,2416
2014/07/22,2435
2014/07/23,2460
2014/07/24,2467
2014/07/25,2494
2014/07/28,2510
2014/07/29,2490
2014/07/30,2492
2014/07/31,2482
2014/08/01,2465
2014/08/04,2450
2014/08/05,2456
2014/08/06,2429
2014/08/07,2412
2014/08/08,2434
2014/08/11,2479
2014/08/12,2507
2014/08/13,2527
2014/08/14,2547
2014/08/15,2551
2014/08/18,2572
2014/08/19,2559
2014/08/20,2549
2014/08/21,2568
2014/08/22,2568
2014/08/25,2568
2014/08/26,2579
2014/08/27,2554
2014/08/28,2520
2014/08/29,2520
2014/09/01,2516
2014/09/02,2565
2014/09/03,2580
2014/09/04,2620
2014/09/05,2582
2014/09/08,2581
2014/09/09,2585
2014/09/10,2565
2014/09/11,2563
2014/09/12,2600
2014/09/15,2517
2014/09/16,2479
2014/09/17,2492
2014/09/18,2519
2014/09/19,2513
2014/09/22,2445
2014/09/23,2431
2014/09/25,2419
2014/09/26,2467
2014/09/29,2463
2014/09/30,2464
2014/10/01,2443
2014/10/02,2411
2014/10/03,2400
2014/10/06,2416
2014/10/07,2419
2014/10/08,2405
2014/10/09,2406
2014/10/10,2390
2014/10/13,2415
2014/10/14,2403
2014/10/15,2388
2014/10/16,2396
2014/10/17,2426
2014/10/20,2425
2014/10/21,2465
2014/10/22,2437
2014/10/23,2480
2014/10/24,2520
2014/10/27,2525
2014/10/28,2598
2014/10/29,2610
2014/10/30,2625
2014/10/31,2675
2014/11/03,2648
2014/11/04,2642
2014/11/05,2642
2014/11/06,2641
2014/11/07,2624
2014/11/10,2618
2014/11/11,2633
2014/11/12,2620
2014/11/13,2649
2014/11/14,2644
2014/11/17,2640
2014/11/18,2629
2014/11/19,2640
2014/11/20,2625
2014/11/21,2708
2014/11/24,2692
2014/11/25,2705
2014/11/26,2694
2014/11/27,2719
2014/11/28,2769
2014/12/01,2721
2014/12/02,2720
2014/12/03,2709
2014/12/04,2667
2014/12/05,2650
2014/12/08,2643
2014/12/09,2600
2014/12/10,2571
2014/12/11,2524
2014/12/12,2533
2014/12/15,2533
2014/12/17,2641
2014/12/18,2723
2014/12/19,2700
2014/12/22,2681
2014/12/23,2720
2014/12/24,2698
2014/12/29,2754
2014/12/30,2762
2014/12/31,2749
2015/01/02,2713
2015/01/05,2621
2015/01/06,2720
2015/01/07,2741
2015/01/08,2775
2015/01/09,2758
2015/01/12,2752
2015/01/13,2775
2015/01/14,2758
2015/01/15,2764
2015/01/16,2743
2015/01/19,2809
2015/01/20,2810
2015/01/21,2881
2015/01/22,2911
2015/01/23,2943
2015/01/26,3040
2015/01/27,2999
2015/01/28,3000
2015/01/29,2984
2015/01/30,2930
2015/02/02,2963
2015/02/03,2970
2015/02/04,2920
2015/02/05,2950
2015/02/06,2956
2015/02/09,2978
2015/02/10,2925
2015/02/11,2904
2015/02/12,2966
2015/02/13,2965
2015/02/16,2965
2015/02/17,2908
2015/02/18,2866
2015/02/19,2860
2015/02/20,2850
2015/02/23,2935
2015/02/24,2918
2015/02/25,2960
2015/02/26,2961
2015/02/27,2968
2015/03/02,2965
2015/03/03,2965
2015/03/04,2923
2015/03/05,2960
2015/03/06,2872
2015/03/09,2764
2015/03/10,2794
2015/03/11,2795
2015/03/12,2785
2015/03/13,2794
2015/03/16,2808
2015/03/17,2835
2015/03/18,2855
2015/03/19,2810
2015/03/20,2850
2015/03/23,2750
2015/03/24,2830
2015/03/25,2792
2015/03/26,2790
2015/03/27,2800
2015/03/30,2818
2015/03/31,2867
2015/04/01,2866
2015/04/02,2843
2015/04/07,2856
2015/04/08,2835
2015/04/09,2840
2015/04/10,2835
2015/04/13,2893
2015/04/14,2831
2015/04/15,2869
2015/04/16,2863
2015/04/17,2882
2015/04/20,2814
2015/04/21,2839
2015/04/22,2820
2015/04/23,2833
2015/04/24,2793
2015/04/28,2806
2015/04/29,2805
2015/04/30,2791
2015/05/04,2719
2015/05/05,2700
2015/05/06,2607
2015/05/07,2600
2015/05/08,2611
2015/05/11,2589
2015/05/12,2592
2015/05/13,2625
2015/05/14,2608
2015/05/15,2611
2015/05/18,2618
2015/05/19,2618
2015/05/20,2625
2015/05/21,2618
2015/05/22,2608
2015/05/25,2610
2015/05/26,2607
2015/05/27,2608
2015/05/28,2574
2015/05/29,2579
2015/06/01,2521
2015/06/02,2495
2015/06/03,2515
2015/06/04,2500
2015/06/05,2495
2015/06/08,2504
2015/06/09,2474
2015/06/10,2502
2015/06/11,2515
2015/06/12,2551
2015/06/15,2548
2015/06/17,2544
2015/06/18,2576
2015/06/19,2575
2015/06/22,2564
2015/06/23,2600
2015/06/24,2610
2015/06/25,2624
2015/06/26,2603
2015/06/29,2586
2015/06/30,2646
2015/07/01,2612
2015/07/02,2626
2015/07/03,2619
2015/07/06,2602
2015/07/07,2610
2015/07/08,2600
2015/07/09,2677
2015/07/10,2693
2015/07/13,2714
2015/07/14,2713
2015/07/15,2728
2015/07/16,2777
2015/07/17,2794
2015/07/20,2770
2015/07/21,2778
2015/07/22,2784
2015/07/23,2779
2015/07/24,2740
2015/07/27,2770
2015/07/28,2775
2015/07/29,2770
2015/07/30,2770
2015/07/31,2772
2015/08/03,2790
2015/08/04,2803
2015/08/05,2807
2015/08/06,2828
2015/08/07,2826
2015/08/11,2840
2015/08/12,2758
2015/08/13,2724
2015/08/14,2698
2015/08/17,2735
2015/08/18,2754
2015/08/19,2698
2015/08/20,2669
2015/08/21,2628
2015/08/24,2625
2015/08/25,2575
2015/08/26,2533
2015/08/27,2594
2015/08/28,2602
2015/08/31,2616
2015/09/01,2561
2015/09/02,2570
2015/09/03,2570
2015/09/04,2530
2015/09/07,2501
2015/09/08,2545
2015/09/09,2530
2015/09/10,2565
2015/09/11,2560
2015/09/14,2578
2015/09/15,2555
2015/09/16,2577
2015/09/17,2650
2015/09/18,2665
2015/09/21,2618
2015/09/22,2615
2015/09/23,2597
2015/09/25,2597
2015/09/28,2563
2015/09/29,2594
2015/09/30,2565
2015/10/01,2560
2015/10/02,2561
2015/10/05,2640
2015/10/06,2603
2015/10/07,2565
2015/10/08,2566
2015/10/09,2533
2015/10/12,2515
2015/10/13,2501
2015/10/14,2485
2015/10/15,2522
2015/10/16,2510
2015/10/19,2579
2015/10/20,2585
2015/10/21,2550
2015/10/22,2575
2015/10/23,2600
2015/10/26,2635
2015/10/27,2610
2015/10/28,2610
2015/10/29,2530
2015/10/30,2537
2015/11/02,2545
2015/11/03,2555
2015/11/04,2544
2015/11/05,2543
2015/11/06,2525
2015/11/09,2494
2015/11/10,2481
2015/11/11,2485
2015/11/12,2480
2015/11/13,2458
2015/11/16,2440
2015/11/17,2420
2015/11/18,2396
2015/11/19,2459
2015/11/20,2459
2015/11/23,2465
2015/11/24,2441
2015/11/25,2459
2015/11/26,2427
2015/11/27,2413
2015/11/30,2413
2015/12/01,2413
2015/12/02,2393
2015/12/03,2360
2015/12/04,2338
2015/12/07,2370
2015/12/08,2350
2015/12/09,2389
2015/12/10,2150
2015/12/11,1981
2015/12/14,2198
2015/12/15,2219
2015/12/17,2308
2015/12/18,2230
2015/12/21,2308
2015/12/22,2329
2015/12/23,2366
2015/12/24,2375
2015/12/28,2390
2015/12/29,2359
2015/12/30,2345
2015/12/31,2323
2016/01/04,2219
2016/01/05,2283
2016/01/06,2298
2016/01/07,2215
2016/01/08,2249
2016/01/11,2205
2016/01/12,2287
2016/01/13,2310
2016/01/14,2264
2016/01/15,2180
2016/01/18,2160
2016/01/19,2190
2016/01/20,2175
2016/01/21,2172
2016/01/22,2200
2016/01/25,2200
2016/01/26,2185
2016/01/27,2200
2016/01/28,2227
2016/01/29,2279
2016/02/01,2312
2016/02/02,2238
2016/02/03,2275
2016/02/04,2340
2016/02/05,2324
2016/02/08,2291
2016/02/09,2252
2016/02/10,2298
2016/02/11,2325
2016/02/12,2360
2016/02/15,2414
2016/02/16,2419
2016/02/17,2489
2016/02/18,2491
2016/02/19,2470
2016/02/22,2479
2016/02/23,2492
2016/02/24,2398
2016/02/25,2398
2016/02/26,2424
2016/02/29,2419
2016/03/01,2436
2016/03/02,2432
2016/03/03,2436
2016/03/04,2420
2016/03/07,2462
2016/03/08,2421
2016/03/09,2449
2016/03/10,2479
2016/03/11,2500
2016/03/14,2540
2016/03/15,2515
2016/03/16,2470
2016/03/17,2525
2016/03/18,2550
2016/03/22,2547
2016/03/23,2550
2016/03/24,2444
2016/03/29,2455
2016/03/30,2460
2016/03/31,2457
2016/04/01,2455
2016/04/04,2460
2016/04/05,2453
2016/04/06,2379
2016/04/07,2421
2016/04/08,2410
2016/04/11,2410
2016/04/12,2450
2016/04/13,2452
2016/04/14,2463
2016/04/15,2451
2016/04/18,2469
2016/04/19,2499
2016/04/20,2500
2016/04/21,2503
2016/04/22,2494
2016/04/25,2489
2016/04/26,2507
2016/04/28,2506
2016/04/29,2515
2016/05/03,2431
2016/05/04,2416
2016/05/05,2388
2016/05/06,2357
2016/05/09,2399
2016/05/10,2355
2016/05/11,2378
2016/05/12,2384
2016/05/13,2333
2016/05/16,2294
2016/05/17,2325
2016/05/18,2345
2016/05/19,2341
2016/05/20,2363
2016/05/23,2386
2016/05/24,2357
2016/05/25,2408
2016/05/26,2389
2016/05/27,2397
2016/05/30,2383
2016/05/31,2350
2016/06/01,2415
2016/06/02,2443
2016/06/03,2500
2016/06/06,2535
2016/06/07,2521
2016/06/08,2497
2016/06/09,2499
2016/06/10,2511
2016/06/13,2468
2016/06/14,2415
2016/06/15,2455
2016/06/17,2463
2016/06/20,2430
2016/06/21,2464
2016/06/22,2495
2016/06/23,2472
2016/06/24,2452
2016/06/27,2399
2016/06/28,2480
2016/06/29,2547
2016/06/30,2568
2016/07/01,2538
2016/07/04,2557
2016/07/05,2549
2016/07/06,2526
2016/07/07,2523
2016/07/08,2560
2016/07/11,2640
2016/07/12,2679
2016/07/13,2630
2016/07/14,2660
2016/07/15,2625
2016/07/18,2640
2016/07/19,2635
2016/07/20,2635
2016/07/21,2650
2016/07/22,2644
2016/07/25,2660
2016/07/26,2663
2016/07/27,2680
2016/07/28,2660
2016/07/29,2635
2016/08/01,2652
2016/08/02,2640
2016/08/04,2645
2016/08/05,2640
2016/08/08,2648
2016/08/10,2700
2016/08/11,2725
2016/08/12,2750
2016/08/15,2735
2016/08/16,2734
2016/08/17,2730
2016/08/18,2754
2016/08/19,2750
2016/08/22,2749
2016/08/23,2744
2016/08/24,2612
2016/08/25,2610
2016/08/26,2590
2016/08/29,2550
2016/08/30,2550
2016/08/31,2543
2016/09/01,2490
2016/09/02,2525
2016/09/05,2525
2016/09/06,2613
2016/09/07,2604
2016/09/08,2575
2016/09/09,2554
2016/09/12,2515
2016/09/13,2520
2016/09/14,2530
2016/09/15,2532
2016/09/16,2510
2016/09/19,2571
2016/09/20,2542
2016/09/21,2415
2016/09/22,2514
2016/09/23,2523
2016/09/26,2525
2016/09/27,2488
2016/09/28,2531
2016/09/29,2522
2016/09/30,2531
2016/10/03,2513
2016/10/04,2558
2016/10/05,2522
2016/10/06,2526
2016/10/07,2516
2016/10/10,2521
2016/10/11,2465
2016/10/12,2455
2016/10/13,2420
2016/10/14,2453
2016/10/17,2460
2016/10/18,2495
2016/10/19,2510
2016/10/20,2495
2016/10/21,2546
2016/10/24,2566
2016/10/25,2534
2016/10/26,2511
2016/10/27,2497
2016/10/28,2484
2016/10/31,2514
2016/11/01,2520
2016/11/02,2550
2016/11/03,2567
2016/11/04,2505
2016/11/07,2515
2016/11/08,2557
2016/11/09,2519
2016/11/10,2453
2016/11/11,2440
2016/11/14,2371
2016/11/15,2449
2016/11/16,2431
2016/11/17,2471
2016/11/18,2475
2016/11/21,2484
2016/11/22,2483
2016/11/23,2466
2016/11/24,2454
2016/11/25,2467
2016/11/28,2477
2016/11/29,2474
2016/11/30,2488
2016/12/01,2450
2016/12/02,2421
2016/12/05,2460
2016/12/06,2439
2016/12/07,2453
2016/12/08,2450
2016/12/09,2515
2016/12/12,2512
2016/12/13,2551
2016/12/14,2540
2016/12/15,2442
2016/12/19,2466
2016/12/20,2533
2016/12/21,2519
2016/12/22,2511
2016/12/23,2500
2016/12/28,2534
2016/12/29,2566
2016/12/30,2589
2017/01/03,2595
2017/01/04,2607
2017/01/05,2570
2017/01/06,2610
2017/01/09,2623
2017/01/10,2628
2017/01/11,2639
2017/01/12,2616
2017/01/13,2650
2017/01/16,2640
2017/01/17,2610
2017/01/18,2633
2017/01/19,2638
2017/01/20,2625
2017/01/23,2630
2017/01/24,2620
2017/01/25,2639
2017/01/26,2662
2017/01/27,2630
2017/01/30,2628
2017/01/31,2630
2017/02/01,2602
2017/02/02,2609
2017/02/03,2608
2017/02/06,2587
2017/02/07,2602
2017/02/08,2574
2017/02/09,2584
2017/02/10,2636
2017/02/13,2645
2017/02/14,2660
2017/02/15,2697
2017/02/16,2696
2017/02/17,2693
2017/02/20,2701
2017/02/21,2691
2017/02/22,2664
2017/02/23,2671
2017/02/24,2692
2017/02/27,2674
2017/02/28,2648
2017/03/01,2667
2017/03/02,2656
2017/03/03,2689
2017/03/06,2700
2017/03/07,2712
2017/03/08,2706
2017/03/09,2715
2017/03/10,2731
2017/03/13,2749
2017/03/14,2774
2017/03/15,2770
2017/03/16,2817
2017/03/17,2740
2017/03/20,2756
2017/03/22,2660
2017/03/23,2647
2017/03/24,2655
2017/03/27,2630
2017/03/28,2625
2017/03/29,2623
2017/03/30,2629
2017/03/31,2590
2017/04/03,2567
2017/04/04,2564
2017/04/05,2525
2017/04/06,2507
2017/04/07,2478
2017/04/10,2440
2017/04/11,2498
2017/04/12,2526
2017/04/13,2531
2017/04/18,2570
2017/04/19,2525
2017/04/20,2523
2017/04/21,2498
2017/04/24,2544
2017/04/25,2530
2017/04/26,2546
2017/04/28,2562
2017/05/02,2569
2017/05/03,2581
2017/05/04,2581
2017/05/05,2557
2017/05/08,2565
2017/05/09,2550
2017/05/10,2560
2017/05/11,2546
2017/05/12,2545
2017/05/15,2551
2017/05/16,2540
2017/05/17,2514
2017/05/18,2520
2017/05/19,2518
2017/05/22,2518
2017/05/23,2520
2017/05/24,2542
2017/05/25,2547
2017/05/26,2550
2017/05/29,2517
2017/05/30,2529
2017/05/31,2509
2017/06/01,2500
2017/06/02,2470
2017/06/05,2520
2017/06/06,2484
2017/06/07,2500
2017/06/08,2500
2017/06/09,2480
2017/06/12,2522
2017/06/13,2510
2017/06/14,2500
2017/06/15,2475
2017/06/19,2480
2017/06/20,2465
2017/06/21,2483
2017/06/22,2465
2017/06/23,2491
2017/06/26,2480
2017/06/27,2483
2017/06/28,2475
2017/06/29,2456
2017/06/30,2448
2017/07/03,2455
2017/07/04,2456
2017/07/05,2460
2017/07/06,2450
2017/07/07,2434
2017/07/10,2447
2017/07/11,2434
2017/07/12,2470
2017/07/13,2500
2017/07/14,2513
2017/07/17,2521
2017/07/18,2496
2017/07/19,2499
2017/07/20,2507
2017/07/21,2493
2017/07/24,2500
2017/07/25,2470
2017/07/26,2488
2017/07/27,2477
2017/07/28,2485
2017/07/31,2478
2017/08/01,2486
2017/08/02,2505
2017/08/03,2550
2017/08/04,2523
2017/08/07,2548
2017/08/08,2505
2017/08/10,2497
2017/08/11,2488
2017/08/14,2495
2017/08/15,2490
2017/08/16,2504
2017/08/17,2512
2017/08/18,2507
2017/08/21,2495
2017/08/22,2480
2017/08/23,2482
2017/08/24,2488
2017/08/25,2443
2017/08/28,2472
2017/08/29,2472
2017/08/30,2494
2017/08/31,2515
2017/09/01,2571
2017/09/04,2558
2017/09/05,2568
2017/09/06,2565
2017/09/07,2561
2017/09/08,2561
2017/09/11,2565
2017/09/12,2565
2017/09/13,2560
2017/09/14,2570
2017/09/15,2563
2017/09/18,2550
2017/09/19,2555
2017/09/20,2465
2017/09/21,2510
2017/09/22,2515
2017/09/26,2495
2017/09/27,2470
2017/09/28,2430
2017/09/29,2430
2017/10/02,2433
2017/10/03,2440
2017/10/04,2449
2017/10/05,2432
2017/10/06,2440
2017/10/09,2449
2017/10/10,2484
2017/10/11,2511
2017/10/12,2538
2017/10/13,2555
2017/10/16,2550
2017/10/17,2541
2017/10/18,2546
2017/10/19,2545
2017/10/20,2524
2017/10/23,2525
2017/10/24,2505
2017/10/25,2450
2017/10/26,2411
2017/10/27,2439
2017/10/30,2441
2017/10/31,2451
2017/11/01,2482
2017/11/02,2494
2017/11/03,2492
2017/11/06,2445
2017/11/07,2440
2017/11/08,2468
2017/11/09,2486
2017/11/10,2480
2017/11/13,2465
2017/11/14,2465
2017/11/15,2455
2017/11/16,2471
2017/11/17,2470
2017/11/20,2412
2017/11/21,2420
2017/11/22,2409
2017/11/23,2430
2017/11/24,2420
2017/11/27,2444
2017/11/28,2461
2017/11/29,2495
2017/11/30,2500
2017/12/01,2520
2017/12/04,2560
2017/12/05,2590
2017/12/06,2590
2017/12/07,2545
2017/12/08,2550
2017/12/11,2547
2017/12/12,2560
2017/12/13,2581
2017/12/14,2598
2017/12/15,2638
2017/12/18,2671
2017/12/19,2707
2017/12/20,2711
2017/12/21,2740
2017/12/22,2727
2017/12/27,2737
2017/12/28,2732
2017/12/29,2766
2018/01/02,2713
2018/01/03,2693
2018/01/04,2685
2018/01/05,2672
2018/01/08,2670
2018/01/09,2655
2018/01/10,2650
2018/01/11,2630
2018/01/12,2670
2018/01/15,2751
2018/01/16,2799
2018/01/17,2759
2018/01/18,2797
2018/01/19,2781
2018/01/22,2805
2018/01/23,2801
2018/01/24,2810
2018/01/25,2851
2018/01/26,2868
2018/01/29,2815
2018/01/30,2778
2018/01/31,2776
2018/02/01,2738
2018/02/02,2709
2018/02/05,2670
2018/02/06,2710
2018/02/07,2840
2018/02/08,2875
2018/02/09,2815
2018/02/12,2825
2018/02/13,2865
2018/02/14,2849
2018/02/15,2950
2018/02/16,2940
2018/02/19,2960
2018/02/20,2934
2018/02/21,2950
2018/02/22,2950
2018/02/23,2990
2018/02/26,2962
2018/02/27,2968
2018/02/28,2950
2018/03/01,3001
2018/03/02,3090
2018/03/05,3065
2018/03/06,3110
2018/03/07,3132
2018/03/08,3022
2018/03/09,3056
2018/03/12,3038
2018/03/13,3048
2018/03/14,3020
2018/03/15,2996
2018/03/16,2971
2018/03/19,3039
2018/03/20,2939
2018/03/22,2881
2018/03/23,2729
2018/03/26,2809
2018/03/27,2851
2018/03/28,2920
2018/03/29,2841
2018/04/03,2800
2018/04/04,2765
2018/04/05,2800
2018/04/06,2834
2018/04/09,2807
2018/04/10,2852
2018/04/11,2823
2018/04/12,2874
2018/04/13,2856
2018/04/16,2846
2018/04/17,2871
2018/04/18,2912
2018/04/19,2915
2018/04/20,2930
2018/04/23,2890
2018/04/24,2849
2018/04/25,2848
2018/04/26,2855
2018/04/30,2910
2018/05/02,2869
2018/05/03,2834
2018/05/04,2761
2018/05/07,2770
2018/05/08,2759
2018/05/09,2794
2018/05/10,2798
2018/05/11,2839
2018/05/14,2869
2018/05/15,2780
2018/05/16,2787
2018/05/17,2725
2018/05/18,2710
2018/05/21,2688
2018/05/22,2741
2018/05/23,2752
2018/05/24,2742
2018/05/25,2765
2018/05/28,2745
2018/05/29,2750
2018/05/30,2710
2018/05/31,2720
2018/06/01,2753
2018/06/04,2780
2018/06/05,2758
2018/06/06,2709
2018/06/07,2697
2018/06/08,2680
2018/06/11,2693
2018/06/12,2670
2018/06/13,2681
2018/06/14,2719
2018/06/15,2701
2018/06/18,2630
2018/06/19,2535
2018/06/20,2550
2018/06/21,2570
2018/06/22,2615
2018/06/25,2599
2018/06/26,2567
2018/06/27,2550
2018/06/28,2555
2018/06/29,2669
2018/07/02,2609
2018/07/03,2636
2018/07/04,2650
2018/07/05,2704
2018/07/06,2700
2018/07/09,2691
2018/07/10,2700
2018/07/11,2689
2018/07/12,2650
2018/07/13,2651
2018/07/16,2605
2018/07/17,2623
2018/07/18,2639
2018/07/19,2600
2018/07/20,2592
2018/07/23,2584
2018/07/24,2604
2018/07/25,2585
2018/07/26,2585
2018/07/27,2590
2018/07/30,2602
2018/07/31,2615
2018/08/01,2620
2018/08/02,2599
2018/08/03,2600
2018/08/06,2590
2018/08/07,2600
2018/08/08,2600
2018/08/10,2565
2018/08/13,2569
2018/08/14,2600
2018/08/15,2600
2018/08/16,2630
2018/08/17,2595
2018/08/20,2585
2018/08/21,2587
2018/08/22,2599
2018/08/23,2590
2018/08/24,2596
2018/08/27,2597
2018/08/28,2617
2018/08/29,2580
2018/08/30,2478
2018/08/31,2544
2018/09/03,2518
2018/09/04,2516
2018/09/05,2489
2018/09/06,2523
2018/09/07,2526
2018/09/10,2492
2018/09/11,2481
2018/09/12,2490
2018/09/13,2462
2018/09/14,2460
2018/09/17,2398
2018/09/18,2405
2018/09/19,2320
2018/09/20,2299
2018/09/21,2299
2018/09/25,2311
2018/09/26,2319
2018/09/27,2342
2018/09/28,2323
2018/10/01,2323
2018/10/02,2275
2018/10/03,2278
2018/10/04,2285
2018/10/05,2281
2018/10/08,2288
2018/10/09,2295
2018/10/10,2315
2018/10/11,2306
2018/10/12,2352
2018/10/15,2312
2018/10/16,2376
2018/10/17,2384
2018/10/18,2395
2018/10/19,2402
2018/10/22,2387
2018/10/23,2350
2018/10/24,2331
2018/10/25,2312
2018/10/26,2294
2018/10/29,2275
2018/10/30,2256
2018/10/31,2265
2018/11/01,2302
2018/11/02,2370
2018/11/05,2419
2018/11/06,2427
2018/11/07,2508
2018/11/08,2477
2018/11/09,2470
2018/11/12,2386
2018/11/13,2404
2018/11/14,2367
2018/11/15,2363
2018/11/16,2346
2018/11/19,2371
2018/11/20,2374
2018/11/21,2364
2018/11/22,2400
2018/11/23,2390
2018/11/26,2415
2018/11/27,2378
2018/11/28,2381
2018/11/29,2378
2018/11/30,2362
2018/12/03,2347
2018/12/04,2415
2018/12/05,2404
2018/12/06,2368
2018/12/07,2365
2018/12/10,2317
2018/12/11,2340
2018/12/12,2350
2018/12/13,2328
2018/12/14,2320
2018/12/18,2300
2018/12/19,2340
2018/12/20,2328
2018/12/21,2305
2018/12/24,2320
2018/12/27,2310
2018/12/28,2313
2018/12/31,2330
2019/01/02,2300
2019/01/03,2305
2019/01/04,2345
2019/01/07,2366
2019/01/08,2370
2019/01/09,2370
2019/01/10,2380
2019/01/11,2385
2019/01/14,2366
2019/01/15,2416
2019/01/16,2464
2019/01/17,2469
2019/01/18,2459
2019/01/21,2468
2019/01/22,2485
2019/01/23,2500
2019/01/24,2473
2019/01/25,2514
2019/01/28,2548
2019/01/29,2583
2019/01/30,2547
2019/01/31,2597
2019/02/01,2567
2019/02/04,2523
2019/02/05,2555
2019/02/06,2577
2019/02/07,2550
2019/02/08,2550
2019/02/11,2515
2019/02/12,2493
2019/02/13,2486
2019/02/14,2477
2019/02/15,2476
2019/02/18,2470
2019/02/19,2493
2019/02/20,2492
2019/02/21,2463
2019/02/22,2509
2019/02/25,2495
2019/02/26,2485
2019/02/27,2474
2019/02/28,2442
2019/03/01,2435
2019/03/04,2435
2019/03/05,2458
2019/03/06,2477
2019/03/07,2459
2019/03/08,2482
2019/03/11,2465
2019/03/12,2450
2019/03/13,2473
2019/03/14,2430
2019/03/15,2414
2019/03/18,2428
2019/03/19,2427
2019/03/20,2392
2019/03/22,2423
2019/03/25,2351
2019/03/26,2385
2019/03/27,2416
2019/03/28,2404
2019/03/29,2442
2019/04/01,2490
2019/04/02,2500
2019/04/03,2420
2019/04/04,2420
2019/04/05,2408
2019/04/08,2404
2019/04/09,2400
2019/04/10,2437
2019/04/11,2400
2019/04/12,2414
2019/04/15,2433
2019/04/16,2482
2019/04/17,2465
2019/04/18,2479
2019/04/23,2502
2019/04/24,2495
2019/04/25,2470
2019/04/26,2474
2019/04/29,2450
2019/04/30,2488
2019/05/02,2488
2019/05/03,2490
2019/05/06,2507
2019/05/07,2478
2019/05/09,2408
2019/05/10,2448
2019/05/13,2455
2019/05/14,2428
2019/05/15,2438
2019/05/16,2430
2019/05/17,2415
2019/05/20,2416
2019/05/21,2420
2019/05/22,2411
2019/05/23,2387
2019/05/24,2385
2019/05/27,2368
2019/05/28,2311
2019/05/29,2359
2019/05/30,2400
2019/05/31,2419
2019/06/03,2457
2019/06/04,2398
2019/06/05,2400
2019/06/06,2407
2019/06/07,2401
2019/06/10,2452
2019/06/11,2435
2019/06/12,2425
2019/06/13,2394
2019/06/14,2398
2019/06/18,2440
2019/06/19,2420
2019/06/20,2439
2019/06/21,2465
2019/06/24,2423
2019/06/25,2410
2019/06/26,2430
2019/06/27,2432
2019/06/28,2428
2019/07/01,2412
2019/07/02,2400
2019/07/03,2411
2019/07/04,2431
2019/07/05,2437
2019/07/08,2453
2019/07/09,2450
2019/07/10,2458
2019/07/11,2460
2019/07/12,2437
2019/07/15,2468
2019/07/16,2485
2019/07/17,2481
2019/07/18,2489
2019/07/19,2466
2019/07/22,2443
2019/07/23,2436
2019/07/24,2450
2019/07/25,2461
2019/07/26,2446
2019/07/29,2424
2019/07/30,2404
2019/07/31,2386
2019/08/01,2390
2019/08/02,2370
2019/08/05,2310
2019/08/06,2316
2019/08/07,2317
2019/08/08,2309
2019/08/12,2316
2019/08/13,2315
2019/08/14,2307
2019/08/15,2289
2019/08/16,2318
2019/08/19,2313
2019/08/20,2308
2019/08/21,2329
2019/08/22,2302
2019/08/23,2305
2019/08/26,2294
2019/08/27,2291
2019/08/28,2299
2019/08/29,2288
2019/08/30,2300
2019/09/02,2293
2019/09/03,2321
2019/09/04,2350
2019/09/05,2340
2019/09/06,2375
2019/09/09,2350
2019/09/10,2350
2019/09/11,2288
2019/09/12,2315
2019/09/13,2339
2019/09/16,2407
2019/09/17,2411
2019/09/18,2425
2019/09/19,2393
2019/09/20,2377
2019/09/23,2353
2019/09/25,2319
2019/09/26,2360
2019/09/27,2336
2019/09/30,2310
2019/10/01,2313
2019/10/02,2217
2019/10/03,2174
2019/10/04,2219
2019/10/07,2224
2019/10/08,2254
2019/10/09,2233
2019/10/10,2246
2019/10/11,2263
2019/10/14,2277
2019/10/15,2268
2019/10/16,2285
2019/10/17,2266
2019/10/18,2274
2019/10/21,2258
2019/10/22,2289
2019/10/23,2259
2019/10/24,2258
2019/10/25,2228
2019/10/28,2230
2019/10/29,2202
2019/10/30,2201
2019/10/31,2211
2019/11/01,2215
2019/11/04,2265
2019/11/05,2275
2019/11/06,2240
2019/11/07,2254
2019/11/08,2309
2019/11/11,2297
2019/11/12,2269
2019/11/13,2275
2019/11/14,2286
2019/11/15,2271
2019/11/18,2287
2019/11/19,2275
2019/11/20,2295
2019/11/21,2275
2019/11/22,2284
2019/11/25,2280
2019/11/26,2258
2019/11/27,2281
2019/11/28,2280
2019/11/29,2281
2019/12/02,2255
2019/12/03,2251
2019/12/04,2251
2019/12/05,2233
2019/12/06,2254
2019/12/09,2258
2019/12/10,2264
2019/12/11,2249
2019/12/12,2237
2019/12/13,2222
2019/12/17,2195
2019/12/18,2212
2019/12/19,2218
2019/12/20,2212
2019/12/23,2215
2019/12/24,2210
2019/12/27,2220
2019/12/30,2233
2019/12/31,2211
2020/01/02,2241
2020/01/03,2230
2020/01/06,2209
2020/01/07,2223
2020/01/08,2198
2020/01/09,2202
2020/01/10,2211
2020/01/13,2195
2020/01/14,2202
2020/01/15,2203
2020/01/16,2211
2020/01/17,2206
2020/01/20,2173
2020/01/21,2158
2020/01/22,2137
2020/01/23,2117
2020/01/24,2117
2020/01/27,2105
2020/01/28,2069
2020/01/29,2105
2020/01/30,2120
2020/01/31,2109
2020/02/03,2074
2020/02/04,2100
2020/02/05,2071
2020/02/06,2083
2020/02/07,2078
2020/02/10,2057
2020/02/11,2040
2020/02/12,2018
2020/02/13,2022
2020/02/14,2032
2020/02/17,2029
2020/02/18,2020
2020/02/19,1994
2020/02/20,1979
2020/02/21,1943
2020/02/24,1890
2020/02/25,1863
2020/02/26,1912
2020/02/27,1829
2020/02/28,1760
2020/03/02,1768
2020/03/03,1808
2020/03/04,1844
2020/03/05,1834
2020/03/06,1802
2020/03/09,1762
2020/03/10,1765
2020/03/11,1744
2020/03/12,1570
2020/03/13,1516
2020/03/16,1305
2020/03/17,1244
2020/03/18,1116
2020/03/19,1186
2020/03/20,1312
2020/03/23,1087
2020/03/24,1076
2020/03/25,1230
2020/03/26,1265
2020/03/27,1148
2020/03/30,1164
2020/03/31,1287
2020/04/01,1156
2020/04/02,1189
2020/04/03,1091
2020/04/06,1112
2020/04/07,1250
2020/04/08,1235
2020/04/09,1375
2020/04/14,1520
2020/04/15,1455
2020/04/16,1408
2020/04/17,1398
2020/04/20,1385
2020/04/21,1368
2020/04/22,1300
2020/04/23,1318
2020/04/24,1290
2020/04/28,1340
2020/04/29,1359
2020/04/30,1393
2020/05/04,1335
2020/05/05,1324
2020/05/06,1317
2020/05/07,1349
2020/05/08,1366
2020/05/11,1326
2020/05/12,1336
2020/05/13,1296
2020/05/14,1232
2020/05/15,1220
2020/05/18,1299
2020/05/19,1313
2020/05/20,1269
2020/05/21,1290
2020/05/22,1263
2020/05/25,1244
2020/05/26,1284
2020/05/27,1277
2020/05/28,1261
2020/05/29,1248
2020/06/01,1216
2020/06/02,1353
2020/06/03,1445
2020/06/04,1487
2020/06/05,1490
2020/06/08,1573
2020/06/09,1545
2020/06/10,1496
2020/06/11,1457
2020/06/12,1493
2020/06/15,1456
2020/06/17,1477
2020/06/18,1477
2020/06/19,1471
2020/06/22,1458
2020/06/23,1414
2020/06/24,1405
2020/06/25,1416
2020/06/26,1386
2020/06/29,1399
2020/06/30,1335
2020/07/01,1371
2020/07/02,1459
2020/07/03,1475
2020/07/06,1455
2020/07/07,1460
2020/07/08,1409
2020/07/09,1417
2020/07/10,1410
2020/07/13,1472
2020/07/14,1456
2020/07/15,1442
2020/07/16,1448
2020/07/17,1428
2020/07/20,1424
2020/07/21,1405
2020/07/22,1376
2020/07/23,1360
2020/07/24,1354
2020/07/27,1335
2020/07/28,1341
2020/07/29,1372
2020/07/30,1382
2020/07/31,1329
