Date,MRP
2000/01/04,700
2000/01/05,700
2000/01/06,700
2000/01/07,705
2000/01/10,720
2000/01/11,720
2000/01/12,730
2000/01/13,735
2000/01/14,750
2000/01/17,735
2000/01/18,715
2000/01/19,715
2000/01/20,730
2000/01/21,730
2000/01/24,730
2000/01/25,732
2000/01/26,740
2000/01/27,755
2000/01/28,750
2000/01/31,745
2000/02/01,740
2000/02/02,740
2000/02/03,745
2000/02/04,750
2000/02/07,750
2000/02/08,760
2000/02/09,770
2000/02/10,760
2000/02/11,760
2000/02/14,760
2000/02/15,730
2000/02/16,730
2000/02/17,730
2000/02/18,760
2000/02/21,760
2000/02/22,715
2000/02/23,715
2000/02/24,718
2000/02/25,710
2000/02/28,711
2000/02/29,715
2000/03/01,720
2000/03/02,695
2000/03/03,700
2000/03/06,695
2000/03/07,690
2000/03/08,679
2000/03/09,650
2000/03/10,640
2000/03/13,625
2000/03/14,641
2000/03/15,642
2000/03/16,680
2000/03/17,685
2000/03/20,700
2000/03/22,700
2000/03/23,700
2000/03/24,698
2000/03/27,685
2000/03/28,684
2000/03/29,684
2000/03/30,684
2000/03/31,683
2000/04/03,670
2000/04/04,665
2000/04/05,606
2000/04/06,610
2000/04/07,580
2000/04/10,575
2000/04/11,550
2000/04/12,550
2000/04/13,545
2000/04/14,555
2000/04/17,500
2000/04/18,505
2000/04/19,525
2000/04/20,520
2000/04/25,521
2000/04/26,530
2000/04/28,530
2000/05/02,530
2000/05/03,555
2000/05/04,552
2000/05/05,561
2000/05/08,568
2000/05/09,580
2000/05/10,585
2000/05/11,585
2000/05/12,600
2000/05/15,600
2000/05/16,605
2000/05/17,600
2000/05/18,600
2000/05/19,600
2000/05/22,600
2000/05/23,600
2000/05/24,600
2000/05/25,590
2000/05/26,590
2000/05/29,595
2000/05/30,596
2000/05/31,630
2000/06/01,630
2000/06/02,635
2000/06/05,640
2000/06/06,650
2000/06/07,660
2000/06/08,660
2000/06/09,660
2000/06/12,651
2000/06/13,700
2000/06/14,700
2000/06/15,780
2000/06/19,781
2000/06/20,775
2000/06/21,775
2000/06/22,770
2000/06/23,762
2000/06/26,700
2000/06/27,700
2000/06/28,695
2000/06/29,680
2000/06/30,678
2000/07/03,670
2000/07/04,670
2000/07/05,660
2000/07/06,655
2000/07/07,650
2000/07/10,660
2000/07/11,660
2000/07/12,660
2000/07/13,650
2000/07/14,650
2000/07/17,650
2000/07/18,650
2000/07/19,650
2000/07/20,650
2000/07/21,670
2000/07/24,660
2000/07/25,660
2000/07/26,660
2000/07/27,640
2000/07/28,639
2000/07/31,600
2000/08/01,601
2000/08/02,601
2000/08/03,601
2000/08/04,585
2000/08/07,585
2000/08/08,550
2000/08/10,551
2000/08/11,555
2000/08/14,585
2000/08/15,610
2000/08/16,610
2000/08/17,630
2000/08/18,630
2000/08/21,625
2000/08/22,620
2000/08/23,630
2000/08/24,625
2000/08/25,625
2000/08/28,620
2000/08/29,619
2000/08/30,615
2000/08/31,615
2000/09/01,620
2000/09/04,620
2000/09/05,630
2000/09/06,620
2000/09/07,610
2000/09/08,600
2000/09/11,592
2000/09/12,600
2000/09/13,605
2000/09/14,610
2000/09/15,625
2000/09/18,625
2000/09/19,630
2000/09/20,641
2000/09/21,650
2000/09/22,660
2000/09/26,660
2000/09/27,680
2000/09/28,650
2000/09/29,630
2000/10/02,635
2000/10/03,610
2000/10/04,605
2000/10/05,610
2000/10/06,610
2000/10/09,595
2000/10/10,590
2000/10/11,595
2000/10/12,595
2000/10/13,585
2000/10/16,585
2000/10/17,560
2000/10/18,555
2000/10/19,560
2000/10/20,570
2000/10/23,576
2000/10/24,575
2000/10/25,573
2000/10/26,573
2000/10/27,#N/A
2000/10/30,600
2000/10/31,600
2000/11/01,600
2000/11/02,595
2000/11/03,600
2000/11/06,600
2000/11/07,580
2000/11/08,580
2000/11/09,570
2000/11/10,565
2000/11/13,510
2000/11/14,503
2000/11/15,480
2000/11/16,460
2000/11/17,475
2000/11/20,505
2000/11/21,350
2000/11/22,330
2000/11/23,325
2000/11/24,330
2000/11/27,350
2000/11/28,350
2000/11/29,320
2000/11/30,325
2000/12/01,330
2000/12/04,325
2000/12/06,340
2000/12/07,345
2000/12/08,350
2000/12/11,355
2000/12/12,360
2000/12/13,355
2000/12/14,350
2000/12/15,355
2000/12/18,355
2000/12/19,355
2000/12/20,341
2000/12/21,345
2000/12/22,340
2000/12/27,345
2000/12/28,365
2000/12/29,368
2001/01/02,375
2001/01/03,388
2001/01/04,390
2001/01/05,385
2001/01/08,400
2001/01/09,400
2001/01/10,430
2001/01/11,440
2001/01/12,430
2001/01/15,430
2001/01/16,430
2001/01/17,420
2001/01/18,428
2001/01/19,431
2001/01/22,431
2001/01/23,420
2001/01/24,430
2001/01/25,430
2001/01/26,430
2001/01/29,430
2001/01/30,435
2001/01/31,430
2001/02/01,410
2001/02/02,359
2001/02/05,331
2001/02/06,340
2001/02/07,340
2001/02/08,331
2001/02/09,330
2001/02/12,331
2001/02/13,335
2001/02/14,329
2001/02/15,322
2001/02/16,320
2001/02/19,316
2001/02/20,310
2001/02/21,310
2001/02/22,310
2001/02/23,310
2001/02/26,301
2001/02/27,305
2001/02/28,304
2001/03/01,300
2001/03/02,255
2001/03/05,270
2001/03/06,310
2001/03/07,300
2001/03/08,283
2001/03/09,278
2001/03/12,276
2001/03/13,270
2001/03/14,255
2001/03/15,255
2001/03/16,256
2001/03/19,265
2001/03/20,260
2001/03/22,250
2001/03/23,251
2001/03/26,265
2001/03/27,270
2001/03/28,280
2001/03/29,279
2001/03/30,280
2001/04/02,280
2001/04/03,275
2001/04/04,271
2001/04/05,275
2001/04/06,280
2001/04/09,275
2001/04/10,270
2001/04/11,270
2001/04/12,270
2001/04/17,270
2001/04/18,275
2001/04/19,280
2001/04/20,285
2001/04/23,290
2001/04/24,286
2001/04/25,285
2001/04/26,282
2001/04/30,285
2001/05/02,285
2001/05/03,290
2001/05/04,293
2001/05/07,300
2001/05/08,310
2001/05/09,310
2001/05/10,300
2001/05/11,295
2001/05/14,290
2001/05/15,296
2001/05/16,298
2001/05/17,308
2001/05/18,310
2001/05/21,310
2001/05/22,310
2001/05/23,306
2001/05/24,305
2001/05/25,305
2001/05/28,303
2001/05/29,300
2001/05/30,305
2001/05/31,324
2001/06/01,330
2001/06/04,345
2001/06/05,370
2001/06/06,370
2001/06/07,366
2001/06/08,371
2001/06/11,391
2001/06/12,400
2001/06/13,402
2001/06/14,410
2001/06/15,450
2001/06/18,441
2001/06/19,450
2001/06/20,405
2001/06/21,405
2001/06/22,405
2001/06/25,406
2001/06/26,406
2001/06/27,406
2001/06/28,406
2001/06/29,406
2001/07/02,406
2001/07/03,406
2001/07/04,415
2001/07/05,411
2001/07/06,412
2001/07/09,413
2001/07/10,416
2001/07/11,416
2001/07/12,416
2001/07/13,415
2001/07/16,416
2001/07/17,412
2001/07/18,413
2001/07/19,413
2001/07/20,416
2001/07/23,424
2001/07/24,440
2001/07/25,435
2001/07/26,425
2001/07/27,425
2001/07/30,420
2001/07/31,420
2001/08/01,430
2001/08/02,435
2001/08/03,440
2001/08/06,453
2001/08/07,453
2001/08/08,450
2001/08/10,455
2001/08/13,460
2001/08/14,460
2001/08/15,475
2001/08/16,485
2001/08/17,500
2001/08/20,500
2001/08/21,500
2001/08/22,505
2001/08/23,515
2001/08/24,520
2001/08/27,540
2001/08/28,540
2001/08/29,526
2001/08/30,501
2001/08/31,500
2001/09/03,500
2001/09/04,501
2001/09/05,501
2001/09/06,500
2001/09/07,500
2001/09/10,500
2001/09/11,500
2001/09/12,475
2001/09/13,470
2001/09/14,470
2001/09/17,450
2001/09/18,453
2001/09/19,455
2001/09/20,455
2001/09/21,455
2001/09/25,460
2001/09/26,470
2001/09/27,480
2001/09/28,490
2001/10/01,480
2001/10/02,480
2001/10/03,480
2001/10/04,480
2001/10/05,490
2001/10/08,490
2001/10/09,490
2001/10/10,490
2001/10/11,500
2001/10/12,501
2001/10/15,506
2001/10/16,510
2001/10/17,511
2001/10/18,500
2001/10/19,500
2001/10/22,500
2001/10/23,485
2001/10/24,480
2001/10/25,485
2001/10/26,485
2001/10/29,470
2001/10/30,465
2001/10/31,460
2001/11/01,460
2001/11/02,460
2001/11/05,460
2001/11/06,465
2001/11/07,481
2001/11/08,486
2001/11/09,501
2001/11/12,506
2001/11/13,510
2001/11/14,510
2001/11/15,525
2001/11/16,520
2001/11/19,513
2001/11/20,510
2001/11/21,509
2001/11/22,500
2001/11/23,515
2001/11/26,516
2001/11/27,518
2001/11/28,520
2001/11/29,520
2001/11/30,531
2001/12/03,520
2001/12/04,520
2001/12/05,520
2001/12/06,515
2001/12/07,515
2001/12/10,510
2001/12/11,490
2001/12/12,490
2001/12/13,485
2001/12/14,490
2001/12/18,485
2001/12/19,485
2001/12/20,490
2001/12/21,490
2001/12/24,490
2001/12/27,490
2001/12/28,480
2001/12/31,475
2002/01/02,480
2002/01/03,480
2002/01/04,490
2002/01/07,480
2002/01/08,476
2002/01/09,490
2002/01/10,490
2002/01/11,490
2002/01/14,495
2002/01/15,470
2002/01/16,460
2002/01/17,440
2002/01/18,430
2002/01/21,430
2002/01/22,435
2002/01/23,443
2002/01/24,460
2002/01/25,460
2002/01/28,465
2002/01/29,465
2002/01/30,460
2002/01/31,460
2002/02/01,450
2002/02/04,450
2002/02/05,450
2002/02/06,450
2002/02/07,450
2002/02/08,440
2002/02/11,430
2002/02/12,435
2002/02/13,438
2002/02/14,430
2002/02/15,432
2002/02/18,433
2002/02/19,460
2002/02/20,460
2002/02/21,459
2002/02/22,440
2002/02/25,440
2002/02/26,450
2002/02/27,440
2002/02/28,445
2002/03/01,445
2002/03/04,450
2002/03/05,450
2002/03/06,450
2002/03/07,445
2002/03/08,445
2002/03/11,445
2002/03/12,445
2002/03/13,445
2002/03/14,445
2002/03/15,440
2002/03/18,440
2002/03/19,436
2002/03/20,450
2002/03/22,440
2002/03/25,450
2002/03/26,450
2002/03/27,450
2002/03/28,450
2002/04/02,450
2002/04/03,450
2002/04/04,455
2002/04/05,450
2002/04/08,450
2002/04/09,450
2002/04/10,465
2002/04/11,465
2002/04/12,450
2002/04/15,450
2002/04/16,460
2002/04/17,470
2002/04/18,465
2002/04/19,445
2002/04/22,448
2002/04/23,450
2002/04/24,450
2002/04/25,435
2002/04/26,441
2002/04/29,430
2002/04/30,430
2002/05/02,440
2002/05/03,440
2002/05/06,480
2002/05/07,445
2002/05/08,455
2002/05/09,445
2002/05/10,449
2002/05/13,445
2002/05/14,450
2002/05/15,450
2002/05/16,450
2002/05/17,480
2002/05/20,470
2002/05/21,490
2002/05/22,485
2002/05/23,495
2002/05/24,485
2002/05/27,498
2002/05/28,489
2002/05/29,510
2002/05/30,540
2002/05/31,569
2002/06/03,555
2002/06/04,545
2002/06/05,540
2002/06/06,540
2002/06/07,535
2002/06/10,539
2002/06/11,545
2002/06/12,545
2002/06/13,550
2002/06/14,540
2002/06/18,534
2002/06/19,535
2002/06/20,540
2002/06/21,520
2002/06/24,520
2002/06/25,514
2002/06/26,490
2002/06/27,480
2002/06/28,495
2002/07/01,495
2002/07/02,492
2002/07/03,485
2002/07/04,490
2002/07/05,490
2002/07/08,495
2002/07/09,510
2002/07/10,515
2002/07/11,515
2002/07/12,515
2002/07/15,515
2002/07/16,519
2002/07/17,519
2002/07/18,500
2002/07/19,480
2002/07/22,485
2002/07/23,491
2002/07/24,465
2002/07/25,455
2002/07/26,445
2002/07/29,475
2002/07/30,515
2002/07/31,510
2002/08/01,500
2002/08/02,500
2002/08/05,495
2002/08/06,490
2002/08/07,490
2002/08/08,500
2002/08/12,500
2002/08/13,500
2002/08/14,500
2002/08/15,500
2002/08/16,500
2002/08/19,500
2002/08/20,480
2002/08/21,500
2002/08/22,510
2002/08/23,520
2002/08/26,525
2002/08/27,520
2002/08/28,525
2002/08/29,525
2002/08/30,520
2002/09/02,520
2002/09/03,520
2002/09/04,518
2002/09/05,515
2002/09/06,514
2002/09/09,510
2002/09/10,515
2002/09/11,515
2002/09/12,523
2002/09/13,520
2002/09/16,510
2002/09/17,500
2002/09/18,500
2002/09/19,510
2002/09/20,500
2002/09/23,500
2002/09/25,505
2002/09/26,500
2002/09/27,500
2002/09/30,500
2002/10/01,505
2002/10/02,510
2002/10/03,510
2002/10/04,510
2002/10/07,520
2002/10/08,520
2002/10/09,510
2002/10/10,510
2002/10/11,510
2002/10/14,505
2002/10/15,510
2002/10/16,510
2002/10/17,521
2002/10/18,530
2002/10/21,530
2002/10/22,520
2002/10/23,525
2002/10/24,520
2002/10/25,515
2002/10/28,520
2002/10/29,530
2002/10/30,530
2002/10/31,530
2002/11/01,530
2002/11/04,525
2002/11/05,540
2002/11/06,550
2002/11/07,525
2002/11/08,525
2002/11/11,525
2002/11/12,555
2002/11/13,570
2002/11/14,585
2002/11/15,600
2002/11/18,600
2002/11/19,590
2002/11/20,593
2002/11/21,590
2002/11/22,590
2002/11/25,589
2002/11/26,590
2002/11/27,590
2002/11/28,590
2002/11/29,580
2002/12/02,586
2002/12/03,580
2002/12/04,570
2002/12/05,561
2002/12/06,566
2002/12/09,578
2002/12/10,585
2002/12/11,582
2002/12/12,585
2002/12/13,590
2002/12/17,600
2002/12/18,625
2002/12/19,630
2002/12/20,625
2002/12/23,625
2002/12/24,623
2002/12/27,623
2002/12/30,590
2002/12/31,600
2003/01/02,600
2003/01/03,595
2003/01/06,595
2003/01/07,600
2003/01/08,595
2003/01/09,594
2003/01/10,595
2003/01/13,585
2003/01/14,600
2003/01/15,595
2003/01/16,600
2003/01/17,595
2003/01/20,595
2003/01/21,596
2003/01/22,600
2003/01/23,595
2003/01/24,590
2003/01/27,570
2003/01/28,555
2003/01/29,545
2003/01/30,560
2003/01/31,560
2003/02/03,560
2003/02/04,565
2003/02/05,545
2003/02/06,540
2003/02/07,550
2003/02/10,545
2003/02/11,550
2003/02/12,540
2003/02/13,540
2003/02/14,530
2003/02/17,540
2003/02/18,545
2003/02/19,500
2003/02/20,520
2003/02/21,525
2003/02/24,525
2003/02/25,526
2003/02/26,514
2003/02/27,500
2003/02/28,490
2003/03/03,490
2003/03/04,480
2003/03/05,480
2003/03/06,475
2003/03/07,480
2003/03/10,480
2003/03/11,460
2003/03/12,460
2003/03/13,458
2003/03/14,465
2003/03/17,460
2003/03/18,460
2003/03/19,470
2003/03/20,480
2003/03/24,472
2003/03/25,472
2003/03/26,460
2003/03/27,455
2003/03/28,455
2003/03/31,460
2003/04/01,460
2003/04/02,480
2003/04/03,480
2003/04/04,480
2003/04/07,495
2003/04/08,495
2003/04/09,495
2003/04/10,495
2003/04/11,490
2003/04/14,490
2003/04/15,490
2003/04/16,485
2003/04/17,485
2003/04/22,500
2003/04/23,470
2003/04/24,471
2003/04/25,470
2003/04/29,465
2003/04/30,470
2003/05/02,470
2003/05/05,480
2003/05/06,475
2003/05/07,490
2003/05/08,495
2003/05/09,500
2003/05/12,520
2003/05/13,527
2003/05/14,519
2003/05/15,520
2003/05/16,500
2003/05/19,500
2003/05/20,500
2003/05/21,525
2003/05/22,520
2003/05/23,520
2003/05/26,545
2003/05/27,530
2003/05/28,540
2003/05/29,521
2003/05/30,525
2003/06/02,525
2003/06/03,527
2003/06/04,535
2003/06/05,531
2003/06/06,535
2003/06/09,510
2003/06/10,525
2003/06/11,525
2003/06/12,536
2003/06/13,545
2003/06/17,560
2003/06/18,566
2003/06/19,550
2003/06/20,559
2003/06/23,550
2003/06/24,535
2003/06/25,531
2003/06/26,533
2003/06/27,533
2003/06/30,550
2003/07/01,550
2003/07/02,550
2003/07/03,550
2003/07/04,550
2003/07/07,545
2003/07/08,556
2003/07/09,555
2003/07/10,560
2003/07/11,575
2003/07/14,590
2003/07/15,585
2003/07/16,585
2003/07/17,585
2003/07/18,583
2003/07/21,590
2003/07/22,595
2003/07/23,605
2003/07/24,615
2003/07/25,630
2003/07/28,620
2003/07/29,640
2003/07/30,640
2003/07/31,640
2003/08/01,630
2003/08/04,635
2003/08/05,630
2003/08/06,635
2003/08/07,640
2003/08/08,640
2003/08/11,650
2003/08/12,660
2003/08/13,649
2003/08/14,660
2003/08/15,650
2003/08/18,655
2003/08/19,670
2003/08/20,671
2003/08/21,680
2003/08/22,680
2003/08/25,680
2003/08/26,675
2003/08/27,680
2003/08/28,680
2003/08/29,690
2003/09/01,685
2003/09/02,685
2003/09/03,680
2003/09/04,680
2003/09/05,700
2003/09/08,695
2003/09/09,680
2003/09/10,675
2003/09/11,675
2003/09/12,675
2003/09/15,670
2003/09/16,675
2003/09/17,675
2003/09/18,675
2003/09/19,675
2003/09/22,665
2003/09/23,660
2003/09/25,655
2003/09/26,655
2003/09/29,651
2003/09/30,650
2003/10/01,650
2003/10/02,650
2003/10/03,660
2003/10/06,670
2003/10/07,655
2003/10/08,660
2003/10/09,680
2003/10/10,685
2003/10/13,685
2003/10/14,680
2003/10/15,680
2003/10/16,675
2003/10/17,680
2003/10/20,675
2003/10/21,680
2003/10/22,680
2003/10/23,680
2003/10/24,670
2003/10/27,675
2003/10/28,680
2003/10/29,700
2003/10/30,720
2003/10/31,720
2003/11/03,720
2003/11/04,720
2003/11/05,720
2003/11/06,720
2003/11/07,710
2003/11/10,720
2003/11/11,720
2003/11/12,730
2003/11/13,740
2003/11/14,735
2003/11/17,730
2003/11/18,775
2003/11/19,769
2003/11/20,725
2003/11/21,695
2003/11/24,680
2003/11/25,680
2003/11/26,690
2003/11/27,705
2003/11/28,710
2003/12/01,710
2003/12/02,700
2003/12/03,715
2003/12/04,700
2003/12/05,707
2003/12/08,702
2003/12/09,710
2003/12/10,720
2003/12/11,735
2003/12/12,735
2003/12/15,740
2003/12/17,750
2003/12/18,755
2003/12/19,770
2003/12/22,785
2003/12/23,780
2003/12/24,790
2003/12/29,790
2003/12/30,777
2003/12/31,777
2004/01/02,777
2004/01/05,780
2004/01/06,760
2004/01/07,780
2004/01/08,775
2004/01/09,765
2004/01/12,750
2004/01/13,715
2004/01/14,725
2004/01/15,730
2004/01/16,744
2004/01/19,721
2004/01/20,730
2004/01/21,730
2004/01/22,735
2004/01/23,740
2004/01/26,755
2004/01/27,740
2004/01/28,735
2004/01/29,730
2004/01/30,730
2004/02/02,725
2004/02/03,720
2004/02/04,720
2004/02/05,715
2004/02/06,705
2004/02/09,705
2004/02/10,705
2004/02/11,700
2004/02/12,700
2004/02/13,700
2004/02/16,710
2004/02/17,710
2004/02/18,710
2004/02/19,705
2004/02/20,710
2004/02/23,710
2004/02/24,715
2004/02/25,710
2004/02/26,710
2004/02/27,715
2004/03/01,720
2004/03/02,722
2004/03/03,730
2004/03/04,729
2004/03/05,728
2004/03/08,728
2004/03/09,720
2004/03/10,715
2004/03/11,710
2004/03/12,705
2004/03/15,706
2004/03/16,710
2004/03/17,710
2004/03/18,715
2004/03/19,722
2004/03/23,722
2004/03/24,736
2004/03/25,760
2004/03/26,770
2004/03/29,755
2004/03/30,765
2004/03/31,795
2004/04/01,775
2004/04/02,795
2004/04/05,791
2004/04/06,792
2004/04/07,795
2004/04/08,810
2004/04/13,816
2004/04/15,818
2004/04/16,820
2004/04/19,820
2004/04/20,814
2004/04/21,800
2004/04/22,800
2004/04/23,790
2004/04/26,798
2004/04/28,780
2004/04/29,785
2004/04/30,790
2004/05/03,780
2004/05/04,785
2004/05/05,780
2004/05/06,785
2004/05/07,785
2004/05/10,780
2004/05/11,785
2004/05/12,780
2004/05/13,781
2004/05/14,780
2004/05/17,760
2004/05/18,760
2004/05/19,765
2004/05/20,750
2004/05/21,750
2004/05/24,761
2004/05/25,755
2004/05/26,775
2004/05/27,780
2004/05/28,790
2004/05/31,805
2004/06/01,820
2004/06/02,820
2004/06/03,820
2004/06/04,805
2004/06/07,810
2004/06/08,810
2004/06/09,810
2004/06/10,810
2004/06/11,815
2004/06/14,810
2004/06/15,810
2004/06/17,811
2004/06/18,820
2004/06/21,795
2004/06/22,785
2004/06/23,800
2004/06/24,800
2004/06/25,810
2004/06/28,815
2004/06/29,810
2004/06/30,810
2004/07/01,815
2004/07/02,815
2004/07/05,815
2004/07/06,814
2004/07/07,825
2004/07/08,830
2004/07/09,815
2004/07/12,810
2004/07/13,810
2004/07/14,825
2004/07/15,830
2004/07/16,825
2004/07/19,825
2004/07/20,825
2004/07/21,825
2004/07/22,825
2004/07/23,825
2004/07/26,825
2004/07/27,825
2004/07/28,824
2004/07/29,825
2004/07/30,825
2004/08/02,822
2004/08/03,820
2004/08/04,814
2004/08/05,800
2004/08/06,799
2004/08/10,800
2004/08/11,790
2004/08/12,800
2004/08/13,795
2004/08/16,795
2004/08/17,781
2004/08/18,770
2004/08/19,798
2004/08/20,785
2004/08/23,780
2004/08/24,785
2004/08/25,795
2004/08/26,790
2004/08/27,790
2004/08/30,790
2004/08/31,800
2004/09/01,820
2004/09/02,820
2004/09/03,840
2004/09/06,837
2004/09/07,835
2004/09/08,825
2004/09/09,835
2004/09/10,830
2004/09/13,821
2004/09/14,810
2004/09/15,816
2004/09/16,819
2004/09/17,829
2004/09/20,825
2004/09/21,825
2004/09/22,850
2004/09/23,840
2004/09/27,845
2004/09/28,869
2004/09/29,885
2004/09/30,890
2004/10/01,900
2004/10/04,900
2004/10/05,910
2004/10/06,890
2004/10/07,880
2004/10/08,864
2004/10/11,855
2004/10/12,840
2004/10/13,846
2004/10/14,850
2004/10/15,860
2004/10/18,870
2004/10/19,875
2004/10/20,875
2004/10/21,880
2004/10/22,880
2004/10/25,880
2004/10/26,880
2004/10/27,899
2004/10/28,891
2004/10/29,900
2004/11/01,960
2004/11/02,975
2004/11/03,990
2004/11/04,980
2004/11/05,990
2004/11/08,990
2004/11/09,1026
2004/11/10,1050
2004/11/11,1075
2004/11/12,1090
2004/11/15,1080
2004/11/16,1080
2004/11/17,1100
2004/11/18,1095
2004/11/19,1095
2004/11/22,1090
2004/11/23,1080
2004/11/24,1080
2004/11/25,1090
2004/11/26,1099
2004/11/29,1105
2004/11/30,1130
2004/12/01,1130
2004/12/02,1150
2004/12/03,1150
2004/12/06,1135
2004/12/07,1085
2004/12/08,1044
2004/12/09,1020
2004/12/10,1040
2004/12/13,1060
2004/12/14,1090
2004/12/15,1110
2004/12/17,1110
2004/12/20,1115
2004/12/21,1112
2004/12/22,1136
2004/12/23,1160
2004/12/24,1170
2004/12/28,1200
2004/12/29,1220
2004/12/30,1220
2004/12/31,1244
2005/01/03,1240
2005/01/04,1252
2005/01/05,1230
2005/01/06,1190
2005/01/07,1170
2005/01/10,1148
2005/01/11,1120
2005/01/12,1055
2005/01/13,1090
2005/01/14,1100
2005/01/17,1125
2005/01/18,1115
2005/01/19,1102
2005/01/20,1130
2005/01/21,1113
2005/01/24,1130
2005/01/25,1130
2005/01/26,1132
2005/01/27,1140
2005/01/28,1140
2005/01/31,1143
2005/02/01,1115
2005/02/02,1135
2005/02/03,1130
2005/02/04,1120
2005/02/07,1100
2005/02/08,1100
2005/02/09,1100
2005/02/10,1090
2005/02/11,1100
2005/02/14,1100
2005/02/15,1125
2005/02/16,1125
2005/02/17,1095
2005/02/18,1095
2005/02/21,1110
2005/02/22,1150
2005/02/23,1170
2005/02/24,1180
2005/02/25,1200
2005/02/28,1200
2005/03/01,1101
2005/03/02,1150
2005/03/03,1180
2005/03/04,1190
2005/03/07,1200
2005/03/08,1200
2005/03/09,1190
2005/03/10,1200
2005/03/11,1200
2005/03/14,1250
2005/03/15,1260
2005/03/16,1200
2005/03/17,1220
2005/03/18,1170
2005/03/22,1200
2005/03/23,1155
2005/03/24,1120
2005/03/29,1140
2005/03/30,1120
2005/03/31,1145
2005/04/01,1130
2005/04/04,1115
2005/04/05,1110
2005/04/06,1109
2005/04/07,1106
2005/04/08,1115
2005/04/11,1115
2005/04/12,1080
2005/04/13,1080
2005/04/14,1125
2005/04/15,1100
2005/04/18,1070
2005/04/19,1082
2005/04/20,1080
2005/04/21,1085
2005/04/22,1085
2005/04/25,1090
2005/04/26,1090
2005/04/28,1110
2005/04/29,1120
2005/05/03,1110
2005/05/04,1120
2005/05/05,1135
2005/05/06,1150
2005/05/09,1158
2005/05/10,1166
2005/05/11,1168
2005/05/12,1175
2005/05/13,1175
2005/05/16,1175
2005/05/17,1155
2005/05/18,1150
2005/05/19,1155
2005/05/20,1155
2005/05/23,1170
2005/05/24,1185
2005/05/25,1205
2005/05/26,1225
2005/05/27,1226
2005/05/30,1215
2005/05/31,1210
2005/06/01,1180
2005/06/02,1175
2005/06/03,1200
2005/06/06,1221
2005/06/07,1235
2005/06/08,1245
2005/06/09,1245
2005/06/10,1240
2005/06/13,1240
2005/06/14,1240
2005/06/15,1290
2005/06/17,1250
2005/06/20,1210
2005/06/21,1180
2005/06/22,1190
2005/06/23,1199
2005/06/24,1190
2005/06/27,1200
2005/06/28,1199
2005/06/29,1190
2005/06/30,1190
2005/07/01,1199
2005/07/04,1199
2005/07/05,1200
2005/07/06,1210
2005/07/07,1200
2005/07/08,1216
2005/07/11,1245
2005/07/12,1245
2005/07/13,1250
2005/07/14,1290
2005/07/15,1280
2005/07/18,1290
2005/07/19,1295
2005/07/20,1295
2005/07/21,1300
2005/07/22,1300
2005/07/25,1339
2005/07/26,1360
2005/07/27,1363
2005/07/28,1400
2005/07/29,1425
2005/08/01,1451
2005/08/02,1460
2005/08/03,1440
2005/08/04,1420
2005/08/05,1395
2005/08/08,1410
2005/08/10,1410
2005/08/11,1420
2005/08/12,1435
2005/08/15,1420
2005/08/16,1420
2005/08/17,1410
2005/08/18,1420
2005/08/19,1456
2005/08/22,1465
2005/08/23,1460
2005/08/24,1460
2005/08/25,1450
2005/08/26,1470
2005/08/29,1455
2005/08/30,1421
2005/08/31,1425
2005/09/01,1425
2005/09/02,1430
2005/09/05,1440
2005/09/06,1430
2005/09/07,1455
2005/09/08,1470
2005/09/09,1510
2005/09/12,1480
2005/09/13,1470
2005/09/14,1451
2005/09/15,1469
2005/09/16,1465
2005/09/19,1470
2005/09/20,1500
2005/09/21,1500
2005/09/22,1469
2005/09/23,1499
2005/09/26,1456
2005/09/27,1470
2005/09/28,1470
2005/09/29,1470
2005/09/30,1470
2005/10/03,1450
2005/10/04,1455
2005/10/05,1465
2005/10/06,1450
2005/10/07,1390
2005/10/10,1396
2005/10/11,1410
2005/10/12,1401
2005/10/13,1370
2005/10/14,1342
2005/10/17,1390
2005/10/18,1391
2005/10/19,1375
2005/10/20,1430
2005/10/21,1461
2005/10/24,1465
2005/10/25,1500
2005/10/26,1510
2005/10/27,1510
2005/10/28,1490
2005/10/31,1500
2005/11/01,1492
2005/11/02,1520
2005/11/03,1570
2005/11/04,1575
2005/11/07,1620
2005/11/08,1630
2005/11/09,1600
2005/11/10,1590
2005/11/11,1590
2005/11/14,1600
2005/11/15,1575
2005/11/16,1580
2005/11/17,1600
2005/11/18,1620
2005/11/21,1614
2005/11/22,1585
2005/11/23,1621
2005/11/24,1660
2005/11/25,1675
2005/11/28,1670
2005/11/29,1621
2005/11/30,1620
2005/12/01,1627
2005/12/02,1645
2005/12/05,1620
2005/12/06,1675
2005/12/07,1674
2005/12/08,1675
2005/12/09,1699
2005/12/12,1696
2005/12/13,1695
2005/12/14,1690
2005/12/15,1670
2005/12/19,1675
2005/12/20,1700
2005/12/21,1711
2005/12/22,1750
2005/12/23,1751
2005/12/27,1800
2005/12/28,1812
2005/12/29,1849
2005/12/30,1870
2006/01/03,1850
2006/01/04,1850
2006/01/05,1880
2006/01/06,1900
2006/01/09,1950
2006/01/10,1985
2006/01/11,1990
2006/01/12,1980
2006/01/13,1970
2006/01/16,1945
2006/01/17,1900
2006/01/18,1890
2006/01/19,1948
2006/01/20,1950
2006/01/23,1950
2006/01/24,1990
2006/01/25,2000
2006/01/26,2000
2006/01/27,2020
2006/01/30,2000
2006/01/31,2000
2006/02/01,2000
2006/02/02,1992
2006/02/03,1975
2006/02/06,1946
2006/02/07,1890
2006/02/08,1890
2006/02/09,1885
2006/02/10,1870
2006/02/13,1875
2006/02/14,1856
2006/02/15,1878
2006/02/16,1945
2006/02/17,1975
2006/02/20,2012
2006/02/21,2012
2006/02/22,2058
2006/02/23,2070
2006/02/24,2120
2006/02/27,2120
2006/02/28,2120
2006/03/02,2100
2006/03/03,2065
2006/03/06,2065
2006/03/07,2065
2006/03/08,2035
2006/03/09,2075
2006/03/10,2100
2006/03/13,2085
2006/03/14,2075
2006/03/15,2075
2006/03/16,2090
2006/03/17,2085
2006/03/20,2100
2006/03/22,2100
2006/03/23,2100
2006/03/24,2130
2006/03/27,2150
2006/03/28,2120
2006/03/29,2120
2006/03/30,2160
2006/03/31,2140
2006/04/03,2172
2006/04/04,2264
2006/04/05,2270
2006/04/06,2254
2006/04/07,2245
2006/04/10,2245
2006/04/11,2250
2006/04/12,2210
2006/04/13,2200
2006/04/18,2190
2006/04/19,2199
2006/04/20,2160
2006/04/21,2130
2006/04/24,2100
2006/04/25,2090
2006/04/26,2150
2006/04/28,2185
2006/05/02,2208
2006/05/03,2240
2006/05/04,2235
2006/05/05,2250
2006/05/08,2255
2006/05/09,2260
2006/05/10,2302
2006/05/11,2270
2006/05/12,2260
2006/05/15,2120
2006/05/16,2125
2006/05/17,2090
2006/05/18,2020
2006/05/19,1982
2006/05/22,1920
2006/05/23,1979
2006/05/24,1960
2006/05/25,1991
2006/05/26,2050
2006/05/29,2060
2006/05/30,2059
2006/05/31,2050
2006/06/01,2075
2006/06/02,2150
2006/06/05,2100
2006/06/06,2050
2006/06/07,1974
2006/06/08,1900
2006/06/09,1910
2006/06/12,1910
2006/06/13,1834
2006/06/14,1885
2006/06/15,1935
2006/06/19,1960
2006/06/20,1950
2006/06/21,1938
2006/06/22,1890
2006/06/23,1750
2006/06/26,1610
2006/06/27,1651
2006/06/28,1683
2006/06/29,1700
2006/06/30,1750
2006/07/03,1801
2006/07/04,1886
2006/07/05,1800
2006/07/06,1800
2006/07/07,1800
2006/07/10,1805
2006/07/11,1805
2006/07/12,1835
2006/07/13,1790
2006/07/14,1790
2006/07/17,1757
2006/07/18,1770
2006/07/19,1790
2006/07/20,1800
2006/07/21,1750
2006/07/24,1730
2006/07/25,1775
2006/07/26,1795
2006/07/27,1800
2006/07/28,1815
2006/07/31,1835
2006/08/01,1830
2006/08/02,1815
2006/08/03,1810
2006/08/04,1785
2006/08/07,1770
2006/08/08,1810
2006/08/10,1830
2006/08/11,1825
2006/08/14,1825
2006/08/15,1829
2006/08/16,1835
2006/08/17,1930
2006/08/18,1960
2006/08/21,1980
2006/08/22,1990
2006/08/23,1970
2006/08/24,1976
2006/08/25,1980
2006/08/28,1980
2006/08/29,1975
2006/08/30,1980
2006/08/31,1950
2006/09/01,1920
2006/09/04,1828
2006/09/05,1900
2006/09/06,1900
2006/09/07,1860
2006/09/08,1845
2006/09/11,1820
2006/09/12,1811
2006/09/13,1821
2006/09/14,1845
2006/09/15,1835
2006/09/18,1835
2006/09/19,1840
2006/09/20,1870
2006/09/21,1900
2006/09/22,1910
2006/09/26,1908
2006/09/27,1920
2006/09/28,1925
2006/09/29,1900
2006/10/02,1950
2006/10/03,1945
2006/10/04,1920
2006/10/05,1920
2006/10/06,1890
2006/10/09,1900
2006/10/10,1890
2006/10/11,1915
2006/10/12,1925
2006/10/13,2000
2006/10/16,2015
2006/10/17,2111
2006/10/18,2165
2006/10/19,2100
2006/10/20,2045
2006/10/23,2000
2006/10/24,2005
2006/10/25,2020
2006/10/26,2000
2006/10/27,2089
2006/10/30,2055
2006/10/31,2055
2006/11/01,2061
2006/11/02,2151
2006/11/03,2190
2006/11/06,2225
2006/11/07,2170
2006/11/08,2190
2006/11/09,2230
2006/11/10,2220
2006/11/13,2190
2006/11/14,2198
2006/11/15,2244
2006/11/16,2245
2006/11/17,2225
2006/11/20,2225
2006/11/21,2338
2006/11/22,2410
2006/11/23,2400
2006/11/24,2400
2006/11/27,2400
2006/11/28,2375
2006/11/29,2360
2006/11/30,2340
2006/12/01,2380
2006/12/04,2360
2006/12/05,2375
2006/12/06,2365
2006/12/07,2340
2006/12/08,2302
2006/12/11,2320
2006/12/12,2300
2006/12/13,2305
2006/12/14,2350
2006/12/15,2395
2006/12/18,2470
2006/12/19,2455
2006/12/20,2495
2006/12/21,2509
2006/12/22,2486
2006/12/27,2520
2006/12/28,2500
2006/12/29,2524
2007/01/02,2500
2007/01/03,2490
2007/01/04,2455
2007/01/05,2470
2007/01/08,2445
2007/01/09,2522
2007/01/10,2590
2007/01/11,2690
2007/01/12,2750
2007/01/15,2805
2007/01/16,2850
2007/01/17,2830
2007/01/18,2880
2007/01/19,2888
2007/01/22,2890
2007/01/23,2890
2007/01/24,2950
2007/01/25,3021
2007/01/26,3100
2007/01/29,3025
2007/01/30,3000
2007/01/31,3000
2007/02/01,2980
2007/02/02,3060
2007/02/05,3030
2007/02/06,2949
2007/02/07,2849
2007/02/08,2899
2007/02/09,2950
2007/02/12,2940
2007/02/13,3055
2007/02/14,3060
2007/02/15,3000
2007/02/16,2970
2007/02/19,2900
2007/02/20,2890
2007/02/21,2910
2007/02/22,2920
2007/02/23,2950
2007/02/26,2985
2007/02/27,2980
2007/02/28,2970
2007/03/01,2930
2007/03/02,2970
2007/03/05,2780
2007/03/06,2761
2007/03/07,2835
2007/03/08,2820
2007/03/09,2830
2007/03/12,2811
2007/03/13,2770
2007/03/14,2670
2007/03/15,2770
2007/03/16,2800
2007/03/19,2810
2007/03/20,2910
2007/03/22,2990
2007/03/23,3088
2007/03/26,3037
2007/03/27,3035
2007/03/28,3039
2007/03/29,3000
2007/03/30,2980
2007/04/02,3000
2007/04/03,2975
2007/04/04,2970
2007/04/05,2940
2007/04/10,2948
2007/04/11,2930
2007/04/12,2930
2007/04/13,2960
2007/04/16,3000
2007/04/17,3020
2007/04/18,3070
2007/04/19,3064
2007/04/20,3055
2007/04/23,3056
2007/04/24,3066
2007/04/25,3085
2007/04/26,3148
2007/04/30,3235
2007/05/02,3240
2007/05/03,3200
2007/05/04,3240
2007/05/07,3240
2007/05/08,3221
2007/05/09,3233
2007/05/10,3150
2007/05/11,3106
2007/05/14,3075
2007/05/15,3081
2007/05/16,3198
2007/05/17,3200
2007/05/18,3187
2007/05/21,3252
2007/05/22,3280
2007/05/23,3252
2007/05/24,3180
2007/05/25,3165
2007/05/28,3165
2007/05/29,3175
2007/05/30,3095
2007/05/31,3048
2007/06/01,3200
2007/06/04,3160
2007/06/05,3090
2007/06/06,3020
2007/06/07,3000
2007/06/08,2913
2007/06/11,2960
2007/06/12,2900
2007/06/13,2870
2007/06/14,2905
2007/06/15,2900
2007/06/18,2950
2007/06/19,2883
2007/06/20,2900
2007/06/21,2925
2007/06/22,2861
2007/06/25,2803
2007/06/26,2750
2007/06/27,2715
2007/06/28,2700
2007/06/29,2721
2007/07/02,2740
2007/07/03,2830
2007/07/04,2860
2007/07/05,2850
2007/07/06,2830
2007/07/09,2890
2007/07/10,2920
2007/07/11,2900
2007/07/12,2909
2007/07/13,2890
2007/07/16,2835
2007/07/17,2807
2007/07/18,2800
2007/07/19,2798
2007/07/20,2800
2007/07/23,2850
2007/07/24,2819
2007/07/25,2772
2007/07/26,2775
2007/07/27,2750
2007/07/30,2766
2007/07/31,2780
2007/08/01,2730
2007/08/02,2700
2007/08/03,2670
2007/08/06,2640
2007/08/07,2640
2007/08/08,2700
2007/08/10,2690
2007/08/13,2700
2007/08/14,2680
2007/08/15,2580
2007/08/16,2500
2007/08/17,2500
2007/08/20,2560
2007/08/21,2550
2007/08/22,2620
2007/08/23,2670
2007/08/24,2635
2007/08/27,2640
2007/08/28,2650
2007/08/29,2581
2007/08/30,2600
2007/08/31,2675
2007/09/03,2700
2007/09/04,2770
2007/09/05,2700
2007/09/06,2680
2007/09/07,2620
2007/09/10,2595
2007/09/11,2650
2007/09/12,2600
2007/09/13,2585
2007/09/14,2551
2007/09/17,2590
2007/09/18,2650
2007/09/19,2625
2007/09/20,2660
2007/09/21,2610
2007/09/25,2644
2007/09/26,2640
2007/09/27,2625
2007/09/28,2620
2007/10/01,2625
2007/10/02,2650
2007/10/03,2720
2007/10/04,2710
2007/10/05,2690
2007/10/08,2740
2007/10/09,2710
2007/10/10,2725
2007/10/11,2775
2007/10/12,2695
2007/10/15,2690
2007/10/16,2660
2007/10/17,2625
2007/10/18,2638
2007/10/19,2720
2007/10/22,2690
2007/10/23,2650
2007/10/24,2674
2007/10/25,2645
2007/10/26,2685
2007/10/29,2670
2007/10/30,2680
2007/10/31,2640
2007/11/01,2680
2007/11/02,2680
2007/11/05,2690
2007/11/06,2650
2007/11/07,2649
2007/11/08,2579
2007/11/09,2550
2007/11/12,2550
2007/11/13,2540
2007/11/14,2515
2007/11/15,2600
2007/11/16,2525
2007/11/19,2450
2007/11/20,2400
2007/11/21,2341
2007/11/22,2300
2007/11/23,2280
2007/11/26,2275
2007/11/27,2210
2007/11/28,2190
2007/11/29,2170
2007/11/30,2175
2007/12/03,2175
2007/12/04,2174
2007/12/05,2170
2007/12/06,2200
2007/12/07,2250
2007/12/10,2235
2007/12/11,2210
2007/12/12,2230
2007/12/13,2175
2007/12/14,2160
2007/12/18,2150
2007/12/19,2097
2007/12/20,2050
2007/12/21,2110
2007/12/24,2195
2007/12/27,2215
2007/12/28,2145
2007/12/31,2200
2008/01/02,2190
2008/01/03,2129
2008/01/04,2110
2008/01/07,2051
2008/01/08,2050
2008/01/09,2110
2008/01/10,2164
2008/01/11,2140
2008/01/14,2099
2008/01/15,2025
2008/01/16,1980
2008/01/17,1970
2008/01/18,1945
2008/01/21,1979
2008/01/22,1940
2008/01/23,1960
2008/01/24,2089
2008/01/25,1975
2008/01/28,1901
2008/01/29,1900
2008/01/30,1900
2008/01/31,1890
2008/02/01,1890
2008/02/04,1920
2008/02/05,1816
2008/02/06,1840
2008/02/07,1855
2008/02/08,1822
2008/02/11,1771
2008/02/12,1800
2008/02/13,1840
2008/02/14,1920
2008/02/15,1906
2008/02/18,1925
2008/02/19,2040
2008/02/20,1980
2008/02/21,1971
2008/02/22,2050
2008/02/25,2051
2008/02/26,2010
2008/02/27,2000
2008/02/28,2010
2008/02/29,1975
2008/03/03,1930
2008/03/04,1940
2008/03/05,1900
2008/03/06,1852
2008/03/07,1815
2008/03/10,1867
2008/03/11,1830
2008/03/12,1899
2008/03/13,1870
2008/03/14,1851
2008/03/17,1740
2008/03/18,1740
2008/03/19,1750
2008/03/20,1808
2008/03/25,1850
2008/03/26,1840
2008/03/27,1840
2008/03/28,1841
2008/03/31,1820
2008/04/01,1860
2008/04/02,1867
2008/04/03,1919
2008/04/04,1900
2008/04/07,1935
2008/04/08,1920
2008/04/09,1925
2008/04/10,1850
2008/04/11,1795
2008/04/14,1785
2008/04/15,1800
2008/04/16,1780
2008/04/17,1764
2008/04/18,1740
2008/04/21,1715
2008/04/22,1714
2008/04/23,1710
2008/04/24,1690
2008/04/25,1685
2008/04/29,1670
2008/04/30,1670
2008/05/05,1705
2008/05/06,1700
2008/05/07,1665
2008/05/08,1660
2008/05/09,1675
2008/05/12,1650
2008/05/13,1655
2008/05/14,1674
2008/05/15,1665
2008/05/16,1665
2008/05/19,1690
2008/05/20,1675
2008/05/21,1659
2008/05/22,1640
2008/05/23,1640
2008/05/26,1650
2008/05/27,1600
2008/05/28,1650
2008/05/29,1605
2008/05/30,1600
2008/06/02,1595
2008/06/03,1599
2008/06/04,1600
2008/06/05,1600
2008/06/06,1585
2008/06/09,1600
2008/06/10,1615
2008/06/11,1610
2008/06/12,1621
2008/06/13,1612
2008/06/17,1590
2008/06/18,1577
2008/06/19,1599
2008/06/20,1590
2008/06/23,1485
2008/06/24,1470
2008/06/25,1480
2008/06/26,1480
2008/06/27,1497
2008/06/30,1500
2008/07/01,1500
2008/07/02,1520
2008/07/03,1471
2008/07/04,1459
2008/07/07,1450
2008/07/08,1440
2008/07/09,1515
2008/07/10,1520
2008/07/11,1500
2008/07/14,1530
2008/07/15,1532
2008/07/16,1600
2008/07/17,1700
2008/07/18,1743
2008/07/21,1680
2008/07/22,1700
2008/07/23,1820
2008/07/24,1890
2008/07/25,1850
2008/07/28,1880
2008/07/29,1882
2008/07/30,1940
2008/07/31,1956
2008/08/01,1930
2008/08/04,1905
2008/08/05,1916
2008/08/06,1983
2008/08/07,2032
2008/08/08,2090
2008/08/11,2214
2008/08/12,2283
2008/08/13,2240
2008/08/14,2275
2008/08/15,2280
2008/08/18,2250
2008/08/19,2195
2008/08/20,2147
2008/08/21,2110
2008/08/22,2077
2008/08/25,2065
2008/08/26,2090
2008/08/27,2150
2008/08/28,2272
2008/08/29,2219
2008/09/01,2200
2008/09/02,2250
2008/09/03,2331
2008/09/04,2365
2008/09/05,2376
2008/09/08,2456
2008/09/09,2500
2008/09/10,2484
2008/09/11,2380
2008/09/12,2380
2008/09/15,2341
2008/09/16,2240
2008/09/17,2180
2008/09/18,2250
2008/09/19,2300
2008/09/22,2445
2008/09/23,2340
2008/09/25,2250
2008/09/26,2166
2008/09/29,2100
2008/09/30,2225
2008/10/01,2191
2008/10/02,2250
2008/10/03,2316
2008/10/06,2180
2008/10/07,2199
2008/10/08,2060
2008/10/09,2067
2008/10/10,1975
2008/10/13,2130
2008/10/14,2230
2008/10/15,2180
2008/10/16,2070
2008/10/17,1955
2008/10/20,2062
2008/10/21,2100
2008/10/22,1995
2008/10/23,1930
2008/10/24,1880
2008/10/27,1951
2008/10/28,2005
2008/10/29,2200
2008/10/30,2265
2008/10/31,2400
2008/11/03,2450
2008/11/04,2470
2008/11/05,2400
2008/11/06,2289
2008/11/07,2240
2008/11/10,2300
2008/11/11,2275
2008/11/12,2220
2008/11/13,2300
2008/11/14,2450
2008/11/17,2357
2008/11/18,2400
2008/11/19,2400
2008/11/20,2400
2008/11/21,2360
2008/11/24,2355
2008/11/25,2450
2008/11/26,2440
2008/11/27,2405
2008/11/28,2393
2008/12/01,2369
2008/12/02,2345
2008/12/03,2332
2008/12/04,2420
2008/12/05,2420
2008/12/08,2456
2008/12/09,2465
2008/12/10,2469
2008/12/11,2440
2008/12/12,2430
2008/12/15,2290
2008/12/17,2365
2008/12/18,2430
2008/12/19,2405
2008/12/22,2442
2008/12/23,2428
2008/12/24,2430
2008/12/29,2450
2008/12/30,2475
2008/12/31,2475
2009/01/02,2549
2009/01/05,2650
2009/01/06,2651
2009/01/07,2650
2009/01/08,2600
2009/01/09,2580
2009/01/12,2616
2009/01/13,2600
2009/01/14,2575
2009/01/15,2488
2009/01/16,2500
2009/01/19,2580
2009/01/20,2576
2009/01/21,2550
2009/01/22,2500
2009/01/23,2450
2009/01/26,2540
2009/01/27,2580
2009/01/28,2636
2009/01/29,2550
2009/01/30,2600
2009/02/02,2580
2009/02/03,2585
2009/02/04,2533
2009/02/05,2528
2009/02/06,2578
2009/02/09,2600
2009/02/10,2577
2009/02/11,2565
2009/02/12,2530
2009/02/13,2500
2009/02/16,2498
2009/02/17,2427
2009/02/18,2415
2009/02/19,2450
2009/02/20,2381
2009/02/23,2405
2009/02/24,2409
2009/02/25,2428
2009/02/26,2527
2009/02/27,2380
2009/03/02,2360
2009/03/03,2358
2009/03/04,2350
2009/03/05,2224
2009/03/06,2220
2009/03/09,2180
2009/03/10,2255
2009/03/11,2300
2009/03/12,2300
2009/03/13,2316
2009/03/16,2310
2009/03/17,2230
2009/03/18,2400
2009/03/19,2500
2009/03/20,2530
2009/03/23,2561
2009/03/24,2573
2009/03/25,2563
2009/03/26,2550
2009/03/27,2580
2009/03/30,2500
2009/03/31,2425
2009/04/01,2535
2009/04/02,2625
2009/04/03,2669
2009/04/06,2650
2009/04/07,2650
2009/04/08,2645
2009/04/09,2630
2009/04/14,2651
2009/04/15,2660
2009/04/16,2625
2009/04/17,2635
2009/04/20,2594
2009/04/21,2574
2009/04/23,2710
2009/04/24,2715
2009/04/28,2675
2009/04/29,2700
2009/04/30,2610
2009/05/04,2770
2009/05/05,2805
2009/05/06,2750
2009/05/07,2720
2009/05/08,2755
2009/05/11,2720
2009/05/12,2725
2009/05/13,2678
2009/05/14,2638
2009/05/15,2620
2009/05/18,2660
2009/05/19,2719
2009/05/20,2660
2009/05/21,2660
2009/05/22,2659
2009/05/25,2675
2009/05/26,2650
2009/05/27,2680
2009/05/28,2690
2009/05/29,2714
2009/06/01,2820
2009/06/02,2795
2009/06/03,2749
2009/06/04,2770
2009/06/05,2870
2009/06/08,2870
2009/06/09,2880
2009/06/10,2873
2009/06/11,2931
2009/06/12,2890
2009/06/15,2940
2009/06/17,2851
2009/06/18,2840
2009/06/19,2802
2009/06/22,2725
2009/06/23,2740
2009/06/24,2741
2009/06/25,2782
2009/06/26,2805
2009/06/29,2850
2009/06/30,2808
2009/07/01,2890
2009/07/02,2875
2009/07/03,2900
2009/07/06,2880
2009/07/07,2860
2009/07/08,2901
2009/07/09,2950
2009/07/10,2970
2009/07/13,2986
2009/07/14,3039
2009/07/15,3100
2009/07/16,3043
2009/07/17,3005
2009/07/20,2981
2009/07/21,3030
2009/07/22,3040
2009/07/23,3010
2009/07/24,3005
2009/07/27,3029
2009/07/28,3050
2009/07/29,2983
2009/07/30,3040
2009/07/31,3053
2009/08/03,3079
2009/08/04,3050
2009/08/05,3035
2009/08/06,3000
2009/08/07,2975
2009/08/11,2901
2009/08/12,2850
2009/08/13,2899
2009/08/14,2915
2009/08/17,2800
2009/08/18,2850
2009/08/19,2850
2009/08/20,2911
2009/08/21,2940
2009/08/24,3025
2009/08/25,3020
2009/08/26,3003
2009/08/27,3058
2009/08/28,3125
2009/08/31,3052
2009/09/01,3090
2009/09/02,3020
2009/09/03,3000
2009/09/04,2952
2009/09/07,2975
2009/09/08,2950
2009/09/09,2925
2009/09/10,2950
2009/09/11,3019
2009/09/14,2961
2009/09/15,3050
2009/09/16,3131
2009/09/17,3203
2009/09/18,3311
2009/09/21,3500
2009/09/22,3360
2009/09/23,3360
2009/09/25,3359
2009/09/28,3398
2009/09/29,3350
2009/09/30,3400
2009/10/01,3458
2009/10/02,3435
2009/10/05,3303
2009/10/06,3375
2009/10/07,3380
2009/10/08,3460
2009/10/09,3520
2009/10/12,3580
2009/10/13,3574
2009/10/14,3560
2009/10/15,3536
2009/10/16,3580
2009/10/19,3530
2009/10/20,3450
2009/10/21,3499
2009/10/22,3510
2009/10/23,3560
2009/10/26,3580
2009/10/27,3500
2009/10/28,3400
2009/10/29,3490
2009/10/30,3590
2009/11/02,3445
2009/11/03,3300
2009/11/04,3290
2009/11/05,3245
2009/11/06,3200
2009/11/09,3290
2009/11/10,3295
2009/11/11,3369
2009/11/12,3375
2009/11/13,3330
2009/11/16,3350
2009/11/17,3340
2009/11/18,3304
2009/11/19,3310
2009/11/20,3275
2009/11/23,3280
2009/11/24,3315
2009/11/25,3299
2009/11/26,3250
2009/11/27,3275
2009/11/30,3260
2009/12/01,3245
2009/12/02,3235
2009/12/03,3250
2009/12/04,3250
2009/12/07,3230
2009/12/08,3190
2009/12/09,3172
2009/12/10,3180
2009/12/11,3262
2009/12/14,3280
2009/12/15,3230
2009/12/17,3300
2009/12/18,3445
2009/12/21,3400
2009/12/22,3405
2009/12/23,3410
2009/12/24,3420
2009/12/28,3449
2009/12/29,3419
2009/12/30,3458
2009/12/31,3500
2010/01/04,3501
2010/01/05,3520
2010/01/06,3530
2010/01/07,3560
2010/01/08,3580
2010/01/11,3571
2010/01/12,3510
2010/01/13,3525
2010/01/14,3526
2010/01/15,3525
2010/01/18,3490
2010/01/19,3510
2010/01/20,3520
2010/01/21,3490
2010/01/22,3449
2010/01/25,3439
2010/01/26,3425
2010/01/27,3450
2010/01/28,3499
2010/01/29,3519
2010/02/01,3511
2010/02/02,3575
2010/02/03,3600
2010/02/04,3650
2010/02/05,3600
2010/02/08,3560
2010/02/09,3620
2010/02/10,3642
2010/02/11,3670
2010/02/12,3610
2010/02/15,3634
2010/02/16,3645
2010/02/17,3715
2010/02/18,3784
2010/02/19,3881
2010/02/22,3837
2010/02/23,3855
2010/02/24,3880
2010/02/25,3865
2010/02/26,3855
2010/03/01,3880
2010/03/02,3960
2010/03/03,4040
2010/03/04,4075
2010/03/05,4049
2010/03/08,4120
2010/03/09,4149
2010/03/10,4210
2010/03/11,4150
2010/03/12,4150
2010/03/15,4070
2010/03/16,4060
2010/03/17,4200
2010/03/18,4200
2010/03/19,4099
2010/03/23,4100
2010/03/24,4030
2010/03/25,4055
2010/03/26,4090
2010/03/29,4075
2010/03/30,4000
2010/03/31,3980
2010/04/01,4110
2010/04/06,4215
2010/04/07,4200
2010/04/08,4120
2010/04/09,4200
2010/04/12,4156
2010/04/13,4149
2010/04/14,4180
2010/04/15,4240
2010/04/16,4121
2010/04/19,4140
2010/04/20,4170
2010/04/21,4250
2010/04/22,4176
2010/04/23,4178
2010/04/26,4198
2010/04/28,4194
2010/04/29,4181
2010/04/30,4190
2010/05/03,4250
2010/05/04,4270
2010/05/05,4090
2010/05/06,4178
2010/05/07,4026
2010/05/10,4185
2010/05/11,4280
2010/05/12,4379
2010/05/13,4330
2010/05/14,4313
2010/05/17,4302
2010/05/18,4252
2010/05/19,4310
2010/05/20,4173
2010/05/21,4116
2010/05/24,4181
2010/05/25,4100
2010/05/26,4260
2010/05/27,4400
2010/05/28,4522
2010/05/31,4479
2010/06/01,4425
2010/06/02,4550
2010/06/03,4565
2010/06/04,4450
2010/06/07,4355
2010/06/08,4392
2010/06/09,4500
2010/06/10,4550
2010/06/11,4638
2010/06/14,4606
2010/06/15,4740
2010/06/17,4835
2010/06/18,4859
2010/06/21,4770
2010/06/22,4737
2010/06/23,4695
2010/06/24,4700
2010/06/25,4615
2010/06/28,4620
2010/06/29,4566
2010/06/30,4475
2010/07/01,4500
2010/07/02,4520
2010/07/05,4600
2010/07/06,4801
2010/07/07,4855
2010/07/08,4905
2010/07/09,4895
2010/07/12,4851
2010/07/13,4942
2010/07/14,4870
2010/07/15,4880
2010/07/16,4900
2010/07/19,4940
2010/07/20,4955
2010/07/21,4950
2010/07/22,5020
2010/07/23,5038
2010/07/26,5110
2010/07/27,5009
2010/07/28,5038
2010/07/29,5085
2010/07/30,5049
2010/08/02,5120
2010/08/03,4999
2010/08/04,4925
2010/08/05,4840
2010/08/06,4825
2010/08/10,4855
2010/08/11,4800
2010/08/12,4785
2010/08/13,4900
2010/08/16,4791
2010/08/17,4775
2010/08/18,4671
2010/08/19,4691
2010/08/20,4640
2010/08/23,4637
2010/08/24,4600
2010/08/25,4601
2010/08/26,4695
2010/08/27,4851
2010/08/30,4838
2010/08/31,4940
2010/09/01,5090
2010/09/02,5034
2010/09/03,4980
2010/09/06,5029
2010/09/07,4980
2010/09/08,4934
2010/09/09,5074
2010/09/10,5112
2010/09/13,5162
2010/09/14,5147
2010/09/15,5149
2010/09/16,5078
2010/09/17,5110
2010/09/20,5150
2010/09/21,5170
2010/09/22,5150
2010/09/23,5160
2010/09/27,5272
2010/09/28,5275
2010/09/29,5430
2010/09/30,5500
2010/10/01,5489
2010/10/04,5319
2010/10/05,5320
2010/10/06,5300
2010/10/07,5300
2010/10/08,5300
2010/10/11,5300
2010/10/12,5399
2010/10/13,5539
2010/10/14,5600
2010/10/15,5620
2010/10/18,5650
2010/10/19,5845
2010/10/20,5840
2010/10/21,5949
2010/10/22,5814
2010/10/25,5762
2010/10/26,5838
2010/10/27,5823
2010/10/28,6240
2010/10/29,6366
2010/11/01,6421
2010/11/02,6500
2010/11/03,6640
2010/11/04,6690
2010/11/05,6520
2010/11/08,6500
2010/11/09,6549
2010/11/10,6519
2010/11/11,6340
2010/11/12,6310
2010/11/15,6360
2010/11/16,6350
2010/11/17,6300
2010/11/18,6475
2010/11/19,6384
2010/11/22,6430
2010/11/23,6441
2010/11/24,6490
2010/11/25,6589
2010/11/26,6609
2010/11/29,6480
2010/11/30,6421
2010/12/01,6540
2010/12/02,6690
2010/12/03,6760
2010/12/06,6908
2010/12/07,6697
2010/12/08,6709
2010/12/09,6749
2010/12/10,6600
2010/12/13,6625
2010/12/14,6644
2010/12/15,6490
2010/12/17,6302
2010/12/20,6350
2010/12/21,6399
2010/12/22,6450
2010/12/23,6500
2010/12/24,6500
2010/12/28,6443
2010/12/29,6545
2010/12/30,6600
2010/12/31,6650
2011/01/03,6613
2011/01/04,6574
2011/01/05,6550
2011/01/06,6550
2011/01/07,6566
2011/01/10,6470
2011/01/11,6480
2011/01/12,6400
2011/01/13,6450
2011/01/14,6440
2011/01/17,6400
2011/01/18,6200
2011/01/19,5995
2011/01/20,5760
2011/01/21,5851
2011/01/24,5800
2011/01/25,5751
2011/01/26,5899
2011/01/27,5947
2011/01/28,5890
2011/01/31,5686
2011/02/01,5640
2011/02/02,5700
2011/02/03,5645
2011/02/04,5589
2011/02/07,5550
2011/02/08,5640
2011/02/09,5700
2011/02/10,5601
2011/02/11,5605
2011/02/14,5900
2011/02/15,5950
2011/02/16,6007
2011/02/17,5960
2011/02/18,6017
2011/02/21,6140
2011/02/22,6000
2011/02/23,5867
2011/02/24,5789
2011/02/25,5953
2011/02/28,5995
2011/03/01,6030
2011/03/02,6030
2011/03/03,6128
2011/03/04,6127
2011/03/07,6100
2011/03/08,6079
2011/03/09,6170
2011/03/10,5895
2011/03/11,5877
2011/03/14,5850
2011/03/15,5772
2011/03/16,5880
2011/03/17,5893
2011/03/18,5878
2011/03/22,5840
2011/03/23,6090
2011/03/24,6180
2011/03/25,6100
2011/03/28,6116
2011/03/29,6075
2011/03/30,6195
2011/03/31,6125
2011/04/01,6338
2011/04/04,6352
2011/04/05,6457
2011/04/06,6524
2011/04/07,6602
2011/04/08,6620
2011/04/11,6612
2011/04/12,6560
2011/04/13,6500
2011/04/14,6600
2011/04/15,6634
2011/04/18,6548
2011/04/19,6480
2011/04/20,6504
2011/04/21,6473
2011/04/26,6500
2011/04/28,6830
2011/04/29,6720
2011/05/03,6770
2011/05/04,6700
2011/05/05,6600
2011/05/06,6622
2011/05/09,6656
2011/05/10,6680
2011/05/11,6600
2011/05/12,6579
2011/05/13,6579
2011/05/16,6579
2011/05/17,6370
2011/05/19,6389
2011/05/20,6299
2011/05/23,6190
2011/05/24,6393
2011/05/25,6326
2011/05/26,6390
2011/05/27,6500
2011/05/30,6446
2011/05/31,6401
2011/06/01,6475
2011/06/02,6450
2011/06/03,6410
2011/06/06,6400
2011/06/07,6500
2011/06/08,6478
2011/06/09,6488
2011/06/10,6510
2011/06/13,6486
2011/06/14,6489
2011/06/15,6430
2011/06/17,6600
2011/06/20,6340
2011/06/21,6365
2011/06/22,6373
2011/06/23,6240
2011/06/24,6368
2011/06/27,6400
2011/06/28,6521
2011/06/29,6651
2011/06/30,6820
2011/07/01,6958
2011/07/04,6950
2011/07/05,6870
2011/07/06,6835
2011/07/07,6989
2011/07/08,6950
2011/07/11,6853
2011/07/12,6957
2011/07/13,7049
2011/07/14,7050
2011/07/15,7100
2011/07/18,7085
2011/07/19,7200
2011/07/20,7235
2011/07/21,7321
2011/07/22,7275
2011/07/25,7260
2011/07/26,7300
2011/07/27,7340
2011/07/28,7400
2011/07/29,7370
2011/08/01,7448
2011/08/02,7500
2011/08/03,7302
2011/08/04,7133
2011/08/05,7048
2011/08/08,6850
2011/08/10,6852
2011/08/11,6949
2011/08/12,7300
2011/08/15,7370
2011/08/16,7370
2011/08/17,7370
2011/08/18,7200
2011/08/19,7190
2011/08/22,7198
2011/08/23,7099
2011/08/24,7158
2011/08/25,7020
2011/08/26,6840
2011/08/29,7100
2011/08/30,7155
2011/08/31,7375
2011/09/01,7600
2011/09/02,7540
2011/09/05,7434
2011/09/06,7456
2011/09/07,7405
2011/09/08,7514
2011/09/09,7400
2011/09/12,7390
2011/09/13,7300
2011/09/14,7373
2011/09/15,7333
2011/09/16,7402
2011/09/19,7419
2011/09/20,7450
2011/09/21,7285
2011/09/22,6900
2011/09/23,6650
2011/09/26,6593
2011/09/27,6880
2011/09/28,6800
2011/09/29,6800
2011/09/30,6729
2011/10/03,6566
2011/10/04,6512
2011/10/05,6525
2011/10/06,6460
2011/10/07,6575
2011/10/10,6735
2011/10/11,6920
2011/10/12,6999
2011/10/13,6990
2011/10/14,7040
2011/10/17,7085
2011/10/18,7105
2011/10/19,7250
2011/10/20,7170
2011/10/21,7135
2011/10/24,7150
2011/10/25,7321
2011/10/26,7400
2011/10/27,7460
2011/10/28,7700
2011/10/31,7640
2011/11/01,7550
2011/11/02,7700
2011/11/03,7801
2011/11/04,7818
2011/11/07,7900
2011/11/08,8030
2011/11/09,7991
2011/11/10,8020
2011/11/11,8026
2011/11/14,8100
2011/11/15,8116
2011/11/16,7965
2011/11/17,8090
2011/11/18,8065
2011/11/21,7935
2011/11/22,7900
2011/11/23,7780
2011/11/24,7859
2011/11/25,7850
2011/11/28,7990
2011/11/29,7935
2011/11/30,8000
2011/12/01,8100
2011/12/02,8275
2011/12/05,8232
2011/12/06,8206
2011/12/07,8333
2011/12/08,8345
2011/12/09,8228
2011/12/12,8265
2011/12/13,8255
2011/12/14,8217
2011/12/15,8005
2011/12/19,8075
2011/12/20,8100
2011/12/21,8030
2011/12/22,8085
2011/12/23,8080
2011/12/28,7960
2011/12/29,7990
2011/12/30,7980
2012/01/03,8115
2012/01/04,8250
2012/01/05,8205
2012/01/06,8223
2012/01/09,8388
2012/01/10,8433
2012/01/11,8424
2012/01/12,8630
2012/01/13,8700
2012/01/16,8683
2012/01/17,8789
2012/01/18,8704
2012/01/19,8800
2012/01/20,8892
2012/01/23,8900
2012/01/24,8790
2012/01/25,8850
2012/01/26,8790
2012/01/27,8681
2012/01/30,8532
2012/01/31,8625
2012/02/01,8800
2012/02/02,8900
2012/02/03,8889
2012/02/06,8779
2012/02/07,8722
2012/02/08,8741
2012/02/09,8691
2012/02/10,8765
2012/02/13,8873
2012/02/14,8812
2012/02/15,8980
2012/02/16,9000
2012/02/17,9000
2012/02/20,9030
2012/02/21,9041
2012/02/22,9079
2012/02/23,9000
2012/02/24,8883
2012/02/27,8750
2012/02/28,8799
2012/02/29,8922
2012/03/01,9015
2012/03/02,9000
2012/03/05,9045
2012/03/06,8947
2012/03/07,9000
2012/03/08,9082
2012/03/09,9199
2012/03/12,9175
2012/03/13,9200
2012/03/14,9285
2012/03/15,9200
2012/03/16,8956
2012/03/19,8930
2012/03/20,8999
2012/03/22,8981
2012/03/23,8958
2012/03/26,9006
2012/03/27,9217
2012/03/28,9230
2012/03/29,9282
2012/03/30,9434
2012/04/02,9600
2012/04/03,9660
2012/04/04,9600
2012/04/05,9575
2012/04/10,9700
2012/04/11,9690
2012/04/12,9705
2012/04/13,9785
2012/04/16,9716
2012/04/17,10030
2012/04/18,10100
2012/04/19,10135
2012/04/20,10348
2012/04/23,10000
2012/04/24,10265
2012/04/25,10310
2012/04/26,10325
2012/04/30,10520
2012/05/02,10570
2012/05/03,10401
2012/05/04,10590
2012/05/07,10450
2012/05/08,10371
2012/05/09,10200
2012/05/10,10250
2012/05/11,10265
2012/05/14,10095
2012/05/15,10130
2012/05/16,10462
2012/05/17,10400
2012/05/18,10260
2012/05/21,10210
2012/05/22,10200
2012/05/23,9648
2012/05/24,10000
2012/05/25,9930
2012/05/28,10050
2012/05/29,10170
2012/05/30,10100
2012/05/31,10420
2012/06/01,10450
2012/06/04,10610
2012/06/05,10831
2012/06/06,11020
2012/06/07,10975
2012/06/08,10943
2012/06/11,11050
2012/06/12,11105
2012/06/13,11058
2012/06/14,11065
2012/06/15,11100
2012/06/18,10785
2012/06/19,10790
2012/06/20,10850
2012/06/21,10750
2012/06/22,10774
2012/06/25,10848
2012/06/26,11120
2012/06/27,11151
2012/06/28,11099
2012/06/29,11192
2012/07/02,11440
2012/07/03,11798
2012/07/04,11804
2012/07/05,11900
2012/07/06,12100
2012/07/09,11905
2012/07/10,11950
2012/07/11,11885
2012/07/12,11810
2012/07/13,11700
2012/07/16,11680
2012/07/17,11735
2012/07/18,11690
2012/07/19,12090
2012/07/20,11930
2012/07/23,11745
2012/07/24,11904
2012/07/25,12100
2012/07/26,12138
2012/07/27,12260
2012/07/30,12385
2012/07/31,12324
2012/08/01,12174
2012/08/02,12394
2012/08/03,12731
2012/08/06,12837
2012/08/07,12830
2012/08/08,12845
2012/08/10,13000
2012/08/13,12929
2012/08/14,12981
2012/08/15,12935
2012/08/16,13185
2012/08/17,12800
2012/08/20,12870
2012/08/21,13225
2012/08/22,13151
2012/08/23,13251
2012/08/24,13177
2012/08/27,13429
2012/08/28,13445
2012/08/29,13860
2012/08/30,13675
2012/08/31,13610
2012/09/03,13649
2012/09/04,13650
2012/09/05,13452
2012/09/06,13285
2012/09/07,12809
2012/09/10,11902
2012/09/11,12025
2012/09/12,11800
2012/09/13,12405
2012/09/14,11880
2012/09/17,11850
2012/09/18,12210
2012/09/19,11927
2012/09/20,12500
2012/09/21,12596
2012/09/25,12410
2012/09/26,12495
2012/09/27,12425
2012/09/28,12599
2012/10/01,12714
2012/10/02,13120
2012/10/03,13400
2012/10/04,13250
2012/10/05,12750
2012/10/08,11600
2012/10/09,11600
2012/10/10,11975
2012/10/11,12300
2012/10/12,12463
2012/10/15,12345
2012/10/16,12590
2012/10/17,12896
2012/10/18,12625
2012/10/19,12687
2012/10/22,12900
2012/10/23,12750
2012/10/24,13125
2012/10/25,13198
2012/10/26,12992
2012/10/29,13200
2012/10/30,13300
2012/10/31,13395
2012/11/01,13517
2012/11/02,13620
2012/11/05,13615
2012/11/06,13797
2012/11/07,13875
2012/11/08,14057
2012/11/09,14450
2012/11/12,14430
2012/11/13,14350
2012/11/14,14200
2012/11/15,14205
2012/11/16,13900
2012/11/19,13849
2012/11/20,13800
2012/11/21,13750
2012/11/22,13510
2012/11/23,13520
2012/11/26,13350
2012/11/27,13508
2012/11/28,13110
2012/11/29,13178
2012/11/30,13300
2012/12/03,13200
2012/12/04,13280
2012/12/05,13551
2012/12/06,13948
2012/12/07,14176
2012/12/10,14018
2012/12/11,13611
2012/12/12,13548
2012/12/13,13270
2012/12/14,13234
2012/12/18,13350
2012/12/19,13747
2012/12/20,13699
2012/12/21,13798
2012/12/24,13900
2012/12/27,13989
2012/12/28,14030
2012/12/31,14000
2013/01/02,14000
2013/01/03,14412
2013/01/04,14406
2013/01/07,14440
2013/01/08,14369
2013/01/09,14280
2013/01/10,14070
2013/01/11,13589
2013/01/14,13325
2013/01/15,12625
2013/01/16,12540
2013/01/17,12125
2013/01/18,12000
2013/01/21,12000
2013/01/22,12040
2013/01/23,12131
2013/01/24,12400
2013/01/25,12785
2013/01/28,12500
2013/01/29,12386
2013/01/30,11750
2013/01/31,12330
2013/02/01,12376
2013/02/04,12300
2013/02/05,12620
2013/02/06,12453
2013/02/07,12780
2013/02/08,12890
2013/02/11,12760
2013/02/12,12540
2013/02/13,12625
2013/02/14,12676
2013/02/15,12740
2013/02/18,12733
2013/02/19,12305
2013/02/20,12100
2013/02/21,12050
2013/02/22,11888
2013/02/25,12182
2013/02/26,12082
2013/02/27,12035
2013/02/28,11581
2013/03/01,11500
2013/03/04,11300
2013/03/05,11520
2013/03/06,11675
2013/03/07,11499
2013/03/08,12050
2013/03/11,12035
2013/03/12,12020
2013/03/13,11680
2013/03/14,11630
2013/03/15,11600
2013/03/18,11680
2013/03/19,11575
2013/03/20,11725
2013/03/22,11789
2013/03/25,12070
2013/03/26,12017
2013/03/27,12037
2013/03/28,11699
2013/04/02,11830
2013/04/03,11654
2013/04/04,11582
2013/04/05,11353
2013/04/08,11650
2013/04/09,11550
2013/04/10,12250
2013/04/11,12255
2013/04/12,12400
2013/04/15,12204
2013/04/16,12125
2013/04/17,12284
2013/04/18,12200
2013/04/19,12646
2013/04/22,12285
2013/04/23,12308
2013/04/24,12450
2013/04/25,12600
2013/04/26,12625
2013/04/29,12713
2013/04/30,12898
2013/05/02,13389
2013/05/03,13540
2013/05/06,13490
2013/05/07,13200
2013/05/08,13200
2013/05/09,13200
2013/05/10,13050
2013/05/13,13019
2013/05/14,13215
2013/05/15,13330
2013/05/16,13200
2013/05/17,13050
2013/05/20,12650
2013/05/21,12800
2013/05/22,12850
2013/05/23,12998
2013/05/24,13401
2013/05/27,13450
2013/05/28,13775
2013/05/29,13387
2013/05/30,13475
2013/05/31,12812
2013/06/03,12930
2013/06/04,13150
2013/06/05,13030
2013/06/06,12481
2013/06/07,12350
2013/06/10,12440
2013/06/11,12010
2013/06/12,11720
2013/06/13,11950
2013/06/14,12338
2013/06/18,12603
2013/06/19,12847
2013/06/20,12300
2013/06/21,12198
2013/06/24,12300
2013/06/25,12350
2013/06/26,13000
2013/06/27,13077
2013/06/28,13470
2013/07/01,13770
2013/07/02,13870
2013/07/03,13314
2013/07/04,13319
2013/07/05,12900
2013/07/08,12730
2013/07/09,13110
2013/07/10,12940
2013/07/11,12999
2013/07/12,13078
2013/07/15,13026
2013/07/16,12691
2013/07/17,13000
2013/07/18,13138
2013/07/19,13018
2013/07/22,12650
2013/07/23,12497
2013/07/24,12605
2013/07/25,12549
2013/07/26,12499
2013/07/29,12468
2013/07/30,12500
2013/07/31,12870
2013/08/01,12999
2013/08/02,12950
2013/08/05,13045
2013/08/06,12829
2013/08/07,12712
2013/08/08,12734
2013/08/12,12902
2013/08/13,12900
2013/08/14,13145
2013/08/15,12810
2013/08/16,13001
2013/08/19,12700
2013/08/20,12544
2013/08/21,12669
2013/08/22,12500
2013/08/23,12546
2013/08/26,12645
2013/08/27,12441
2013/08/28,11998
2013/08/29,12345
2013/08/30,12522
2013/09/02,12745
2013/09/03,12680
2013/09/04,12565
2013/09/05,12598
2013/09/06,12600
2013/09/09,12840
2013/09/10,12950
2013/09/11,13172
2013/09/12,13685
2013/09/13,13599
2013/09/16,13385
2013/09/17,13650
2013/09/18,13378
2013/09/19,13800
2013/09/20,13800
2013/09/23,13950
2013/09/25,14132
2013/09/26,13990
2013/09/27,13850
2013/09/30,13905
2013/10/01,14200
2013/10/02,14280
2013/10/03,14280
2013/10/04,14270
2013/10/07,14400
2013/10/08,14205
2013/10/09,14125
2013/10/10,14300
2013/10/11,14400
2013/10/14,14280
2013/10/15,14450
2013/10/16,14800
2013/10/17,14702
2013/10/18,14850
2013/10/21,15180
2013/10/22,15208
2013/10/23,15369
2013/10/24,15450
2013/10/25,15262
2013/10/28,15650
2013/10/29,15660
2013/10/30,15749
2013/10/31,15817
2013/11/01,15701
2013/11/04,15649
2013/11/05,15625
2013/11/06,15460
2013/11/07,15001
2013/11/08,14926
2013/11/11,14720
2013/11/12,14989
2013/11/13,14950
2013/11/14,15205
2013/11/15,15300
2013/11/18,15500
2013/11/19,15440
2013/11/20,15410
2013/11/21,15490
2013/11/22,15600
2013/11/25,15597
2013/11/26,15834
2013/11/27,15600
2013/11/28,15750
2013/11/29,15500
2013/12/02,15350
2013/12/03,15250
2013/12/04,15301
2013/12/05,15548
2013/12/06,15525
2013/12/09,15701
2013/12/10,15305
2013/12/11,15549
2013/12/12,15352
2013/12/13,15160
2013/12/17,15630
2013/12/18,15577
2013/12/19,15700
2013/12/20,15800
2013/12/23,16040
2013/12/24,16035
2013/12/27,16130
2013/12/30,16066
2013/12/31,16374
2014/01/02,16300
2014/01/03,16113
2014/01/06,16024
2014/01/07,15979
2014/01/08,15768
2014/01/09,15700
2014/01/10,16107
2014/01/13,16585
2014/01/14,16350
2014/01/15,16300
2014/01/16,15850
2014/01/17,15080
2014/01/20,15162
2014/01/21,15133
2014/01/22,15500
2014/01/23,15198
2014/01/24,14915
2014/01/27,14525
2014/01/28,14484
2014/01/29,14000
2014/01/30,13627
2014/01/31,13722
2014/02/03,13700
2014/02/04,13330
2014/02/05,13300
2014/02/06,13650
2014/02/07,13845
2014/02/10,13890
2014/02/11,13998
2014/02/12,13999
2014/02/13,13808
2014/02/14,13773
2014/02/17,13850
2014/02/18,13894
2014/02/19,14000
2014/02/20,13825
2014/02/21,14088
2014/02/24,14266
2014/02/25,14305
2014/02/26,14299
2014/02/27,14460
2014/02/28,14938
2014/03/03,15046
2014/03/04,15231
2014/03/05,15149
2014/03/06,15200
2014/03/07,15229
2014/03/10,15160
2014/03/11,15200
2014/03/12,15219
2014/03/13,15084
2014/03/14,15188
2014/03/17,15450
2014/03/18,15262
2014/03/19,14827
2014/03/20,14474
2014/03/24,14783
2014/03/25,15030
2014/03/26,15230
2014/03/27,15245
2014/03/28,15601
2014/03/31,15741
2014/04/01,16031
2014/04/02,15328
2014/04/03,15493
2014/04/04,15450
2014/04/07,15436
2014/04/08,15507
2014/04/09,15350
2014/04/10,15656
2014/04/11,15402
2014/04/14,15729
2014/04/15,15301
2014/04/16,15615
2014/04/17,15518
2014/04/22,15505
2014/04/23,15751
2014/04/24,16042
2014/04/25,16010
2014/04/29,16005
2014/04/30,15830
2014/05/02,16000
2014/05/05,15912
2014/05/06,15752
2014/05/08,16515
2014/05/09,16425
2014/05/12,16425
2014/05/13,16755
2014/05/14,16825
2014/05/15,16681
2014/05/16,16991
2014/05/19,16729
2014/05/20,16690
2014/05/21,16398
2014/05/22,16661
2014/05/23,16675
2014/05/26,16851
2014/05/27,16699
2014/05/28,16425
2014/05/29,16595
2014/05/30,17043
2014/06/02,16920
2014/06/03,17057
2014/06/04,17360
2014/06/05,17660
2014/06/06,17823
2014/06/09,17899
2014/06/10,18064
2014/06/11,18111
2014/06/12,18050
2014/06/13,17650
2014/06/17,17786
2014/06/18,17300
2014/06/19,17460
2014/06/20,17817
2014/06/23,17851
2014/06/24,18000
2014/06/25,17800
2014/06/26,17800
2014/06/27,17801
2014/06/30,18081
2014/07/01,18340
2014/07/02,18326
2014/07/03,18080
2014/07/04,18182
2014/07/07,18267
2014/07/08,18640
2014/07/09,18700
2014/07/10,18725
2014/07/11,19031
2014/07/14,19275
2014/07/15,19350
2014/07/16,19801
2014/07/17,19861
2014/07/18,19760
2014/07/21,19700
2014/07/22,20250
2014/07/23,20188
2014/07/24,20263
2014/07/25,19978
2014/07/28,20315
2014/07/29,20600
2014/07/30,20173
2014/07/31,20300
2014/08/01,20300
2014/08/04,20600
2014/08/05,20500
2014/08/06,19900
2014/08/07,19913
2014/08/08,19805
2014/08/11,19800
2014/08/12,19800
2014/08/13,19803
2014/08/14,19600
2014/08/15,19600
2014/08/18,19605
2014/08/19,19605
2014/08/20,19478
2014/08/21,19950
2014/08/22,20218
2014/08/25,20350
2014/08/26,20686
2014/08/27,20662
2014/08/28,20399
2014/08/29,20470
2014/09/01,20721
2014/09/02,20532
2014/09/03,20888
2014/09/04,21090
2014/09/05,20814
2014/09/08,21100
2014/09/09,20780
2014/09/10,21017
2014/09/11,21378
2014/09/12,21074
2014/09/15,21350
2014/09/16,21463
2014/09/17,21674
2014/09/18,21900
2014/09/19,21116
2014/09/22,20899
2014/09/23,20669
2014/09/25,20520
2014/09/26,20675
2014/09/29,21047
2014/09/30,21233
2014/10/01,20920
2014/10/02,20650
2014/10/03,20600
2014/10/06,20480
2014/10/07,20517
2014/10/08,20430
2014/10/09,20600
2014/10/10,20136
2014/10/13,20236
2014/10/14,20477
2014/10/15,19590
2014/10/16,19423
2014/10/17,20394
2014/10/20,20200
2014/10/21,21390
2014/10/22,20875
2014/10/23,21708
2014/10/24,21409
2014/10/27,21550
2014/10/28,22085
2014/10/29,22155
2014/10/30,22200
2014/10/31,22815
2014/11/03,22900
2014/11/04,23105
2014/11/05,23000
2014/11/06,22399
2014/11/07,22710
2014/11/10,23048
2014/11/11,23500
2014/11/12,23930
2014/11/13,23710
2014/11/14,24450
2014/11/17,24400
2014/11/18,23600
2014/11/19,23884
2014/11/20,23538
2014/11/21,24655
2014/11/24,24300
2014/11/25,24151
2014/11/26,23458
2014/11/27,23768
2014/11/28,23618
2014/12/01,22800
2014/12/02,23181
2014/12/03,23275
2014/12/04,22835
2014/12/05,22600
2014/12/08,21678
2014/12/09,21688
2014/12/10,21670
2014/12/11,21669
2014/12/12,21612
2014/12/15,21650
2014/12/17,22000
2014/12/18,23427
2014/12/19,23300
2014/12/22,23099
2014/12/23,22881
2014/12/24,22839
2014/12/29,23658
2014/12/30,23352
2014/12/31,23500
2015/01/02,23209
2015/01/05,22200
2015/01/06,22671
2015/01/07,22996
2015/01/08,23591
2015/01/09,23450
2015/01/12,23554
2015/01/13,24610
2015/01/14,24106
2015/01/15,24660
2015/01/16,24000
2015/01/19,24140
2015/01/20,24129
2015/01/21,24908
2015/01/22,25716
2015/01/23,25739
2015/01/26,25997
2015/01/27,25845
2015/01/28,26758
2015/01/29,26622
2015/01/30,26500
2015/02/02,25751
2015/02/03,26059
2015/02/04,25562
2015/02/05,25633
2015/02/06,25670
2015/02/09,25892
2015/02/10,25857
2015/02/11,25343
2015/02/12,26191
2015/02/13,26300
2015/02/16,26400
2015/02/17,25615
2015/02/18,25206
2015/02/19,26194
2015/02/20,26300
2015/02/23,26500
2015/02/24,26285
2015/02/25,26620
2015/02/26,26643
2015/02/27,26975
2015/03/02,26655
2015/03/03,26702
2015/03/04,26150
2015/03/05,26694
2015/03/06,26807
2015/03/09,25700
2015/03/10,25315
2015/03/11,25775
2015/03/12,26012
2015/03/13,25115
2015/03/16,25400
2015/03/17,25400
2015/03/18,25663
2015/03/19,25350
2015/03/20,24823
2015/03/23,24931
2015/03/24,25131
2015/03/25,25465
2015/03/26,24450
2015/03/27,25196
2015/03/30,25950
2015/03/31,26001
2015/04/01,26554
2015/04/02,27000
2015/04/07,27125
2015/04/08,27650
2015/04/09,27710
2015/04/10,28250
2015/04/13,27680
2015/04/14,27958
2015/04/15,27950
2015/04/16,27000
2015/04/17,26447
2015/04/20,26450
2015/04/21,26349
2015/04/22,26275
2015/04/23,26245
2015/04/24,25759
2015/04/28,25520
2015/04/29,25300
2015/04/30,25434
2015/05/04,24810
2015/05/05,25081
2015/05/06,24777
2015/05/07,24451
2015/05/08,24601
2015/05/11,24613
2015/05/12,24400
2015/05/13,24500
2015/05/14,24215
2015/05/15,24661
2015/05/18,24767
2015/05/19,24960
2015/05/20,24674
2015/05/21,24501
2015/05/22,24725
2015/05/25,24801
2015/05/26,24600
2015/05/27,24650
2015/05/28,24781
2015/05/29,24152
2015/06/01,23000
2015/06/02,23549
2015/06/03,23100
2015/06/04,24165
2015/06/05,23837
2015/06/08,23915
2015/06/09,23474
2015/06/10,23909
2015/06/11,24450
2015/06/12,23627
2015/06/15,23786
2015/06/17,24075
2015/06/18,24501
2015/06/19,24137
2015/06/22,24240
2015/06/23,24550
2015/06/24,24782
2015/06/25,25586
2015/06/26,24963
2015/06/29,24623
2015/06/30,25050
2015/07/01,24798
2015/07/02,25371
2015/07/03,24891
2015/07/06,24474
2015/07/07,23705
2015/07/08,23833
2015/07/09,24408
2015/07/10,24800
2015/07/13,24975
2015/07/14,24597
2015/07/15,25100
2015/07/16,25734
2015/07/17,25450
2015/07/20,25733
2015/07/21,26070
2015/07/22,25477
2015/07/23,25363
2015/07/24,24855
2015/07/27,25175
2015/07/28,24706
2015/07/29,25229
2015/07/30,24816
2015/07/31,25220
2015/08/03,25416
2015/08/04,26184
2015/08/05,25422
2015/08/06,25173
2015/08/07,24897
2015/08/11,25000
2015/08/12,24023
2015/08/13,24535
2015/08/14,23873
2015/08/17,23239
2015/08/18,23826
2015/08/19,23668
2015/08/20,23018
2015/08/21,22830
2015/08/24,22580
2015/08/25,23536
2015/08/26,23683
2015/08/27,23099
2015/08/28,23438
2015/08/31,23864
2015/09/01,20701
2015/09/02,21234
2015/09/03,21450
2015/09/04,20950
2015/09/07,20299
2015/09/08,20213
2015/09/09,20300
2015/09/10,20626
2015/09/11,19849
2015/09/14,20450
2015/09/15,20000
2015/09/16,20000
2015/09/17,20371
2015/09/18,20530
2015/09/21,20190
2015/09/22,19999
2015/09/23,20205
2015/09/25,19961
2015/09/28,19488
2015/09/29,19349
2015/09/30,19300
2015/10/01,19500
2015/10/02,19532
2015/10/05,20399
2015/10/06,20500
2015/10/07,20505
2015/10/08,20800
2015/10/09,20450
2015/10/12,20570
2015/10/13,20451
2015/10/14,20439
2015/10/15,20988
2015/10/16,20676
2015/10/19,20634
2015/10/20,20442
2015/10/21,20320
2015/10/22,20546
2015/10/23,20894
2015/10/26,21345
2015/10/27,21250
2015/10/28,21560
2015/10/29,21567
2015/10/30,21250
2015/11/02,21300
2015/11/03,21400
2015/11/04,21686
2015/11/05,22485
2015/11/06,22000
2015/11/09,21800
2015/11/10,21300
2015/11/11,21093
2015/11/12,20600
2015/11/13,21900
2015/11/16,21380
2015/11/17,21401
2015/11/18,20219
2015/11/19,18400
2015/11/20,20001
2015/11/23,20448
2015/11/24,20390
2015/11/25,20255
2015/11/26,20400
2015/11/27,20300
2015/11/30,20101
2015/12/01,20000
2015/12/02,19850
2015/12/03,19650
2015/12/04,19550
2015/12/07,19014
2015/12/08,19054
2015/12/09,19200
2015/12/10,17800
2015/12/11,17500
2015/12/14,18691
2015/12/15,19200
2015/12/17,19849
2015/12/18,19554
2015/12/21,19600
2015/12/22,19800
2015/12/23,19870
2015/12/24,20342
2015/12/28,20400
2015/12/29,20450
2015/12/30,19957
2015/12/31,20000
2016/01/04,19700
2016/01/05,19971
2016/01/06,19600
2016/01/07,19041
2016/01/08,19260
2016/01/11,18791
2016/01/12,19395
2016/01/13,19300
2016/01/14,19100
2016/01/15,15696
2016/01/18,15855
2016/01/19,15359
2016/01/20,14800
2016/01/21,14790
2016/01/22,15000
2016/01/25,14630
2016/01/26,14525
2016/01/27,14856
2016/01/28,15458
2016/01/29,16322
2016/02/01,15800
2016/02/02,14968
2016/02/03,14695
2016/02/04,15349
2016/02/05,15152
2016/02/08,15146
2016/02/09,14748
2016/02/10,15382
2016/02/11,15000
2016/02/12,15450
2016/02/15,16165
2016/02/16,15976
2016/02/17,16425
2016/02/18,16280
2016/02/19,15983
2016/02/22,16300
2016/02/23,16005
2016/02/24,15500
2016/02/25,16168
2016/02/26,16500
2016/02/29,16485
2016/03/01,17033
2016/03/02,17285
2016/03/03,17200
2016/03/04,17250
2016/03/07,18100
2016/03/08,18000
2016/03/09,17650
2016/03/10,17458
2016/03/11,16906
2016/03/14,17326
2016/03/15,17100
2016/03/16,16719
2016/03/17,17200
2016/03/18,18358
2016/03/22,18000
2016/03/23,17700
2016/03/24,17450
2016/03/29,17076
2016/03/30,17700
2016/03/31,17743
2016/04/01,17769
2016/04/04,18027
2016/04/05,17800
2016/04/06,16900
2016/04/07,16705
2016/04/08,17122
2016/04/11,17233
2016/04/12,17894
2016/04/13,18900
2016/04/14,18729
2016/04/15,18752
2016/04/18,18750
2016/04/19,19455
2016/04/20,19735
2016/04/21,18700
2016/04/22,18016
2016/04/25,18255
2016/04/26,18269
2016/04/28,17687
2016/04/29,18083
2016/05/03,17400
2016/05/04,17592
2016/05/05,17425
2016/05/06,17405
2016/05/09,17499
2016/05/10,17519
2016/05/11,17910
2016/05/12,17500
2016/05/13,17400
2016/05/16,16822
2016/05/17,16716
2016/05/18,16908
2016/05/19,17000
2016/05/20,17200
2016/05/23,18382
2016/05/24,18218
2016/05/25,18300
2016/05/26,18492
2016/05/27,18404
2016/05/30,18300
2016/05/31,18450
2016/06/01,19910
2016/06/02,20010
2016/06/03,20900
2016/06/06,20385
2016/06/07,21200
2016/06/08,20874
2016/06/09,20500
2016/06/10,20530
2016/06/13,19983
2016/06/14,19400
2016/06/15,19740
2016/06/17,19912
2016/06/20,20098
2016/06/21,20144
2016/06/22,21022
2016/06/23,21050
2016/06/24,20230
2016/06/27,19201
2016/06/28,19923
2016/06/29,20393
2016/06/30,20625
2016/07/01,21271
2016/07/04,20828
2016/07/05,20200
2016/07/06,20559
2016/07/07,21010
2016/07/08,21000
2016/07/11,20900
2016/07/12,21040
2016/07/13,20900
2016/07/14,21341
2016/07/15,21679
2016/07/18,21744
2016/07/19,21662
2016/07/20,21998
2016/07/21,22000
2016/07/22,21934
2016/07/25,22259
2016/07/26,22493
2016/07/27,22550
2016/07/28,22599
2016/07/29,22890
2016/08/01,22755
2016/08/02,21958
2016/08/04,22701
2016/08/05,22850
2016/08/08,23276
2016/08/10,23860
2016/08/11,23933
2016/08/12,23973
2016/08/15,23825
2016/08/16,23410
2016/08/17,23075
2016/08/18,22905
2016/08/19,22469
2016/08/22,22500
2016/08/23,22842
2016/08/24,22000
2016/08/25,21627
2016/08/26,22000
2016/08/29,21900
2016/08/30,21950
2016/08/31,18447
2016/09/01,16850
2016/09/02,16695
2016/09/05,16301
2016/09/06,16650
2016/09/07,16294
2016/09/08,15856
2016/09/09,15915
2016/09/12,15701
2016/09/13,15930
2016/09/14,15032
2016/09/15,14623
2016/09/16,14700
2016/09/19,14812
2016/09/20,15022
2016/09/21,15118
2016/09/22,15370
2016/09/23,15540
2016/09/26,15385
2016/09/27,15178
2016/09/28,15340
2016/09/29,15457
2016/09/30,15175
2016/10/03,15351
2016/10/04,15848
2016/10/05,15765
2016/10/06,15400
2016/10/07,15332
2016/10/10,15621
2016/10/11,15300
2016/10/12,15203
2016/10/13,15100
2016/10/14,15150
2016/10/17,15258
2016/10/18,15757
2016/10/19,16030
2016/10/20,15899
2016/10/21,15700
2016/10/24,15780
2016/10/25,15375
2016/10/26,15522
2016/10/27,15101
2016/10/28,15134
2016/10/31,15372
2016/11/01,15099
2016/11/02,14780
2016/11/03,14701
2016/11/04,14600
2016/11/07,14750
2016/11/08,14964
2016/11/09,14620
2016/11/10,14400
2016/11/11,13370
2016/11/14,13000
2016/11/15,13400
2016/11/16,14189
2016/11/17,14137
2016/11/18,13915
2016/11/21,13800
2016/11/22,14250
2016/11/23,14400
2016/11/24,14498
2016/11/25,14811
2016/11/28,14951
2016/11/29,14482
2016/11/30,14505
2016/12/01,14632
2016/12/02,14810
2016/12/05,15450
2016/12/06,15000
2016/12/07,15000
2016/12/08,15957
2016/12/09,15614
2016/12/12,15591
2016/12/13,15690
2016/12/14,15510
2016/12/15,15015
2016/12/19,15505
2016/12/20,15745
2016/12/21,15537
2016/12/22,15339
2016/12/23,15220
2016/12/28,15725
2016/12/29,15956
2016/12/30,15955
2017/01/03,15950
2017/01/04,15800
2017/01/05,15377
2017/01/06,15357
2017/01/09,15300
2017/01/10,15205
2017/01/11,15185
2017/01/12,15290
2017/01/13,15935
2017/01/16,16385
2017/01/17,15600
2017/01/18,15350
2017/01/19,15300
2017/01/20,15250
2017/01/23,15400
2017/01/24,15501
2017/01/25,16205
2017/01/26,16656
2017/01/27,16501
2017/01/30,16210
2017/01/31,16266
2017/02/01,15965
2017/02/02,15710
2017/02/03,15747
2017/02/06,15508
2017/02/07,15757
2017/02/08,15667
2017/02/09,16253
2017/02/10,16781
2017/02/13,16650
2017/02/14,16650
2017/02/15,17130
2017/02/16,17280
2017/02/17,17300
2017/02/20,17216
2017/02/21,16790
2017/02/22,16723
2017/02/23,17080
2017/02/24,17066
2017/02/27,17027
2017/02/28,17000
2017/03/01,16920
2017/03/02,16773
2017/03/03,17016
2017/03/06,17058
2017/03/07,16955
2017/03/08,16836
2017/03/09,16917
2017/03/10,17135
2017/03/13,17330
2017/03/14,17233
2017/03/15,17111
2017/03/16,17605
2017/03/17,17457
2017/03/20,17700
2017/03/22,17613
2017/03/23,17680
2017/03/24,17600
2017/03/27,17200
2017/03/28,16711
2017/03/29,16810
2017/03/30,16887
2017/03/31,15990
2017/04/03,15646
2017/04/04,15411
2017/04/05,15160
2017/04/06,14841
2017/04/07,14871
2017/04/10,14541
2017/04/11,14800
2017/04/12,15340
2017/04/13,15799
2017/04/18,15457
2017/04/19,15250
2017/04/20,15424
2017/04/21,15275
2017/04/24,15920
2017/04/25,16035
2017/04/26,15706
2017/04/28,15710
2017/05/02,15632
2017/05/03,15025
2017/05/04,14994
2017/05/05,14700
2017/05/08,14950
2017/05/09,14850
2017/05/10,14938
2017/05/11,14811
2017/05/12,14675
2017/05/15,14600
2017/05/16,14798
2017/05/17,14450
2017/05/18,14395
2017/05/19,14693
2017/05/22,14975
2017/05/23,14900
2017/05/24,14990
2017/05/25,14627
2017/05/26,14750
2017/05/29,14619
2017/05/30,15239
2017/05/31,15000
2017/06/01,14951
2017/06/02,15700
2017/06/05,16444
2017/06/06,15942
2017/06/07,16305
2017/06/08,16126
2017/06/09,16310
2017/06/12,16400
2017/06/13,16164
2017/06/14,16300
2017/06/15,15788
2017/06/19,16000
2017/06/20,15760
2017/06/21,15500
2017/06/22,15527
2017/06/23,15483
2017/06/26,15479
2017/06/27,15484
2017/06/28,15233
2017/06/29,15500
2017/06/30,15600
2017/07/03,15550
2017/07/04,15651
2017/07/05,15491
2017/07/06,15575
2017/07/07,15461
2017/07/10,15648
2017/07/11,15500
2017/07/12,15822
2017/07/13,16134
2017/07/14,16800
2017/07/17,16895
2017/07/18,16653
2017/07/19,17000
2017/07/20,17560
2017/07/21,17700
2017/07/24,17950
2017/07/25,17439
2017/07/26,17480
2017/07/27,17425
2017/07/28,17650
2017/07/31,17313
2017/08/01,17400
2017/08/02,17337
2017/08/03,17427
2017/08/04,17299
2017/08/07,17485
2017/08/08,17600
2017/08/10,17352
2017/08/11,17576
2017/08/14,17685
2017/08/15,17543
2017/08/16,17525
2017/08/17,17620
2017/08/18,17639
2017/08/21,17800
2017/08/22,18300
2017/08/23,18400
2017/08/24,18800
2017/08/25,18700
2017/08/28,18550
2017/08/29,18519
2017/08/30,18226
2017/08/31,18125
2017/09/01,18750
2017/09/04,18505
2017/09/05,18260
2017/09/06,17964
2017/09/07,18070
2017/09/08,18050
2017/09/11,18115
2017/09/12,18409
2017/09/13,18550
2017/09/14,18475
2017/09/15,18459
2017/09/18,18521
2017/09/19,18435
2017/09/20,18650
2017/09/21,18051
2017/09/22,18019
2017/09/26,17840
2017/09/27,17560
2017/09/28,17507
2017/09/29,18004
2017/10/02,17567
2017/10/03,17637
2017/10/04,17700
2017/10/05,17620
2017/10/06,17620
2017/10/09,17867
2017/10/10,18450
2017/10/11,18569
2017/10/12,18550
2017/10/13,18520
2017/10/16,18557
2017/10/17,18494
2017/10/18,18561
2017/10/19,18160
2017/10/20,17691
2017/10/23,17738
2017/10/24,17580
2017/10/25,17548
2017/10/26,17059
2017/10/27,17472
2017/10/30,17606
2017/10/31,17525
2017/11/01,17820
2017/11/02,17701
2017/11/03,17726
2017/11/06,17701
2017/11/07,19225
2017/11/08,19441
2017/11/09,19217
2017/11/10,19259
2017/11/13,18951
2017/11/14,19020
2017/11/15,18970
2017/11/16,19250
2017/11/17,19482
2017/11/20,20199
2017/11/21,20144
2017/11/22,20800
2017/11/23,20887
2017/11/24,20537
2017/11/27,20620
2017/11/28,21495
2017/11/29,21296
2017/11/30,20801
2017/12/01,21400
2017/12/04,21370
2017/12/05,21825
2017/12/06,22000
2017/12/07,21479
2017/12/08,21150
2017/12/11,21047
2017/12/12,20652
2017/12/13,20653
2017/12/14,21962
2017/12/15,22374
2017/12/18,22750
2017/12/19,25018
2017/12/20,24472
2017/12/21,23987
2017/12/22,24177
2017/12/27,23950
2017/12/28,24400
2017/12/29,24487
2018/01/02,23760
2018/01/03,22991
2018/01/04,23342
2018/01/05,24081
2018/01/08,24477
2018/01/09,24750
2018/01/10,24330
2018/01/11,23967
2018/01/12,24319
2018/01/15,24200
2018/01/16,25025
2018/01/17,25363
2018/01/18,25820
2018/01/19,25224
2018/01/22,25795
2018/01/23,27000
2018/01/24,27723
2018/01/25,28100
2018/01/26,28475
2018/01/29,28093
2018/01/30,28000
2018/01/31,28600
2018/02/01,28200
2018/02/02,27094
2018/02/05,26829
2018/02/06,26075
2018/02/07,26946
2018/02/08,26900
2018/02/09,26743
2018/02/12,27299
2018/02/13,27500
2018/02/14,28130
2018/02/15,29179
2018/02/16,28292
2018/02/19,28524
2018/02/20,27300
2018/02/21,27505
2018/02/22,28074
2018/02/23,28745
2018/02/26,29130
2018/02/27,29031
2018/02/28,28278
2018/03/01,27800
2018/03/02,27712
2018/03/05,28389
2018/03/06,28900
2018/03/07,29307
2018/03/08,28750
2018/03/09,28500
2018/03/12,28184
2018/03/13,27991
2018/03/14,27555
2018/03/15,27443
2018/03/16,28250
2018/03/19,27850
2018/03/20,29011
2018/03/22,28600
2018/03/23,29038
2018/03/26,29117
2018/03/27,28935
2018/03/28,28714
2018/03/29,28500
2018/04/03,28504
2018/04/04,27387
2018/04/05,28250
2018/04/06,27653
2018/04/09,27675
2018/04/10,27600
2018/04/11,27200
2018/04/12,26886
2018/04/13,27175
2018/04/16,27100
2018/04/17,27633
2018/04/18,27747
2018/04/19,27750
2018/04/20,28000
2018/04/23,27357
2018/04/24,26875
2018/04/25,26208
2018/04/26,27200
2018/04/30,27399
2018/05/02,27700
2018/05/03,26702
2018/05/04,26833
2018/05/07,27253
2018/05/08,25800
2018/05/09,26310
2018/05/10,25601
2018/05/11,26521
2018/05/14,26100
2018/05/15,25250
2018/05/16,25561
2018/05/17,25449
2018/05/18,24846
2018/05/21,25400
2018/05/22,26091
2018/05/23,25700
2018/05/24,25057
2018/05/25,26050
2018/05/28,25878
2018/05/29,25450
2018/05/30,24950
2018/05/31,25100
2018/06/01,25565
2018/06/04,25495
2018/06/05,25043
2018/06/06,25117
2018/06/07,24833
2018/06/08,24250
2018/06/11,24350
2018/06/12,24194
2018/06/13,23733
2018/06/14,24500
2018/06/15,24280
2018/06/18,23052
2018/06/19,22850
2018/06/20,22578
2018/06/21,22750
2018/06/22,23273
2018/06/25,22864
2018/06/26,22300
2018/06/27,21950
2018/06/28,21621
2018/06/29,22626
2018/07/02,22834
2018/07/03,22880
2018/07/04,22806
2018/07/05,22633
2018/07/06,22562
2018/07/09,22800
2018/07/10,22219
2018/07/11,21733
2018/07/12,22033
2018/07/13,21758
2018/07/16,21470
2018/07/17,22047
2018/07/18,22150
2018/07/19,22020
2018/07/20,22508
2018/07/23,22440
2018/07/24,23149
2018/07/25,22662
2018/07/26,22789
2018/07/27,22768
2018/07/30,22846
2018/07/31,23514
2018/08/01,23300
2018/08/02,22871
2018/08/03,22910
2018/08/06,22486
2018/08/07,22688
2018/08/08,22585
2018/08/10,22109
2018/08/13,21804
2018/08/14,22275
2018/08/15,21808
2018/08/16,22219
2018/08/17,22098
2018/08/20,22023
2018/08/21,22900
2018/08/22,23475
2018/08/23,23727
2018/08/24,24117
2018/08/27,23975
2018/08/28,24350
2018/08/29,23976
2018/08/30,22912
2018/08/31,22534
2018/09/03,22421
2018/09/04,21500
2018/09/05,20865
2018/09/06,20910
2018/09/07,21180
2018/09/10,20850
2018/09/11,21000
2018/09/12,21098
2018/09/13,21483
2018/09/14,21453
2018/09/17,21050
2018/09/18,21494
2018/09/19,22323
2018/09/20,21910
2018/09/21,22816
2018/09/25,22770
2018/09/26,22645
2018/09/27,23499
2018/09/28,22826
2018/10/01,23050
2018/10/02,22336
2018/10/03,22346
2018/10/04,22150
2018/10/05,21908
2018/10/08,21979
2018/10/09,22400
2018/10/10,22250
2018/10/11,22205
2018/10/12,23400
2018/10/15,23005
2018/10/16,23587
2018/10/17,23015
2018/10/18,22446
2018/10/19,22544
2018/10/22,22855
2018/10/23,22333
2018/10/24,22547
2018/10/25,22830
2018/10/26,22219
2018/10/29,23300
2018/10/30,22840
2018/10/31,23097
2018/11/01,23391
2018/11/02,23687
2018/11/05,24019
2018/11/06,23710
2018/11/07,24876
2018/11/08,24470
2018/11/09,24747
2018/11/12,23623
2018/11/13,23305
2018/11/14,23073
2018/11/15,23583
2018/11/16,23221
2018/11/19,23383
2018/11/20,22570
2018/11/21,23695
2018/11/22,25150
2018/11/23,24800
2018/11/26,25550
2018/11/27,25641
2018/11/28,25700
2018/11/29,25169
2018/11/30,24101
2018/12/03,24864
2018/12/04,25600
2018/12/05,25704
2018/12/06,25584
2018/12/07,24831
2018/12/10,23667
2018/12/11,24074
2018/12/12,24100
2018/12/13,23942
2018/12/14,23083
2018/12/18,23086
2018/12/19,23700
2018/12/20,24289
2018/12/21,23593
2018/12/24,23900
2018/12/27,23718
2018/12/28,24390
2018/12/31,24615
2019/01/02,23620
2019/01/03,23869
2019/01/04,24400
2019/01/07,24550
2019/01/08,24406
2019/01/09,24755
2019/01/10,25146
2019/01/11,25333
2019/01/14,25602
2019/01/15,25502
2019/01/16,25914
2019/01/17,21590
2019/01/18,20897
2019/01/21,21105
2019/01/22,21213
2019/01/23,21063
2019/01/24,21050
2019/01/25,21500
2019/01/28,21202
2019/01/29,21744
2019/01/30,21750
2019/01/31,22300
2019/02/01,22327
2019/02/04,21150
2019/02/05,21681
2019/02/06,21346
2019/02/07,21038
2019/02/08,20579
2019/02/11,20650
2019/02/12,21032
2019/02/13,20692
2019/02/14,20600
2019/02/15,20822
2019/02/18,21159
2019/02/19,21053
2019/02/20,20983
2019/02/21,21139
2019/02/22,21800
2019/02/25,21953
2019/02/26,22266
2019/02/27,22200
2019/02/28,21589
2019/03/01,21851
2019/03/04,21759
2019/03/05,21017
2019/03/06,20700
2019/03/07,20600
2019/03/08,21000
2019/03/11,20888
2019/03/12,21265
2019/03/13,20196
2019/03/14,19270
2019/03/15,19344
2019/03/18,19500
2019/03/19,19500
2019/03/20,19200
2019/03/22,18103
2019/03/25,18168
2019/03/26,18078
2019/03/27,18050
2019/03/28,18106
2019/03/29,18952
2019/04/01,19629
2019/04/02,19304
2019/04/03,19554
2019/04/04,19176
2019/04/05,19607
2019/04/08,19101
2019/04/09,19630
2019/04/10,21086
2019/04/11,20800
2019/04/12,20765
2019/04/15,20410
2019/04/16,20750
2019/04/17,20896
2019/04/18,21596
2019/04/23,21584
2019/04/24,20994
2019/04/25,20970
2019/04/26,21165
2019/04/29,21199
2019/04/30,21663
2019/05/02,22035
2019/05/03,22182
2019/05/06,22316
2019/05/07,21700
2019/05/09,21059
2019/05/10,21447
2019/05/13,21173
2019/05/14,21100
2019/05/15,20531
2019/05/16,20475
2019/05/17,20273
2019/05/20,19902
2019/05/21,19210
2019/05/22,19162
2019/05/23,18981
2019/05/24,18779
2019/05/27,18295
2019/05/28,18074
2019/05/29,18197
2019/05/30,17762
2019/05/31,19715
2019/06/03,20400
2019/06/04,19910
2019/06/05,19700
2019/06/06,19647
2019/06/07,20283
2019/06/10,20787
2019/06/11,21238
2019/06/12,20650
2019/06/13,20209
2019/06/14,20233
2019/06/18,20600
2019/06/19,20232
2019/06/20,20733
2019/06/21,20813
2019/06/24,20551
2019/06/25,20029
2019/06/26,19936
2019/06/27,19617
2019/06/28,19851
2019/07/01,20000
2019/07/02,19716
2019/07/03,19555
2019/07/04,19688
2019/07/05,19511
2019/07/08,18977
2019/07/09,18871
2019/07/10,19312
2019/07/11,19700
2019/07/12,19825
2019/07/15,20066
2019/07/16,20501
2019/07/17,20415
2019/07/18,20289
2019/07/19,20259
2019/07/22,20044
2019/07/23,19960
2019/07/24,19480
2019/07/25,18590
2019/07/26,18270
2019/07/29,18227
2019/07/30,18010
2019/07/31,17666
2019/08/01,18219
2019/08/02,18190
2019/08/05,17800
2019/08/06,17914
2019/08/07,17473
2019/08/08,17235
2019/08/12,17200
2019/08/13,17191
2019/08/14,17300
2019/08/15,17600
2019/08/16,17168
2019/08/19,17343
2019/08/20,17280
2019/08/21,17551
2019/08/22,15146
2019/08/23,15512
2019/08/26,15725
2019/08/27,15953
2019/08/28,16268
2019/08/29,16660
2019/08/30,17169
2019/09/02,16802
2019/09/03,17021
2019/09/04,16850
2019/09/05,16915
2019/09/06,17057
2019/09/09,17415
2019/09/10,17400
2019/09/11,17050
2019/09/12,16890
2019/09/13,16800
2019/09/16,16800
2019/09/17,16199
2019/09/18,15780
2019/09/19,15905
2019/09/20,16100
2019/09/23,15932
2019/09/25,15628
2019/09/26,16200
2019/09/27,16099
2019/09/30,15825
2019/10/01,16033
2019/10/02,16130
2019/10/03,15901
2019/10/04,15900
2019/10/07,15897
2019/10/08,15821
2019/10/09,15469
2019/10/10,15674
2019/10/11,16089
2019/10/14,15698
2019/10/15,15839
2019/10/16,16100
2019/10/17,16086
2019/10/18,15885
2019/10/21,15797
2019/10/22,16938
2019/10/23,16450
2019/10/24,16236
2019/10/25,16232
2019/10/28,16470
2019/10/29,16297
2019/10/30,16025
2019/10/31,15980
2019/11/01,15850
2019/11/04,16088
2019/11/05,16274
2019/11/06,16520
2019/11/07,16391
2019/11/08,16134
2019/11/11,15674
2019/11/12,15707
2019/11/13,15824
2019/11/14,16008
2019/11/15,16113
2019/11/18,16198
2019/11/19,16420
2019/11/20,16496
2019/11/21,18351
2019/11/22,17974
2019/11/25,18074
2019/11/26,17786
2019/11/27,17514
2019/11/28,17375
2019/11/29,17500
2019/12/02,17304
2019/12/03,18308
2019/12/04,18305
2019/12/05,17960
2019/12/06,18150
2019/12/09,18176
2019/12/10,17800
2019/12/11,17654
2019/12/12,17833
2019/12/13,18344
2019/12/17,19299
2019/12/18,19021
2019/12/19,18952
2019/12/20,18654
2019/12/23,18666
2019/12/24,18437
2019/12/27,18584
2019/12/30,18625
2019/12/31,18250
2020/01/02,18480
2020/01/03,18250
2020/01/06,17888
2020/01/07,18023
2020/01/08,18151
2020/01/09,18411
2020/01/10,18407
2020/01/13,18450
2020/01/14,18793
2020/01/15,19014
2020/01/16,19240
2020/01/17,18873
2020/01/20,18575
2020/01/21,18552
2020/01/22,18450
2020/01/23,18123
2020/01/24,18262
2020/01/27,17769
2020/01/28,17585
2020/01/29,17646
2020/01/30,17566
2020/01/31,17012
2020/02/03,17078
2020/02/04,17028
2020/02/05,17373
2020/02/06,17477
2020/02/07,17449
2020/02/10,17173
2020/02/11,16983
2020/02/12,17200
2020/02/13,17163
2020/02/14,17357
2020/02/17,17417
2020/02/18,17184
2020/02/19,17139
2020/02/20,16585
2020/02/21,16697
2020/02/24,15969
2020/02/25,15900
2020/02/26,16861
2020/02/27,16170
2020/02/28,15097
2020/03/02,15228
2020/03/03,15614
2020/03/04,15560
2020/03/05,15413
2020/03/06,15106
2020/03/09,14409
2020/03/10,14728
2020/03/11,14971
2020/03/12,13901
2020/03/13,13940
2020/03/16,13049
2020/03/17,13150
2020/03/18,12016
2020/03/19,10374
2020/03/20,11080
2020/03/23,10375
2020/03/24,11815
2020/03/25,11689
2020/03/26,12800
2020/03/27,11848
2020/03/30,10979
2020/03/31,11408
2020/04/01,11092
2020/04/02,11271
2020/04/03,11207
2020/04/06,11792
2020/04/07,12398
2020/04/08,12193
2020/04/09,13662
2020/04/14,13839
2020/04/15,13074
2020/04/16,13013
2020/04/17,13100
2020/04/20,12673
2020/04/21,12563
2020/04/22,12760
2020/04/23,12818
2020/04/24,13069
2020/04/28,13514
2020/04/29,13301
2020/04/30,13200
2020/05/04,13130
2020/05/05,13000
2020/05/06,13030
2020/05/07,12905
2020/05/08,13353
2020/05/11,13129
2020/05/12,12966
2020/05/13,12200
2020/05/14,11763
2020/05/15,11916
2020/05/18,12200
2020/05/19,12341
2020/05/20,11900
2020/05/21,12748
2020/05/22,12285
2020/05/25,12184
2020/05/26,12939
2020/05/27,12954
2020/05/28,13091
2020/05/29,13000
2020/06/01,12838
2020/06/02,13404
2020/06/03,14200
2020/06/04,14290
2020/06/05,14979
2020/06/08,14558
2020/06/09,14810
2020/06/10,14456
2020/06/11,14278
2020/06/12,14390
2020/06/15,13773
2020/06/17,14210
2020/06/18,14200
2020/06/19,14532
2020/06/22,14161
2020/06/23,14230
2020/06/24,14572
2020/06/25,14534
2020/06/26,14289
2020/06/29,14485
2020/06/30,14300
2020/07/01,14352
2020/07/02,14151
2020/07/03,14300
2020/07/06,13927
2020/07/07,14059
2020/07/08,13880
2020/07/09,13815
2020/07/10,13627
2020/07/13,13600
2020/07/14,13324
2020/07/15,13359
2020/07/16,13160
2020/07/17,12821
2020/07/20,13068
2020/07/21,13079
2020/07/22,13150
2020/07/23,12923
2020/07/24,12629
2020/07/27,12735
2020/07/28,12920
2020/07/29,12780
2020/07/30,12400
2020/07/31,12669
